site,latitude,longitude,date,parameter,value
Alphington,-37.7784080505371,145.03059387207,2020-01-01,PM10,18.41
Alphington,-37.7784080505371,145.03059387207,2020-01-01,Visibility Reduction,0.48
Alphington,-37.7784080505371,145.03059387207,2020-01-02,PM10,16.2
Alphington,-37.7784080505371,145.03059387207,2020-01-02,Visibility Reduction,0.49
Alphington,-37.7784080505371,145.03059387207,2020-01-03,PM10,51.02
Alphington,-37.7784080505371,145.03059387207,2020-01-03,Visibility Reduction,3.31
Alphington,-37.7784080505371,145.03059387207,2020-01-04,PM10,45.29
Alphington,-37.7784080505371,145.03059387207,2020-01-04,Visibility Reduction,2.01
Alphington,-37.7784080505371,145.03059387207,2020-01-05,PM10,14.77
Alphington,-37.7784080505371,145.03059387207,2020-01-05,Visibility Reduction,0.44
Alphington,-37.7784080505371,145.03059387207,2020-01-06,PM10,72.03
Alphington,-37.7784080505371,145.03059387207,2020-01-06,Visibility Reduction,7.06
Alphington,-37.7784080505371,145.03059387207,2020-01-07,PM10,21.06
Alphington,-37.7784080505371,145.03059387207,2020-01-07,Visibility Reduction,1.9
Alphington,-37.7784080505371,145.03059387207,2020-01-08,PM10,20.67
Alphington,-37.7784080505371,145.03059387207,2020-01-08,Visibility Reduction,1.3
Alphington,-37.7784080505371,145.03059387207,2020-01-09,PM10,33.55
Alphington,-37.7784080505371,145.03059387207,2020-01-09,Visibility Reduction,2.14
Alphington,-37.7784080505371,145.03059387207,2020-01-10,PM10,39.82
Alphington,-37.7784080505371,145.03059387207,2020-01-10,Visibility Reduction,1.57
Alphington,-37.7784080505371,145.03059387207,2020-01-11,PM10,16.19
Alphington,-37.7784080505371,145.03059387207,2020-01-11,Visibility Reduction,0.47
Alphington,-37.7784080505371,145.03059387207,2020-01-12,PM10,8.18
Alphington,-37.7784080505371,145.03059387207,2020-01-12,Visibility Reduction,0.33
Alphington,-37.7784080505371,145.03059387207,2020-01-13,PM10,75.53
Alphington,-37.7784080505371,145.03059387207,2020-01-13,Visibility Reduction,5.14
Alphington,-37.7784080505371,145.03059387207,2020-01-14,PM10,241.5
Alphington,-37.7784080505371,145.03059387207,2020-01-14,Visibility Reduction,19.42
Alphington,-37.7784080505371,145.03059387207,2020-01-15,PM10,102.35
Alphington,-37.7784080505371,145.03059387207,2020-01-15,Visibility Reduction,6.2
Alphington,-37.7784080505371,145.03059387207,2020-01-16,PM10,35.37
Alphington,-37.7784080505371,145.03059387207,2020-01-16,Visibility Reduction,2.08
Alphington,-37.7784080505371,145.03059387207,2020-01-17,PM10,17.48
Alphington,-37.7784080505371,145.03059387207,2020-01-17,Visibility Reduction,0.54
Alphington,-37.7784080505371,145.03059387207,2020-01-18,PM10,24.73
Alphington,-37.7784080505371,145.03059387207,2020-01-18,Visibility Reduction,1.17
Alphington,-37.7784080505371,145.03059387207,2020-01-19,PM10,27.82
Alphington,-37.7784080505371,145.03059387207,2020-01-19,Visibility Reduction,1.45
Alphington,-37.7784080505371,145.03059387207,2020-01-20,PM10,11.0
Alphington,-37.7784080505371,145.03059387207,2020-01-20,Visibility Reduction,0.62
Alphington,-37.7784080505371,145.03059387207,2020-01-21,PM10,20.22
Alphington,-37.7784080505371,145.03059387207,2020-01-21,Visibility Reduction,0.52
Alphington,-37.7784080505371,145.03059387207,2020-01-22,PM10,28.9
Alphington,-37.7784080505371,145.03059387207,2020-01-22,Visibility Reduction,0.51
Alphington,-37.7784080505371,145.03059387207,2020-01-23,PM10,10.94
Alphington,-37.7784080505371,145.03059387207,2020-01-23,Visibility Reduction,0.35
Alphington,-37.7784080505371,145.03059387207,2020-01-24,PM10,17.93
Alphington,-37.7784080505371,145.03059387207,2020-01-24,Visibility Reduction,0.41
Alphington,-37.7784080505371,145.03059387207,2020-01-25,PM10,14.45
Alphington,-37.7784080505371,145.03059387207,2020-01-25,Visibility Reduction,0.4
Alphington,-37.7784080505371,145.03059387207,2020-01-26,PM10,13.51
Alphington,-37.7784080505371,145.03059387207,2020-01-26,Visibility Reduction,0.5
Alphington,-37.7784080505371,145.03059387207,2020-01-27,PM10,15.0
Alphington,-37.7784080505371,145.03059387207,2020-01-27,Visibility Reduction,0.45
Alphington,-37.7784080505371,145.03059387207,2020-01-28,PM10,19.97
Alphington,-37.7784080505371,145.03059387207,2020-01-28,Visibility Reduction,0.52
Alphington,-37.7784080505371,145.03059387207,2020-01-29,PM10,20.07
Alphington,-37.7784080505371,145.03059387207,2020-01-29,Visibility Reduction,0.51
Alphington,-37.7784080505371,145.03059387207,2020-01-30,PM10,25.82
Alphington,-37.7784080505371,145.03059387207,2020-01-30,Visibility Reduction,0.53
Alphington,-37.7784080505371,145.03059387207,2020-01-31,PM10,57.32
Alphington,-37.7784080505371,145.03059387207,2020-01-31,Visibility Reduction,0.76
Alphington,-37.7784080505371,145.03059387207,2020-02-01,PM10,15.05
Alphington,-37.7784080505371,145.03059387207,2020-02-01,Visibility Reduction,0.4
Alphington,-37.7784080505371,145.03059387207,2020-02-02,PM10,10.08
Alphington,-37.7784080505371,145.03059387207,2020-02-02,Visibility Reduction,0.37
Alphington,-37.7784080505371,145.03059387207,2020-02-03,PM10,16.53
Alphington,-37.7784080505371,145.03059387207,2020-02-03,Visibility Reduction,0.36
Alphington,-37.7784080505371,145.03059387207,2020-02-04,PM10,19.15
Alphington,-37.7784080505371,145.03059387207,2020-02-04,Visibility Reduction,0.4
Alphington,-37.7784080505371,145.03059387207,2020-02-05,PM10,17.02
Alphington,-37.7784080505371,145.03059387207,2020-02-05,Visibility Reduction,0.43
Alphington,-37.7784080505371,145.03059387207,2020-02-06,PM10,40.02
Alphington,-37.7784080505371,145.03059387207,2020-02-06,Visibility Reduction,1.51
Alphington,-37.7784080505371,145.03059387207,2020-02-07,PM10,54.28
Alphington,-37.7784080505371,145.03059387207,2020-02-07,Visibility Reduction,3.03
Alphington,-37.7784080505371,145.03059387207,2020-02-08,PM10,28.9
Alphington,-37.7784080505371,145.03059387207,2020-02-08,Visibility Reduction,1.61
Alphington,-37.7784080505371,145.03059387207,2020-02-09,PM10,11.17
Alphington,-37.7784080505371,145.03059387207,2020-02-09,Visibility Reduction,0.49
Alphington,-37.7784080505371,145.03059387207,2020-02-10,PM10,6.23
Alphington,-37.7784080505371,145.03059387207,2020-02-10,Visibility Reduction,0.3
Alphington,-37.7784080505371,145.03059387207,2020-02-11,PM10,14.35
Alphington,-37.7784080505371,145.03059387207,2020-02-11,Visibility Reduction,0.72
Alphington,-37.7784080505371,145.03059387207,2020-02-12,PM10,12.96
Alphington,-37.7784080505371,145.03059387207,2020-02-12,Visibility Reduction,0.53
Alphington,-37.7784080505371,145.03059387207,2020-02-13,PM10,8.79
Alphington,-37.7784080505371,145.03059387207,2020-02-13,Visibility Reduction,0.32
Alphington,-37.7784080505371,145.03059387207,2020-02-14,PM10,15.6
Alphington,-37.7784080505371,145.03059387207,2020-02-14,Visibility Reduction,0.59
Alphington,-37.7784080505371,145.03059387207,2020-02-15,PM10,10.96
Alphington,-37.7784080505371,145.03059387207,2020-02-15,Visibility Reduction,0.6
Alphington,-37.7784080505371,145.03059387207,2020-02-16,PM10,6.55
Alphington,-37.7784080505371,145.03059387207,2020-02-16,Visibility Reduction,0.34
Alphington,-37.7784080505371,145.03059387207,2020-02-17,PM10,18.02
Alphington,-37.7784080505371,145.03059387207,2020-02-17,Visibility Reduction,0.53
Alphington,-37.7784080505371,145.03059387207,2020-02-18,PM10,12.54
Alphington,-37.7784080505371,145.03059387207,2020-02-18,Visibility Reduction,0.61
Alphington,-37.7784080505371,145.03059387207,2020-02-19,PM10,12.16
Alphington,-37.7784080505371,145.03059387207,2020-02-19,Visibility Reduction,0.46
Alphington,-37.7784080505371,145.03059387207,2020-02-20,PM10,9.52
Alphington,-37.7784080505371,145.03059387207,2020-02-20,Visibility Reduction,0.35
Alphington,-37.7784080505371,145.03059387207,2020-02-21,PM10,9.14
Alphington,-37.7784080505371,145.03059387207,2020-02-21,Visibility Reduction,0.34
Alphington,-37.7784080505371,145.03059387207,2020-02-22,PM10,13.34
Alphington,-37.7784080505371,145.03059387207,2020-02-22,Visibility Reduction,0.41
Alphington,-37.7784080505371,145.03059387207,2020-02-23,PM10,19.71
Alphington,-37.7784080505371,145.03059387207,2020-02-23,Visibility Reduction,0.5
Alphington,-37.7784080505371,145.03059387207,2020-02-24,PM10,23.17
Alphington,-37.7784080505371,145.03059387207,2020-02-24,Visibility Reduction,0.8
Alphington,-37.7784080505371,145.03059387207,2020-02-25,PM10,15.05
Alphington,-37.7784080505371,145.03059387207,2020-02-25,Visibility Reduction,0.6
Alphington,-37.7784080505371,145.03059387207,2020-02-26,PM10,11.31
Alphington,-37.7784080505371,145.03059387207,2020-02-26,Visibility Reduction,0.36
Alphington,-37.7784080505371,145.03059387207,2020-02-27,PM10,14.83
Alphington,-37.7784080505371,145.03059387207,2020-02-27,Visibility Reduction,0.36
Alphington,-37.7784080505371,145.03059387207,2020-02-28,PM10,9.91
Alphington,-37.7784080505371,145.03059387207,2020-02-28,Visibility Reduction,0.33
Alphington,-37.7784080505371,145.03059387207,2020-02-29,PM10,10.15
Alphington,-37.7784080505371,145.03059387207,2020-02-29,Visibility Reduction,0.36
Alphington,-37.77840805,145.0305939,2019-09-01,PM10,7.48
Alphington,-37.77840805,145.0305939,2019-09-01,PM2.5,4.61
Alphington,-37.77840805,145.0305939,2019-09-01,Visibility Reduction,0.36
Alphington,-37.77840805,145.0305939,2019-09-02,PM10,10.27
Alphington,-37.77840805,145.0305939,2019-09-02,PM2.5,4.28
Alphington,-37.77840805,145.0305939,2019-09-02,Visibility Reduction,0.41
Alphington,-37.77840805,145.0305939,2019-09-03,PM10,13.27
Alphington,-37.77840805,145.0305939,2019-09-03,PM2.5,6.3
Alphington,-37.77840805,145.0305939,2019-09-03,Visibility Reduction,0.44
Alphington,-37.77840805,145.0305939,2019-09-04,PM10,16.33
Alphington,-37.77840805,145.0305939,2019-09-04,PM2.5,7.42
Alphington,-37.77840805,145.0305939,2019-09-04,Visibility Reduction,0.62
Alphington,-37.77840805,145.0305939,2019-09-05,PM10,14.28
Alphington,-37.77840805,145.0305939,2019-09-05,PM2.5,6.41
Alphington,-37.77840805,145.0305939,2019-09-05,Visibility Reduction,0.54
Alphington,-37.77840805,145.0305939,2019-09-06,PM10,9.92
Alphington,-37.77840805,145.0305939,2019-09-06,PM2.5,6.07
Alphington,-37.77840805,145.0305939,2019-09-06,Visibility Reduction,0.45
Alphington,-37.77840805,145.0305939,2019-09-07,PM10,10.53
Alphington,-37.77840805,145.0305939,2019-09-07,PM2.5,5.13
Alphington,-37.77840805,145.0305939,2019-09-07,Visibility Reduction,0.37
Alphington,-37.77840805,145.0305939,2019-09-08,PM10,10.92
Alphington,-37.77840805,145.0305939,2019-09-08,PM2.5,5.49
Alphington,-37.77840805,145.0305939,2019-09-08,Visibility Reduction,0.4
Alphington,-37.77840805,145.0305939,2019-09-09,PM10,17.32
Alphington,-37.77840805,145.0305939,2019-09-09,PM2.5,8.02
Alphington,-37.77840805,145.0305939,2019-09-09,Visibility Reduction,0.42
Alphington,-37.77840805,145.0305939,2019-09-10,PM10,17.73
Alphington,-37.77840805,145.0305939,2019-09-10,PM2.5,3.92
Alphington,-37.77840805,145.0305939,2019-09-10,Visibility Reduction,0.53
Alphington,-37.77840805,145.0305939,2019-09-11,PM10,14.75
Alphington,-37.77840805,145.0305939,2019-09-11,Visibility Reduction,0.56
Alphington,-37.77840805,145.0305939,2019-09-12,PM10,22.52
Alphington,-37.77840805,145.0305939,2019-09-12,Visibility Reduction,0.51
Alphington,-37.77840805,145.0305939,2019-09-13,PM10,17.66
Alphington,-37.77840805,145.0305939,2019-09-13,Visibility Reduction,0.43
Alphington,-37.77840805,145.0305939,2019-09-14,PM10,23.67
Alphington,-37.77840805,145.0305939,2019-09-14,Visibility Reduction,0.59
Alphington,-37.77840805,145.0305939,2019-09-15,PM10,13.31
Alphington,-37.77840805,145.0305939,2019-09-15,Visibility Reduction,0.49
Alphington,-37.77840805,145.0305939,2019-09-16,PM10,17.82
Alphington,-37.77840805,145.0305939,2019-09-16,Visibility Reduction,0.47
Alphington,-37.77840805,145.0305939,2019-09-17,PM10,14.48
Alphington,-37.77840805,145.0305939,2019-09-17,Visibility Reduction,0.42
Alphington,-37.77840805,145.0305939,2019-09-18,PM10,16.24
Alphington,-37.77840805,145.0305939,2019-09-18,Visibility Reduction,0.52
Alphington,-37.77840805,145.0305939,2019-09-19,PM10,18.04
Alphington,-37.77840805,145.0305939,2019-09-19,Visibility Reduction,0.39
Alphington,-37.77840805,145.0305939,2019-09-20,PM10,24.62
Alphington,-37.77840805,145.0305939,2019-09-20,Visibility Reduction,0.52
Alphington,-37.77840805,145.0305939,2019-09-21,PM10,31.95
Alphington,-37.77840805,145.0305939,2019-09-21,Visibility Reduction,0.5
Alphington,-37.77840805,145.0305939,2019-09-22,PM10,6.91
Alphington,-37.77840805,145.0305939,2019-09-22,Visibility Reduction,0.32
Alphington,-37.77840805,145.0305939,2019-09-23,PM10,10.27
Alphington,-37.77840805,145.0305939,2019-09-23,Visibility Reduction,0.4
Alphington,-37.77840805,145.0305939,2019-09-24,PM10,10.1
Alphington,-37.77840805,145.0305939,2019-09-24,Visibility Reduction,0.42
Alphington,-37.77840805,145.0305939,2019-09-25,PM10,11.32
Alphington,-37.77840805,145.0305939,2019-09-25,Visibility Reduction,0.4
Alphington,-37.77840805,145.0305939,2019-09-26,PM10,13.9
Alphington,-37.77840805,145.0305939,2019-09-26,Visibility Reduction,0.55
Alphington,-37.77840805,145.0305939,2019-09-27,PM10,17.74
Alphington,-37.77840805,145.0305939,2019-09-27,Visibility Reduction,0.39
Alphington,-37.77840805,145.0305939,2019-09-28,PM10,18.32
Alphington,-37.77840805,145.0305939,2019-09-28,Visibility Reduction,0.52
Alphington,-37.77840805,145.0305939,2019-09-29,PM10,15.37
Alphington,-37.77840805,145.0305939,2019-09-29,Visibility Reduction,0.45
Alphington,-37.77840805,145.0305939,2019-09-30,PM10,12.57
Alphington,-37.77840805,145.0305939,2019-09-30,Visibility Reduction,0.42
Alphington,-37.77840805,145.0305939,2019-10-01,PM10,19.7
Alphington,-37.77840805,145.0305939,2019-10-01,Visibility Reduction,0.57
Alphington,-37.77840805,145.0305939,2019-10-02,PM10,25.31
Alphington,-37.77840805,145.0305939,2019-10-02,Visibility Reduction,0.57
Alphington,-37.77840805,145.0305939,2019-10-03,PM10,30.14
Alphington,-37.77840805,145.0305939,2019-10-03,Visibility Reduction,0.62
Alphington,-37.77840805,145.0305939,2019-10-04,PM10,12.01
Alphington,-37.77840805,145.0305939,2019-10-04,Visibility Reduction,0.47
Alphington,-37.77840805,145.0305939,2019-10-05,PM10,12.94
Alphington,-37.77840805,145.0305939,2019-10-05,Visibility Reduction,0.63
Alphington,-37.77840805,145.0305939,2019-10-06,PM10,17.65
Alphington,-37.77840805,145.0305939,2019-10-06,Visibility Reduction,0.42
Alphington,-37.77840805,145.0305939,2019-10-07,PM10,14.37
Alphington,-37.77840805,145.0305939,2019-10-07,Visibility Reduction,0.4
Alphington,-37.77840805,145.0305939,2019-10-08,PM10,12.58
Alphington,-37.77840805,145.0305939,2019-10-08,Visibility Reduction,0.33
Alphington,-37.77840805,145.0305939,2019-10-09,PM10,8.8
Alphington,-37.77840805,145.0305939,2019-10-09,Visibility Reduction,0.33
Alphington,-37.77840805,145.0305939,2019-10-10,PM10,8.64
Alphington,-37.77840805,145.0305939,2019-10-10,Visibility Reduction,0.33
Alphington,-37.77840805,145.0305939,2019-10-11,PM10,8.44
Alphington,-37.77840805,145.0305939,2019-10-11,Visibility Reduction,0.4
Alphington,-37.77840805,145.0305939,2019-10-12,PM10,9.33
Alphington,-37.77840805,145.0305939,2019-10-12,Visibility Reduction,0.38
Alphington,-37.77840805,145.0305939,2019-10-13,PM10,10.16
Alphington,-37.77840805,145.0305939,2019-10-13,Visibility Reduction,0.38
Alphington,-37.77840805,145.0305939,2019-10-14,PM10,14.88
Alphington,-37.77840805,145.0305939,2019-10-14,Visibility Reduction,0.42
Alphington,-37.77840805,145.0305939,2019-10-15,PM10,15.09
Alphington,-37.77840805,145.0305939,2019-10-15,Visibility Reduction,0.43
Alphington,-37.77840805,145.0305939,2019-10-16,PM10,11.13
Alphington,-37.77840805,145.0305939,2019-10-16,Visibility Reduction,0.4
Alphington,-37.77840805,145.0305939,2019-10-17,PM10,7.97
Alphington,-37.77840805,145.0305939,2019-10-17,Visibility Reduction,0.33
Alphington,-37.77840805,145.0305939,2019-10-18,PM10,18.03
Alphington,-37.77840805,145.0305939,2019-10-18,Visibility Reduction,0.43
Alphington,-37.77840805,145.0305939,2019-10-19,PM10,11.43
Alphington,-37.77840805,145.0305939,2019-10-19,Visibility Reduction,0.37
Alphington,-37.77840805,145.0305939,2019-10-20,PM10,15.85
Alphington,-37.77840805,145.0305939,2019-10-20,Visibility Reduction,0.48
Alphington,-37.77840805,145.0305939,2019-10-21,PM10,13.4
Alphington,-37.77840805,145.0305939,2019-10-22,PM10,18.2
Alphington,-37.77840805,145.0305939,2019-10-23,PM10,20.55
Alphington,-37.77840805,145.0305939,2019-10-24,PM10,23.94
Alphington,-37.77840805,145.0305939,2019-10-25,PM10,50.98
Alphington,-37.77840805,145.0305939,2019-10-25,Visibility Reduction,0.39
Alphington,-37.77840805,145.0305939,2019-10-26,PM10,13.18
Alphington,-37.77840805,145.0305939,2019-10-26,Visibility Reduction,0.32
Alphington,-37.77840805,145.0305939,2019-10-27,PM10,11.22
Alphington,-37.77840805,145.0305939,2019-10-27,Visibility Reduction,0.38
Alphington,-37.77840805,145.0305939,2019-10-28,PM10,14.06
Alphington,-37.77840805,145.0305939,2019-10-28,Visibility Reduction,0.44
Alphington,-37.77840805,145.0305939,2019-10-29,PM10,15.5
Alphington,-37.77840805,145.0305939,2019-10-29,Visibility Reduction,0.38
Alphington,-37.77840805,145.0305939,2019-10-30,PM10,30.02
Alphington,-37.77840805,145.0305939,2019-10-30,Visibility Reduction,0.61
Alphington,-37.77840805,145.0305939,2019-10-31,PM10,34.19
Alphington,-37.77840805,145.0305939,2019-10-31,Visibility Reduction,0.51
Alphington,-37.77840805,145.0305939,2019-11-01,PM10,42.22
Alphington,-37.77840805,145.0305939,2019-11-01,Visibility Reduction,0.78
Alphington,-37.77840805,145.0305939,2019-11-02,PM10,12.04
Alphington,-37.77840805,145.0305939,2019-11-02,Visibility Reduction,0.39
Alphington,-37.77840805,145.0305939,2019-11-03,PM10,7.99
Alphington,-37.77840805,145.0305939,2019-11-03,Visibility Reduction,0.44
Alphington,-37.77840805,145.0305939,2019-11-04,PM10,6.87
Alphington,-37.77840805,145.0305939,2019-11-04,Visibility Reduction,0.36
Alphington,-37.77840805,145.0305939,2019-11-05,PM10,9.18
Alphington,-37.77840805,145.0305939,2019-11-05,Visibility Reduction,0.33
Alphington,-37.77840805,145.0305939,2019-11-06,PM10,16.01
Alphington,-37.77840805,145.0305939,2019-11-06,Visibility Reduction,0.36
Alphington,-37.77840805,145.0305939,2019-11-07,PM10,10.05
Alphington,-37.77840805,145.0305939,2019-11-07,Visibility Reduction,0.33
Alphington,-37.77840805,145.0305939,2019-11-08,PM10,9.61
Alphington,-37.77840805,145.0305939,2019-11-08,Visibility Reduction,0.31
Alphington,-37.77840805,145.0305939,2019-11-09,PM10,10.38
Alphington,-37.77840805,145.0305939,2019-11-09,Visibility Reduction,0.32
Alphington,-37.77840805,145.0305939,2019-11-10,PM10,8.22
Alphington,-37.77840805,145.0305939,2019-11-10,Visibility Reduction,0.31
Alphington,-37.77840805,145.0305939,2019-11-11,PM10,16.29
Alphington,-37.77840805,145.0305939,2019-11-11,Visibility Reduction,0.37
Alphington,-37.77840805,145.0305939,2019-11-12,PM10,20.98
Alphington,-37.77840805,145.0305939,2019-11-12,Visibility Reduction,0.39
Alphington,-37.77840805,145.0305939,2019-11-13,PM10,16.32
Alphington,-37.77840805,145.0305939,2019-11-13,Visibility Reduction,0.38
Alphington,-37.77840805,145.0305939,2019-11-14,PM10,9.7
Alphington,-37.77840805,145.0305939,2019-11-14,Visibility Reduction,0.27
Alphington,-37.77840805,145.0305939,2019-11-15,PM10,12.72
Alphington,-37.77840805,145.0305939,2019-11-15,Visibility Reduction,0.32
Alphington,-37.77840805,145.0305939,2019-11-16,PM10,19.81
Alphington,-37.77840805,145.0305939,2019-11-16,Visibility Reduction,0.44
Alphington,-37.77840805,145.0305939,2019-11-17,PM10,15.94
Alphington,-37.77840805,145.0305939,2019-11-17,Visibility Reduction,0.38
Alphington,-37.77840805,145.0305939,2019-11-18,PM10,17.79
Alphington,-37.77840805,145.0305939,2019-11-18,Visibility Reduction,0.4
Alphington,-37.77840805,145.0305939,2019-11-19,PM10,16.08
Alphington,-37.77840805,145.0305939,2019-11-19,Visibility Reduction,0.45
Alphington,-37.77840805,145.0305939,2019-11-20,PM10,15.37
Alphington,-37.77840805,145.0305939,2019-11-20,Visibility Reduction,0.36
Alphington,-37.77840805,145.0305939,2019-11-21,PM10,70.47
Alphington,-37.77840805,145.0305939,2019-11-21,Visibility Reduction,0.67
Alphington,-37.77840805,145.0305939,2019-11-22,PM10,16.56
Alphington,-37.77840805,145.0305939,2019-11-22,Visibility Reduction,0.36
Alphington,-37.77840805,145.0305939,2019-11-23,PM10,20.17
Alphington,-37.77840805,145.0305939,2019-11-23,Visibility Reduction,0.43
Alphington,-37.77840805,145.0305939,2019-11-24,PM10,21.33
Alphington,-37.77840805,145.0305939,2019-11-24,Visibility Reduction,0.51
Alphington,-37.77840805,145.0305939,2019-11-25,PM10,26.72
Alphington,-37.77840805,145.0305939,2019-11-25,Visibility Reduction,0.45
Alphington,-37.77840805,145.0305939,2019-11-26,PM10,19.97
Alphington,-37.77840805,145.0305939,2019-11-26,Visibility Reduction,0.4
Alphington,-37.77840805,145.0305939,2019-11-27,PM10,18.33
Alphington,-37.77840805,145.0305939,2019-11-27,Visibility Reduction,0.39
Alphington,-37.77840805,145.0305939,2019-11-28,PM10,20.5
Alphington,-37.77840805,145.0305939,2019-11-28,Visibility Reduction,0.49
Alphington,-37.77840805,145.0305939,2019-11-29,PM10,23.16
Alphington,-37.77840805,145.0305939,2019-11-29,Visibility Reduction,0.82
Alphington,-37.77840805,145.0305939,2019-11-30,PM10,8.83
Alphington,-37.77840805,145.0305939,2019-11-30,Visibility Reduction,0.36
Alphington,-37.77840805,145.0305939,2019-12-01,PM10,7.25
Alphington,-37.77840805,145.0305939,2019-12-01,Visibility Reduction,0.33
Alphington,-37.77840805,145.0305939,2019-12-02,PM10,14.78
Alphington,-37.77840805,145.0305939,2019-12-02,Visibility Reduction,0.36
Alphington,-37.77840805,145.0305939,2019-12-03,PM10,15.0
Alphington,-37.77840805,145.0305939,2019-12-03,Visibility Reduction,0.36
Alphington,-37.77840805,145.0305939,2019-12-04,PM10,14.28
Alphington,-37.77840805,145.0305939,2019-12-04,Visibility Reduction,0.35
Alphington,-37.77840805,145.0305939,2019-12-05,PM10,15.13
Alphington,-37.77840805,145.0305939,2019-12-05,Visibility Reduction,0.39
Alphington,-37.77840805,145.0305939,2019-12-06,PM10,20.7
Alphington,-37.77840805,145.0305939,2019-12-06,Visibility Reduction,0.43
Alphington,-37.77840805,145.0305939,2019-12-07,PM10,26.19
Alphington,-37.77840805,145.0305939,2019-12-07,Visibility Reduction,0.55
Alphington,-37.77840805,145.0305939,2019-12-08,PM10,16.43
Alphington,-37.77840805,145.0305939,2019-12-08,Visibility Reduction,0.43
Alphington,-37.77840805,145.0305939,2019-12-09,PM10,31.56
Alphington,-37.77840805,145.0305939,2019-12-09,Visibility Reduction,0.55
Alphington,-37.77840805,145.0305939,2019-12-10,PM10,16.22
Alphington,-37.77840805,145.0305939,2019-12-10,Visibility Reduction,0.42
Alphington,-37.77840805,145.0305939,2019-12-11,PM10,16.73
Alphington,-37.77840805,145.0305939,2019-12-11,Visibility Reduction,0.44
Alphington,-37.77840805,145.0305939,2019-12-12,PM10,14.85
Alphington,-37.77840805,145.0305939,2019-12-12,Visibility Reduction,0.36
Alphington,-37.77840805,145.0305939,2019-12-13,PM10,20.74
Alphington,-37.77840805,145.0305939,2019-12-13,Visibility Reduction,0.43
Alphington,-37.77840805,145.0305939,2019-12-14,PM10,9.47
Alphington,-37.77840805,145.0305939,2019-12-14,Visibility Reduction,0.35
Alphington,-37.77840805,145.0305939,2019-12-15,PM10,10.11
Alphington,-37.77840805,145.0305939,2019-12-15,Visibility Reduction,0.4
Alphington,-37.77840805,145.0305939,2019-12-16,PM10,14.67
Alphington,-37.77840805,145.0305939,2019-12-16,Visibility Reduction,0.46
Alphington,-37.77840805,145.0305939,2019-12-17,PM10,22.58
Alphington,-37.77840805,145.0305939,2019-12-17,Visibility Reduction,0.5
Alphington,-37.77840805,145.0305939,2019-12-18,PM10,27.1
Alphington,-37.77840805,145.0305939,2019-12-18,Visibility Reduction,0.58
Alphington,-37.77840805,145.0305939,2019-12-19,PM10,25.05
Alphington,-37.77840805,145.0305939,2019-12-19,Visibility Reduction,0.6
Alphington,-37.77840805,145.0305939,2019-12-20,PM10,62.01
Alphington,-37.77840805,145.0305939,2019-12-20,Visibility Reduction,2.48
Alphington,-37.77840805,145.0305939,2019-12-21,PM10,32.59
Alphington,-37.77840805,145.0305939,2019-12-21,Visibility Reduction,0.66
Alphington,-37.77840805,145.0305939,2019-12-22,PM10,29.88
Alphington,-37.77840805,145.0305939,2019-12-22,Visibility Reduction,0.58
Alphington,-37.77840805,145.0305939,2019-12-23,PM10,34.75
Alphington,-37.77840805,145.0305939,2019-12-23,Visibility Reduction,1.15
Alphington,-37.77840805,145.0305939,2019-12-24,PM10,24.62
Alphington,-37.77840805,145.0305939,2019-12-24,Visibility Reduction,0.68
Alphington,-37.77840805,145.0305939,2019-12-25,PM10,32.95
Alphington,-37.77840805,145.0305939,2019-12-25,Visibility Reduction,1.85
Alphington,-37.77840805,145.0305939,2019-12-26,PM10,18.63
Alphington,-37.77840805,145.0305939,2019-12-26,Visibility Reduction,0.81
Alphington,-37.77840805,145.0305939,2019-12-27,PM10,23.88
Alphington,-37.77840805,145.0305939,2019-12-27,Visibility Reduction,0.8
Alphington,-37.77840805,145.0305939,2019-12-28,PM10,38.44
Alphington,-37.77840805,145.0305939,2019-12-28,Visibility Reduction,1.42
Alphington,-37.77840805,145.0305939,2019-12-29,PM10,23.82
Alphington,-37.77840805,145.0305939,2019-12-29,Visibility Reduction,0.76
Alphington,-37.77840805,145.0305939,2019-12-30,PM10,69.62
Alphington,-37.77840805,145.0305939,2019-12-30,Visibility Reduction,0.82
Alphington,-37.77840805,145.0305939,2019-12-31,PM10,21.94
Alphington,-37.77840805,145.0305939,2019-12-31,Visibility Reduction,0.52
Brooklyn,-37.82209778,144.8471069,2019-09-01,PM10,10.36
Brooklyn,-37.82209778,144.8471069,2019-09-01,Visibility Reduction,0.31
Brooklyn,-37.82209778,144.8471069,2019-09-02,PM10,17.71
Brooklyn,-37.82209778,144.8471069,2019-09-02,Visibility Reduction,0.41
Brooklyn,-37.82209778,144.8471069,2019-09-03,PM10,19.54
Brooklyn,-37.82209778,144.8471069,2019-09-03,Visibility Reduction,0.45
Brooklyn,-37.82209778,144.8471069,2019-09-04,PM10,23.09
Brooklyn,-37.82209778,144.8471069,2019-09-04,Visibility Reduction,0.57
Brooklyn,-37.82209778,144.8471069,2019-09-05,PM10,20.5
Brooklyn,-37.82209778,144.8471069,2019-09-05,Visibility Reduction,0.57
Brooklyn,-37.82209778,144.8471069,2019-09-06,PM10,12.7
Brooklyn,-37.82209778,144.8471069,2019-09-06,Visibility Reduction,0.43
Brooklyn,-37.82209778,144.8471069,2019-09-07,PM10,9.37
Brooklyn,-37.82209778,144.8471069,2019-09-07,Visibility Reduction,0.34
Brooklyn,-37.82209778,144.8471069,2019-09-08,PM10,9.61
Brooklyn,-37.82209778,144.8471069,2019-09-08,Visibility Reduction,0.36
Brooklyn,-37.82209778,144.8471069,2019-09-09,PM10,15.99
Brooklyn,-37.82209778,144.8471069,2019-09-09,Visibility Reduction,0.42
Brooklyn,-37.82209778,144.8471069,2019-09-10,PM10,16.87
Brooklyn,-37.82209778,144.8471069,2019-09-10,Visibility Reduction,0.43
Brooklyn,-37.82209778,144.8471069,2019-09-11,PM10,24.38
Brooklyn,-37.82209778,144.8471069,2019-09-11,Visibility Reduction,0.48
Brooklyn,-37.82209778,144.8471069,2019-09-12,PM10,32.59
Brooklyn,-37.82209778,144.8471069,2019-09-12,Visibility Reduction,0.53
Brooklyn,-37.82209778,144.8471069,2019-09-13,PM10,20.39
Brooklyn,-37.82209778,144.8471069,2019-09-13,Visibility Reduction,0.41
Brooklyn,-37.82209778,144.8471069,2019-09-14,PM10,26.25
Brooklyn,-37.82209778,144.8471069,2019-09-14,Visibility Reduction,0.62
Brooklyn,-37.82209778,144.8471069,2019-09-15,PM10,12.34
Brooklyn,-37.82209778,144.8471069,2019-09-15,Visibility Reduction,0.4
Brooklyn,-37.82209778,144.8471069,2019-09-16,PM10,15.82
Brooklyn,-37.82209778,144.8471069,2019-09-16,Visibility Reduction,0.44
Brooklyn,-37.82209778,144.8471069,2019-09-17,PM10,18.74
Brooklyn,-37.82209778,144.8471069,2019-09-17,Visibility Reduction,0.4
Brooklyn,-37.82209778,144.8471069,2019-09-18,PM10,32.13
Brooklyn,-37.82209778,144.8471069,2019-09-18,Visibility Reduction,0.55
Brooklyn,-37.82209778,144.8471069,2019-09-19,PM10,43.34
Brooklyn,-37.82209778,144.8471069,2019-09-19,Visibility Reduction,0.49
Brooklyn,-37.82209778,144.8471069,2019-09-20,PM10,30.81
Brooklyn,-37.82209778,144.8471069,2019-09-20,Visibility Reduction,0.56
Brooklyn,-37.82209778,144.8471069,2019-09-21,PM10,30.03
Brooklyn,-37.82209778,144.8471069,2019-09-21,Visibility Reduction,0.48
Brooklyn,-37.82209778,144.8471069,2019-09-22,PM10,6.18
Brooklyn,-37.82209778,144.8471069,2019-09-22,Visibility Reduction,0.31
Brooklyn,-37.82209778,144.8471069,2019-09-23,PM10,10.23
Brooklyn,-37.82209778,144.8471069,2019-09-23,Visibility Reduction,0.35
Brooklyn,-37.82209778,144.8471069,2019-09-24,PM10,12.77
Brooklyn,-37.82209778,144.8471069,2019-09-24,Visibility Reduction,0.35
Brooklyn,-37.82209778,144.8471069,2019-09-25,PM10,14.72
Brooklyn,-37.82209778,144.8471069,2019-09-25,Visibility Reduction,0.39
Brooklyn,-37.82209778,144.8471069,2019-09-26,PM10,23.46
Brooklyn,-37.82209778,144.8471069,2019-09-26,Visibility Reduction,0.52
Brooklyn,-37.82209778,144.8471069,2019-09-27,PM10,23.74
Brooklyn,-37.82209778,144.8471069,2019-09-27,Visibility Reduction,0.4
Brooklyn,-37.82209778,144.8471069,2019-09-28,PM10,13.57
Brooklyn,-37.82209778,144.8471069,2019-09-28,Visibility Reduction,0.43
Brooklyn,-37.82209778,144.8471069,2019-09-29,PM10,11.74
Brooklyn,-37.82209778,144.8471069,2019-09-29,Visibility Reduction,0.41
Brooklyn,-37.82209778,144.8471069,2019-09-30,PM10,9.25
Brooklyn,-37.82209778,144.8471069,2019-09-30,Visibility Reduction,0.35
Brooklyn,-37.82209778,144.8471069,2019-10-01,PM10,39.78
Brooklyn,-37.82209778,144.8471069,2019-10-01,Visibility Reduction,0.68
Brooklyn,-37.82209778,144.8471069,2019-10-02,PM10,49.95
Brooklyn,-37.82209778,144.8471069,2019-10-02,Visibility Reduction,0.64
Brooklyn,-37.82209778,144.8471069,2019-10-03,PM10,42.1
Brooklyn,-37.82209778,144.8471069,2019-10-03,Visibility Reduction,0.66
Brooklyn,-37.82209778,144.8471069,2019-10-04,PM10,7.7
Brooklyn,-37.82209778,144.8471069,2019-10-04,Visibility Reduction,0.4
Brooklyn,-37.82209778,144.8471069,2019-10-05,PM10,14.35
Brooklyn,-37.82209778,144.8471069,2019-10-05,Visibility Reduction,0.64
Brooklyn,-37.82209778,144.8471069,2019-10-06,PM10,16.42
Brooklyn,-37.82209778,144.8471069,2019-10-06,Visibility Reduction,0.43
Brooklyn,-37.82209778,144.8471069,2019-10-07,PM10,12.31
Brooklyn,-37.82209778,144.8471069,2019-10-07,Visibility Reduction,0.39
Brooklyn,-37.82209778,144.8471069,2019-10-08,PM10,8.88
Brooklyn,-37.82209778,144.8471069,2019-10-08,Visibility Reduction,0.35
Brooklyn,-37.82209778,144.8471069,2019-10-09,PM10,8.04
Brooklyn,-37.82209778,144.8471069,2019-10-09,Visibility Reduction,0.33
Brooklyn,-37.82209778,144.8471069,2019-10-10,PM10,5.32
Brooklyn,-37.82209778,144.8471069,2019-10-10,Visibility Reduction,0.33
Brooklyn,-37.82209778,144.8471069,2019-10-11,PM10,9.92
Brooklyn,-37.82209778,144.8471069,2019-10-11,Visibility Reduction,0.41
Brooklyn,-37.82209778,144.8471069,2019-10-12,PM10,15.72
Brooklyn,-37.82209778,144.8471069,2019-10-12,Visibility Reduction,0.44
Brooklyn,-37.82209778,144.8471069,2019-10-13,PM10,13.75
Brooklyn,-37.82209778,144.8471069,2019-10-13,Visibility Reduction,0.45
Brooklyn,-37.82209778,144.8471069,2019-10-14,PM10,21.78
Brooklyn,-37.82209778,144.8471069,2019-10-14,Visibility Reduction,0.5
Brooklyn,-37.82209778,144.8471069,2019-10-15,PM10,11.49
Brooklyn,-37.82209778,144.8471069,2019-10-15,Visibility Reduction,0.46
Brooklyn,-37.82209778,144.8471069,2019-10-16,PM10,12.17
Brooklyn,-37.82209778,144.8471069,2019-10-16,Visibility Reduction,0.42
Brooklyn,-37.82209778,144.8471069,2019-10-17,PM10,2.53
Brooklyn,-37.82209778,144.8471069,2019-10-17,Visibility Reduction,0.34
Brooklyn,-37.82209778,144.8471069,2019-10-18,PM10,22.96
Brooklyn,-37.82209778,144.8471069,2019-10-18,Visibility Reduction,0.45
Brooklyn,-37.82209778,144.8471069,2019-10-19,PM10,13.59
Brooklyn,-37.82209778,144.8471069,2019-10-19,Visibility Reduction,0.36
Brooklyn,-37.82209778,144.8471069,2019-10-20,PM10,15.0
Brooklyn,-37.82209778,144.8471069,2019-10-20,Visibility Reduction,0.42
Brooklyn,-37.82209778,144.8471069,2019-10-21,PM10,11.82
Brooklyn,-37.82209778,144.8471069,2019-10-21,Visibility Reduction,0.37
Brooklyn,-37.82209778,144.8471069,2019-10-22,PM10,16.79
Brooklyn,-37.82209778,144.8471069,2019-10-22,Visibility Reduction,0.56
Brooklyn,-37.82209778,144.8471069,2019-10-23,PM10,43.47
Brooklyn,-37.82209778,144.8471069,2019-10-23,Visibility Reduction,0.73
Brooklyn,-37.82209778,144.8471069,2019-10-24,PM10,55.62
Brooklyn,-37.82209778,144.8471069,2019-10-24,Visibility Reduction,0.59
Brooklyn,-37.82209778,144.8471069,2019-10-25,PM10,53.72
Brooklyn,-37.82209778,144.8471069,2019-10-25,Visibility Reduction,0.5
Brooklyn,-37.82209778,144.8471069,2019-10-26,PM10,16.58
Brooklyn,-37.82209778,144.8471069,2019-10-26,Visibility Reduction,0.33
Brooklyn,-37.82209778,144.8471069,2019-10-27,PM10,13.67
Brooklyn,-37.82209778,144.8471069,2019-10-27,Visibility Reduction,0.38
Brooklyn,-37.82209778,144.8471069,2019-10-28,PM10,21.34
Brooklyn,-37.82209778,144.8471069,2019-10-28,Visibility Reduction,0.48
Brooklyn,-37.82209778,144.8471069,2019-10-29,PM10,37.6
Brooklyn,-37.82209778,144.8471069,2019-10-29,Visibility Reduction,0.45
Brooklyn,-37.82209778,144.8471069,2019-10-30,PM10,30.29
Brooklyn,-37.82209778,144.8471069,2019-10-30,Visibility Reduction,0.61
Brooklyn,-37.82209778,144.8471069,2019-10-31,PM10,59.53
Brooklyn,-37.82209778,144.8471069,2019-10-31,Visibility Reduction,0.58
Brooklyn,-37.82209778,144.8471069,2019-11-01,PM10,65.5
Brooklyn,-37.82209778,144.8471069,2019-11-01,Visibility Reduction,0.83
Brooklyn,-37.82209778,144.8471069,2019-11-02,PM10,11.9
Brooklyn,-37.82209778,144.8471069,2019-11-02,Visibility Reduction,0.41
Brooklyn,-37.82209778,144.8471069,2019-11-03,PM10,10.5
Brooklyn,-37.82209778,144.8471069,2019-11-03,Visibility Reduction,0.47
Brooklyn,-37.82209778,144.8471069,2019-11-04,PM10,9.69
Brooklyn,-37.82209778,144.8471069,2019-11-04,Visibility Reduction,0.38
Brooklyn,-37.82209778,144.8471069,2019-11-05,PM10,11.77
Brooklyn,-37.82209778,144.8471069,2019-11-05,Visibility Reduction,0.35
Brooklyn,-37.82209778,144.8471069,2019-11-06,PM10,27.95
Brooklyn,-37.82209778,144.8471069,2019-11-06,Visibility Reduction,0.4
Brooklyn,-37.82209778,144.8471069,2019-11-07,PM10,15.95
Brooklyn,-37.82209778,144.8471069,2019-11-07,Visibility Reduction,0.35
Brooklyn,-37.82209778,144.8471069,2019-11-08,PM10,9.52
Brooklyn,-37.82209778,144.8471069,2019-11-08,Visibility Reduction,0.33
Brooklyn,-37.82209778,144.8471069,2019-11-09,PM10,9.98
Brooklyn,-37.82209778,144.8471069,2019-11-09,Visibility Reduction,0.35
Brooklyn,-37.82209778,144.8471069,2019-11-10,PM10,6.02
Brooklyn,-37.82209778,144.8471069,2019-11-10,Visibility Reduction,0.3
Brooklyn,-37.82209778,144.8471069,2019-11-11,PM10,27.64
Brooklyn,-37.82209778,144.8471069,2019-11-11,Visibility Reduction,0.39
Brooklyn,-37.82209778,144.8471069,2019-11-12,PM10,24.79
Brooklyn,-37.82209778,144.8471069,2019-11-12,Visibility Reduction,0.42
Brooklyn,-37.82209778,144.8471069,2019-11-13,PM10,18.7
Brooklyn,-37.82209778,144.8471069,2019-11-13,Visibility Reduction,0.41
Brooklyn,-37.82209778,144.8471069,2019-11-14,PM10,11.62
Brooklyn,-37.82209778,144.8471069,2019-11-14,Visibility Reduction,0.31
Brooklyn,-37.82209778,144.8471069,2019-11-15,PM10,14.9
Brooklyn,-37.82209778,144.8471069,2019-11-15,Visibility Reduction,0.34
Brooklyn,-37.82209778,144.8471069,2019-11-16,PM10,18.49
Brooklyn,-37.82209778,144.8471069,2019-11-16,Visibility Reduction,0.45
Brooklyn,-37.82209778,144.8471069,2019-11-17,PM10,15.26
Brooklyn,-37.82209778,144.8471069,2019-11-17,Visibility Reduction,0.41
Brooklyn,-37.82209778,144.8471069,2019-11-18,PM10,26.48
Brooklyn,-37.82209778,144.8471069,2019-11-18,Visibility Reduction,0.47
Brooklyn,-37.82209778,144.8471069,2019-11-19,PM10,22.82
Brooklyn,-37.82209778,144.8471069,2019-11-19,Visibility Reduction,0.5
Brooklyn,-37.82209778,144.8471069,2019-11-20,PM10,30.01
Brooklyn,-37.82209778,144.8471069,2019-11-20,Visibility Reduction,0.5
Brooklyn,-37.82209778,144.8471069,2019-11-21,PM10,142.02
Brooklyn,-37.82209778,144.8471069,2019-11-21,Visibility Reduction,0.81
Brooklyn,-37.82209778,144.8471069,2019-11-22,PM10,13.97
Brooklyn,-37.82209778,144.8471069,2019-11-22,Visibility Reduction,0.38
Brooklyn,-37.82209778,144.8471069,2019-11-23,PM10,27.1
Brooklyn,-37.82209778,144.8471069,2019-11-23,Visibility Reduction,0.49
Brooklyn,-37.82209778,144.8471069,2019-11-24,PM10,24.49
Brooklyn,-37.82209778,144.8471069,2019-11-24,Visibility Reduction,0.55
Brooklyn,-37.82209778,144.8471069,2019-11-25,PM10,41.9
Brooklyn,-37.82209778,144.8471069,2019-11-25,Visibility Reduction,0.52
Brooklyn,-37.82209778,144.8471069,2019-11-26,PM10,15.91
Brooklyn,-37.82209778,144.8471069,2019-11-26,Visibility Reduction,0.39
Brooklyn,-37.82209778,144.8471069,2019-11-27,PM10,25.44
Brooklyn,-37.82209778,144.8471069,2019-11-27,Visibility Reduction,0.45
Brooklyn,-37.82209778,144.8471069,2019-11-28,PM10,19.97
Brooklyn,-37.82209778,144.8471069,2019-11-28,Visibility Reduction,0.51
Brooklyn,-37.82209778,144.8471069,2019-11-29,PM10,16.23
Brooklyn,-37.82209778,144.8471069,2019-11-29,Visibility Reduction,0.67
Brooklyn,-37.82209778,144.8471069,2019-11-30,PM10,7.63
Brooklyn,-37.82209778,144.8471069,2019-11-30,Visibility Reduction,0.38
Brooklyn,-37.82209778,144.8471069,2019-12-01,PM10,7.26
Brooklyn,-37.82209778,144.8471069,2019-12-01,Visibility Reduction,0.35
Brooklyn,-37.82209778,144.8471069,2019-12-02,PM10,14.29
Brooklyn,-37.82209778,144.8471069,2019-12-02,Visibility Reduction,0.38
Brooklyn,-37.82209778,144.8471069,2019-12-03,PM10,22.12
Brooklyn,-37.82209778,144.8471069,2019-12-03,Visibility Reduction,0.4
Brooklyn,-37.82209778,144.8471069,2019-12-04,PM10,15.78
Brooklyn,-37.82209778,144.8471069,2019-12-04,Visibility Reduction,0.39
Brooklyn,-37.82209778,144.8471069,2019-12-05,PM10,22.13
Brooklyn,-37.82209778,144.8471069,2019-12-05,Visibility Reduction,0.42
Brooklyn,-37.82209778,144.8471069,2019-12-06,PM10,22.08
Brooklyn,-37.82209778,144.8471069,2019-12-06,Visibility Reduction,0.46
Brooklyn,-37.82209778,144.8471069,2019-12-07,PM10,27.13
Brooklyn,-37.82209778,144.8471069,2019-12-07,Visibility Reduction,0.6
Brooklyn,-37.82209778,144.8471069,2019-12-08,PM10,16.31
Brooklyn,-37.82209778,144.8471069,2019-12-08,Visibility Reduction,0.46
Brooklyn,-37.82209778,144.8471069,2019-12-09,PM10,47.76
Brooklyn,-37.82209778,144.8471069,2019-12-09,Visibility Reduction,0.62
Brooklyn,-37.82209778,144.8471069,2019-12-10,PM10,12.87
Brooklyn,-37.82209778,144.8471069,2019-12-10,Visibility Reduction,0.44
Brooklyn,-37.82209778,144.8471069,2019-12-11,PM10,14.04
Brooklyn,-37.82209778,144.8471069,2019-12-11,Visibility Reduction,0.46
Brooklyn,-37.82209778,144.8471069,2019-12-12,PM10,13.62
Brooklyn,-37.82209778,144.8471069,2019-12-12,Visibility Reduction,0.4
Brooklyn,-37.82209778,144.8471069,2019-12-13,PM10,21.18
Brooklyn,-37.82209778,144.8471069,2019-12-13,Visibility Reduction,0.46
Brooklyn,-37.82209778,144.8471069,2019-12-14,PM10,8.88
Brooklyn,-37.82209778,144.8471069,2019-12-14,Visibility Reduction,0.37
Brooklyn,-37.82209778,144.8471069,2019-12-15,PM10,9.77
Brooklyn,-37.82209778,144.8471069,2019-12-15,Visibility Reduction,0.42
Brooklyn,-37.82209778,144.8471069,2019-12-16,PM10,16.06
Brooklyn,-37.82209778,144.8471069,2019-12-16,Visibility Reduction,0.52
Brooklyn,-37.82209778,144.8471069,2019-12-17,PM10,50.71
Brooklyn,-37.82209778,144.8471069,2019-12-17,Visibility Reduction,0.68
Brooklyn,-37.82209778,144.8471069,2019-12-18,PM10,58.89
Brooklyn,-37.82209778,144.8471069,2019-12-18,Visibility Reduction,0.68
Brooklyn,-37.82209778,144.8471069,2019-12-19,PM10,26.28
Brooklyn,-37.82209778,144.8471069,2019-12-19,Visibility Reduction,0.63
Brooklyn,-37.82209778,144.8471069,2019-12-20,PM10,75.78
Brooklyn,-37.82209778,144.8471069,2019-12-20,Visibility Reduction,1.19
Brooklyn,-37.82209778,144.8471069,2019-12-21,PM10,35.35
Brooklyn,-37.82209778,144.8471069,2019-12-21,Visibility Reduction,0.7
Brooklyn,-37.82209778,144.8471069,2019-12-22,PM10,31.03
Brooklyn,-37.82209778,144.8471069,2019-12-22,Visibility Reduction,0.64
Brooklyn,-37.82209778,144.8471069,2019-12-23,PM10,35.43
Brooklyn,-37.82209778,144.8471069,2019-12-23,Visibility Reduction,1.15
Brooklyn,-37.82209778,144.8471069,2019-12-24,PM10,25.75
Brooklyn,-37.82209778,144.8471069,2019-12-24,Visibility Reduction,0.7
Brooklyn,-37.82209778,144.8471069,2019-12-25,PM10,47.54
Brooklyn,-37.82209778,144.8471069,2019-12-25,Visibility Reduction,2.64
Brooklyn,-37.82209778,144.8471069,2019-12-26,PM10,16.87
Brooklyn,-37.82209778,144.8471069,2019-12-26,Visibility Reduction,0.77
Brooklyn,-37.82209778,144.8471069,2019-12-27,PM10,25.32
Brooklyn,-37.82209778,144.8471069,2019-12-27,Visibility Reduction,0.77
Brooklyn,-37.82209778,144.8471069,2019-12-28,PM10,44.17
Brooklyn,-37.82209778,144.8471069,2019-12-28,Visibility Reduction,1.44
Brooklyn,-37.82209778,144.8471069,2019-12-29,PM10,24.82
Brooklyn,-37.82209778,144.8471069,2019-12-29,Visibility Reduction,0.74
Brooklyn,-37.82209778,144.8471069,2019-12-30,PM10,137.45
Brooklyn,-37.82209778,144.8471069,2019-12-30,Visibility Reduction,0.97
Brooklyn,-37.82209778,144.8471069,2019-12-31,PM10,19.8
Brooklyn,-37.82209778,144.8471069,2019-12-31,Visibility Reduction,0.55
Brooklyn,-37.8219985961914,144.847106933594,2020-01-01,PM10,21.43
Brooklyn,-37.8219985961914,144.847106933594,2020-01-01,Visibility Reduction,0.52
Brooklyn,-37.8219985961914,144.847106933594,2020-01-02,PM10,22.74
Brooklyn,-37.8219985961914,144.847106933594,2020-01-02,Visibility Reduction,0.63
Brooklyn,-37.8219985961914,144.847106933594,2020-01-03,PM10,100.71
Brooklyn,-37.8219985961914,144.847106933594,2020-01-03,Visibility Reduction,6.62
Brooklyn,-37.8219985961914,144.847106933594,2020-01-04,PM10,49.52
Brooklyn,-37.8219985961914,144.847106933594,2020-01-04,Visibility Reduction,2.0
Brooklyn,-37.8219985961914,144.847106933594,2020-01-05,PM10,15.01
Brooklyn,-37.8219985961914,144.847106933594,2020-01-05,Visibility Reduction,0.53
Brooklyn,-37.8219985961914,144.847106933594,2020-01-06,PM10,92.25
Brooklyn,-37.8219985961914,144.847106933594,2020-01-06,Visibility Reduction,8.48
Brooklyn,-37.8219985961914,144.847106933594,2020-01-07,PM10,17.99
Brooklyn,-37.8219985961914,144.847106933594,2020-01-07,Visibility Reduction,1.45
Brooklyn,-37.8219985961914,144.847106933594,2020-01-08,PM10,24.37
Brooklyn,-37.8219985961914,144.847106933594,2020-01-08,Visibility Reduction,1.38
Brooklyn,-37.8219985961914,144.847106933594,2020-01-09,PM10,38.41
Brooklyn,-37.8219985961914,144.847106933594,2020-01-09,Visibility Reduction,0.6
Brooklyn,-37.8219985961914,144.847106933594,2020-01-10,PM10,66.52
Brooklyn,-37.8219985961914,144.847106933594,2020-01-11,PM10,17.07
Brooklyn,-37.8219985961914,144.847106933594,2020-01-12,PM10,8.83
Brooklyn,-37.8219985961914,144.847106933594,2020-01-13,PM10,102.33
Brooklyn,-37.8219985961914,144.847106933594,2020-01-14,PM10,219.32
Brooklyn,-37.8219985961914,144.847106933594,2020-01-15,PM10,165.55
Brooklyn,-37.8219985961914,144.847106933594,2020-01-16,PM10,52.77
Brooklyn,-37.8219985961914,144.847106933594,2020-01-16,Visibility Reduction,0.51
Brooklyn,-37.8219985961914,144.847106933594,2020-01-17,PM10,25.59
Brooklyn,-37.8219985961914,144.847106933594,2020-01-17,Visibility Reduction,0.6
Brooklyn,-37.8219985961914,144.847106933594,2020-01-18,PM10,32.47
Brooklyn,-37.8219985961914,144.847106933594,2020-01-18,Visibility Reduction,1.12
Brooklyn,-37.8219985961914,144.847106933594,2020-01-19,PM10,32.15
Brooklyn,-37.8219985961914,144.847106933594,2020-01-19,Visibility Reduction,1.53
Brooklyn,-37.8219985961914,144.847106933594,2020-01-20,PM10,13.0
Brooklyn,-37.8219985961914,144.847106933594,2020-01-20,Visibility Reduction,0.57
Brooklyn,-37.8219985961914,144.847106933594,2020-01-21,PM10,20.72
Brooklyn,-37.8219985961914,144.847106933594,2020-01-21,Visibility Reduction,0.52
Brooklyn,-37.8219985961914,144.847106933594,2020-01-22,PM10,50.8
Brooklyn,-37.8219985961914,144.847106933594,2020-01-22,Visibility Reduction,0.59
Brooklyn,-37.8219985961914,144.847106933594,2020-01-23,PM10,14.22
Brooklyn,-37.8219985961914,144.847106933594,2020-01-23,Visibility Reduction,0.36
Brooklyn,-37.8219985961914,144.847106933594,2020-01-24,PM10,25.82
Brooklyn,-37.8219985961914,144.847106933594,2020-01-24,Visibility Reduction,0.42
Brooklyn,-37.8219985961914,144.847106933594,2020-01-25,PM10,26.78
Brooklyn,-37.8219985961914,144.847106933594,2020-01-25,Visibility Reduction,0.44
Brooklyn,-37.8219985961914,144.847106933594,2020-01-26,PM10,14.73
Brooklyn,-37.8219985961914,144.847106933594,2020-01-26,Visibility Reduction,0.47
Brooklyn,-37.8219985961914,144.847106933594,2020-01-27,PM10,18.95
Brooklyn,-37.8219985961914,144.847106933594,2020-01-27,Visibility Reduction,0.5
Brooklyn,-37.8219985961914,144.847106933594,2020-01-28,PM10,26.3
Brooklyn,-37.8219985961914,144.847106933594,2020-01-28,Visibility Reduction,0.55
Brooklyn,-37.8219985961914,144.847106933594,2020-01-29,PM10,30.75
Brooklyn,-37.8219985961914,144.847106933594,2020-01-29,Visibility Reduction,0.65
Brooklyn,-37.8219985961914,144.847106933594,2020-01-30,PM10,54.57
Brooklyn,-37.8219985961914,144.847106933594,2020-01-30,Visibility Reduction,0.68
Brooklyn,-37.8219985961914,144.847106933594,2020-01-31,PM10,91.75
Brooklyn,-37.8219985961914,144.847106933594,2020-01-31,Visibility Reduction,0.87
Brooklyn,-37.8219985961914,144.847106933594,2020-02-01,PM10,22.55
Brooklyn,-37.8219985961914,144.847106933594,2020-02-01,Visibility Reduction,0.42
Brooklyn,-37.8219985961914,144.847106933594,2020-02-02,PM10,11.61
Brooklyn,-37.8219985961914,144.847106933594,2020-02-02,Visibility Reduction,0.39
Brooklyn,-37.8219985961914,144.847106933594,2020-02-03,PM10,19.56
Brooklyn,-37.8219985961914,144.847106933594,2020-02-03,Visibility Reduction,0.38
Brooklyn,-37.8219985961914,144.847106933594,2020-02-04,PM10,23.45
Brooklyn,-37.8219985961914,144.847106933594,2020-02-04,Visibility Reduction,0.42
Brooklyn,-37.8219985961914,144.847106933594,2020-02-05,PM10,19.75
Brooklyn,-37.8219985961914,144.847106933594,2020-02-05,Visibility Reduction,0.43
Brooklyn,-37.8219985961914,144.847106933594,2020-02-06,PM10,49.46
Brooklyn,-37.8219985961914,144.847106933594,2020-02-06,Visibility Reduction,1.81
Brooklyn,-37.8219985961914,144.847106933594,2020-02-07,PM10,55.65
Brooklyn,-37.8219985961914,144.847106933594,2020-02-07,Visibility Reduction,2.64
Brooklyn,-37.8219985961914,144.847106933594,2020-02-08,PM10,36.65
Brooklyn,-37.8219985961914,144.847106933594,2020-02-08,Visibility Reduction,1.4
Brooklyn,-37.8219985961914,144.847106933594,2020-02-09,PM10,18.05
Brooklyn,-37.8219985961914,144.847106933594,2020-02-09,Visibility Reduction,0.58
Brooklyn,-37.8219985961914,144.847106933594,2020-02-10,PM10,9.66
Brooklyn,-37.8219985961914,144.847106933594,2020-02-10,Visibility Reduction,0.37
Brooklyn,-37.8219985961914,144.847106933594,2020-02-11,PM10,19.1
Brooklyn,-37.8219985961914,144.847106933594,2020-02-11,Visibility Reduction,0.63
Brooklyn,-37.8219985961914,144.847106933594,2020-02-12,PM10,13.23
Brooklyn,-37.8219985961914,144.847106933594,2020-02-12,Visibility Reduction,0.47
Brooklyn,-37.8219985961914,144.847106933594,2020-02-13,PM10,15.37
Brooklyn,-37.8219985961914,144.847106933594,2020-02-13,Visibility Reduction,0.38
Brooklyn,-37.8219985961914,144.847106933594,2020-02-14,PM10,21.1
Brooklyn,-37.8219985961914,144.847106933594,2020-02-14,Visibility Reduction,0.64
Brooklyn,-37.8219985961914,144.847106933594,2020-02-15,PM10,12.41
Brooklyn,-37.8219985961914,144.847106933594,2020-02-15,Visibility Reduction,0.56
Brooklyn,-37.8219985961914,144.847106933594,2020-02-16,PM10,10.02
Brooklyn,-37.8219985961914,144.847106933594,2020-02-16,Visibility Reduction,0.38
Brooklyn,-37.8219985961914,144.847106933594,2020-02-17,PM10,26.77
Brooklyn,-37.8219985961914,144.847106933594,2020-02-17,Visibility Reduction,0.58
Brooklyn,-37.8219985961914,144.847106933594,2020-02-18,PM10,17.53
Brooklyn,-37.8219985961914,144.847106933594,2020-02-18,Visibility Reduction,0.61
Brooklyn,-37.8219985961914,144.847106933594,2020-02-19,PM10,14.88
Brooklyn,-37.8219985961914,144.847106933594,2020-02-19,Visibility Reduction,0.47
Brooklyn,-37.8219985961914,144.847106933594,2020-02-20,PM10,14.14
Brooklyn,-37.8219985961914,144.847106933594,2020-02-20,Visibility Reduction,0.38
Brooklyn,-37.8219985961914,144.847106933594,2020-02-21,PM10,12.69
Brooklyn,-37.8219985961914,144.847106933594,2020-02-21,Visibility Reduction,0.35
Brooklyn,-37.8219985961914,144.847106933594,2020-02-22,PM10,15.41
Brooklyn,-37.8219985961914,144.847106933594,2020-02-22,Visibility Reduction,0.41
Brooklyn,-37.8219985961914,144.847106933594,2020-02-23,PM10,24.97
Brooklyn,-37.8219985961914,144.847106933594,2020-02-23,Visibility Reduction,0.54
Brooklyn,-37.8219985961914,144.847106933594,2020-02-24,PM10,32.87
Brooklyn,-37.8219985961914,144.847106933594,2020-02-24,Visibility Reduction,0.83
Brooklyn,-37.8219985961914,144.847106933594,2020-02-25,PM10,28.12
Brooklyn,-37.8219985961914,144.847106933594,2020-02-25,Visibility Reduction,0.72
Brooklyn,-37.8219985961914,144.847106933594,2020-02-26,PM10,17.32
Brooklyn,-37.8219985961914,144.847106933594,2020-02-26,Visibility Reduction,0.39
Brooklyn,-37.8219985961914,144.847106933594,2020-02-27,PM10,28.52
Brooklyn,-37.8219985961914,144.847106933594,2020-02-27,Visibility Reduction,0.42
Brooklyn,-37.8219985961914,144.847106933594,2020-02-28,PM10,13.5
Brooklyn,-37.8219985961914,144.847106933594,2020-02-28,Visibility Reduction,0.36
Brooklyn,-37.8219985961914,144.847106933594,2020-02-29,PM10,13.75
Brooklyn,-37.8219985961914,144.847106933594,2020-02-29,Visibility Reduction,0.36
Churchill,-38.30431366,146.4149323,2019-09-01,PM2.5,10.02
Churchill,-38.30431366,146.4149323,2019-09-02,PM2.5,6.59
Churchill,-38.30431366,146.4149323,2019-09-03,PM2.5,4.29
Churchill,-38.30431366,146.4149323,2019-09-04,PM2.5,7.75
Churchill,-38.30431366,146.4149323,2019-09-05,PM2.5,6.08
Churchill,-38.30431366,146.4149323,2019-09-06,PM2.5,5.95
Churchill,-38.30431366,146.4149323,2019-09-07,PM2.5,6.76
Churchill,-38.30431366,146.4149323,2019-09-08,PM2.5,2.35
Churchill,-38.30431366,146.4149323,2019-09-09,PM2.5,5.41
Churchill,-38.30431366,146.4149323,2019-09-10,PM2.5,8.35
Churchill,-38.30431366,146.4149323,2019-09-11,PM2.5,7.97
Churchill,-38.30431366,146.4149323,2019-09-12,PM2.5,6.92
Churchill,-38.30431366,146.4149323,2019-09-13,PM2.5,7.4
Churchill,-38.30431366,146.4149323,2019-09-14,PM2.5,10.4
Churchill,-38.30431366,146.4149323,2019-09-15,PM2.5,5.23
Churchill,-38.30431366,146.4149323,2019-09-16,PM2.5,10.49
Churchill,-38.30431366,146.4149323,2019-09-17,PM2.5,4.35
Churchill,-38.30431366,146.4149323,2019-09-18,PM2.5,5.66
Churchill,-38.30431366,146.4149323,2019-09-19,PM2.5,5.95
Churchill,-38.30431366,146.4149323,2019-09-20,PM2.5,7.35
Churchill,-38.30431366,146.4149323,2019-09-21,PM2.5,7.45
Churchill,-38.30431366,146.4149323,2019-09-22,PM2.5,4.93
Churchill,-38.30431366,146.4149323,2019-09-23,PM2.5,6.82
Churchill,-38.30431366,146.4149323,2019-09-24,PM2.5,4.13
Churchill,-38.30431366,146.4149323,2019-09-25,PM2.5,7.4
Churchill,-38.30431366,146.4149323,2019-09-26,PM2.5,3.3
Churchill,-38.30431366,146.4149323,2019-09-27,PM2.5,7.56
Churchill,-38.30431366,146.4149323,2019-09-28,PM2.5,4.79
Churchill,-38.30431366,146.4149323,2019-09-29,PM2.5,6.54
Churchill,-38.30431366,146.4149323,2019-09-30,PM2.5,6.31
Churchill,-38.30431366,146.4149323,2019-10-01,PM2.5,4.9
Churchill,-38.30431366,146.4149323,2019-10-02,PM2.5,12.38
Churchill,-38.30431366,146.4149323,2019-10-03,PM2.5,5.41
Churchill,-38.30431366,146.4149323,2019-10-04,PM2.5,4.99
Churchill,-38.30431366,146.4149323,2019-10-05,PM2.5,5.0
Churchill,-38.30431366,146.4149323,2019-10-06,PM2.5,3.85
Churchill,-38.30431366,146.4149323,2019-10-07,PM2.5,8.05
Churchill,-38.30431366,146.4149323,2019-10-08,PM2.5,3.3
Churchill,-38.30431366,146.4149323,2019-10-09,PM2.5,4.72
Churchill,-38.30431366,146.4149323,2019-10-10,PM2.5,3.1
Churchill,-38.30431366,146.4149323,2019-10-11,PM2.5,3.94
Churchill,-38.30431366,146.4149323,2019-10-12,PM2.5,2.47
Churchill,-38.30431366,146.4149323,2019-10-13,PM2.5,2.84
Churchill,-38.30431366,146.4149323,2019-10-14,PM2.5,2.88
Churchill,-38.30431366,146.4149323,2019-10-15,PM2.5,8.78
Churchill,-38.30431366,146.4149323,2019-10-16,PM2.5,0.71
Churchill,-38.30431366,146.4149323,2019-10-17,PM2.5,3.89
Churchill,-38.30431366,146.4149323,2019-10-18,PM2.5,5.05
Churchill,-38.30431366,146.4149323,2019-10-19,PM2.5,5.27
Churchill,-38.30431366,146.4149323,2019-10-20,PM2.5,4.94
Churchill,-38.30431366,146.4149323,2019-10-21,PM2.5,3.01
Churchill,-38.30431366,146.4149323,2019-10-22,PM2.5,3.42
Churchill,-38.30431366,146.4149323,2019-10-23,PM2.5,4.96
Churchill,-38.30431366,146.4149323,2019-10-24,PM2.5,6.51
Churchill,-38.30431366,146.4149323,2019-10-25,PM2.5,4.79
Churchill,-38.30431366,146.4149323,2019-10-26,PM2.5,6.46
Churchill,-38.30431366,146.4149323,2019-10-27,PM2.5,4.02
Churchill,-38.30431366,146.4149323,2019-10-28,PM2.5,2.33
Churchill,-38.30431366,146.4149323,2019-10-29,PM2.5,3.77
Churchill,-38.30431366,146.4149323,2019-10-30,PM2.5,3.1
Churchill,-38.30431366,146.4149323,2019-10-31,PM2.5,6.49
Churchill,-38.30431366,146.4149323,2019-11-01,PM2.5,10.2
Churchill,-38.30431366,146.4149323,2019-11-02,PM2.5,5.35
Churchill,-38.30431366,146.4149323,2019-11-03,PM2.5,7.39
Churchill,-38.30431366,146.4149323,2019-11-04,PM2.5,2.26
Churchill,-38.30431366,146.4149323,2019-11-05,PM2.5,3.87
Churchill,-38.30431366,146.4149323,2019-11-06,PM2.5,4.62
Churchill,-38.30431366,146.4149323,2019-11-07,PM2.5,3.69
Churchill,-38.30431366,146.4149323,2019-11-08,PM2.5,8.82
Churchill,-38.30431366,146.4149323,2019-11-09,PM2.5,-0.35
Churchill,-38.30431366,146.4149323,2019-11-10,PM2.5,3.03
Churchill,-38.30431366,146.4149323,2019-11-11,PM2.5,6.57
Churchill,-38.30431366,146.4149323,2019-11-12,PM2.5,3.75
Churchill,-38.30431366,146.4149323,2019-11-13,PM2.5,1.19
Churchill,-38.30431366,146.4149323,2019-11-14,PM2.5,2.95
Churchill,-38.30431366,146.4149323,2019-11-15,PM2.5,5.49
Churchill,-38.30431366,146.4149323,2019-11-16,PM2.5,4.82
Churchill,-38.30431366,146.4149323,2019-11-17,PM2.5,4.02
Churchill,-38.30431366,146.4149323,2019-11-18,PM2.5,2.31
Churchill,-38.30431366,146.4149323,2019-11-19,PM2.5,6.42
Churchill,-38.30431366,146.4149323,2019-11-20,PM2.5,3.78
Churchill,-38.30431366,146.4149323,2019-11-21,PM2.5,13.36
Churchill,-38.30431366,146.4149323,2019-11-22,PM2.5,5.95
Churchill,-38.30431366,146.4149323,2019-11-23,PM2.5,3.37
Churchill,-38.30431366,146.4149323,2019-11-24,PM2.5,9.13
Churchill,-38.30431366,146.4149323,2019-11-25,PM2.5,6.68
Churchill,-38.30431366,146.4149323,2019-11-26,PM2.5,28.17
Churchill,-38.30431366,146.4149323,2019-11-27,PM2.5,1.63
Churchill,-38.30431366,146.4149323,2019-11-28,PM2.5,4.62
Churchill,-38.30431366,146.4149323,2019-11-29,PM2.5,14.38
Churchill,-38.30431366,146.4149323,2019-11-30,PM2.5,5.38
Churchill,-38.30431366,146.4149323,2019-12-01,PM2.5,0.41
Churchill,-38.30431366,146.4149323,2019-12-02,PM2.5,5.99
Churchill,-38.30431366,146.4149323,2019-12-03,PM2.5,0.45
Churchill,-38.30431366,146.4149323,2019-12-04,PM2.5,3.86
Churchill,-38.30431366,146.4149323,2019-12-05,PM2.5,2.64
Churchill,-38.30431366,146.4149323,2019-12-06,PM2.5,7.13
Churchill,-38.30431366,146.4149323,2019-12-07,PM2.5,6.94
Churchill,-38.30431366,146.4149323,2019-12-08,PM2.5,6.15
Churchill,-38.30431366,146.4149323,2019-12-09,PM2.5,8.58
Churchill,-38.30431366,146.4149323,2019-12-10,PM2.5,7.41
Churchill,-38.30431366,146.4149323,2019-12-11,PM2.5,3.48
Churchill,-38.30431366,146.4149323,2019-12-12,PM2.5,5.43
Churchill,-38.30431366,146.4149323,2019-12-13,PM2.5,1.84
Churchill,-38.30431366,146.4149323,2019-12-14,PM2.5,2.2
Churchill,-38.30431366,146.4149323,2019-12-15,PM2.5,6.22
Churchill,-38.30431366,146.4149323,2019-12-16,PM2.5,0.73
Churchill,-38.30431366,146.4149323,2019-12-17,PM2.5,5.8
Churchill,-38.30431366,146.4149323,2019-12-18,PM2.5,13.77
Churchill,-38.30431366,146.4149323,2019-12-19,PM2.5,8.4
Churchill,-38.30431366,146.4149323,2019-12-20,PM2.5,29.61
Churchill,-38.30431366,146.4149323,2019-12-21,PM2.5,15.82
Churchill,-38.30431366,146.4149323,2019-12-22,PM2.5,7.16
Churchill,-38.30431366,146.4149323,2019-12-23,PM2.5,14.05
Churchill,-38.30431366,146.4149323,2019-12-24,PM2.5,8.35
Churchill,-38.30431366,146.4149323,2019-12-25,PM2.5,7.81
Churchill,-38.30431366,146.4149323,2019-12-26,PM2.5,9.84
Churchill,-38.30431366,146.4149323,2019-12-27,PM2.5,11.35
Churchill,-38.30431366,146.4149323,2019-12-28,PM2.5,27.11
Churchill,-38.30431366,146.4149323,2019-12-29,PM2.5,13.83
Churchill,-38.30431366,146.4149323,2019-12-30,PM2.5,17.07
Churchill,-38.30431366,146.4149323,2019-12-31,PM2.5,9.59
Churchill,-38.304313659668,146.414932250977,2020-01-01,PM2.5,5.26
Churchill,-38.304313659668,146.414932250977,2020-01-02,PM2.5,6.31
Churchill,-38.304313659668,146.414932250977,2020-01-03,PM2.5,98.35
Churchill,-38.304313659668,146.414932250977,2020-01-04,PM2.5,75.98
Churchill,-38.304313659668,146.414932250977,2020-01-05,PM2.5,-0.08
Churchill,-38.304313659668,146.414932250977,2020-01-06,PM2.5,133.3
Churchill,-38.304313659668,146.414932250977,2020-01-07,PM2.5,60.24
Churchill,-38.304313659668,146.414932250977,2020-01-08,PM2.5,10.1
Churchill,-38.304313659668,146.414932250977,2020-01-09,PM2.5,6.88
Churchill,-38.304313659668,146.414932250977,2020-01-10,PM2.5,24.4
Churchill,-38.304313659668,146.414932250977,2020-01-11,PM2.5,4.85
Churchill,-38.304313659668,146.414932250977,2020-01-12,PM2.5,6.08
Churchill,-38.304313659668,146.414932250977,2020-01-13,PM2.5,165.26
Churchill,-38.304313659668,146.414932250977,2020-01-14,PM2.5,204.25
Churchill,-38.304313659668,146.414932250977,2020-01-15,PM2.5,241.55
Churchill,-38.304313659668,146.414932250977,2020-01-16,PM2.5,40.69
Churchill,-38.304313659668,146.414932250977,2020-01-17,PM2.5,6.49
Churchill,-38.304313659668,146.414932250977,2020-01-18,PM2.5,9.45
Churchill,-38.304313659668,146.414932250977,2020-01-19,PM2.5,9.76
Churchill,-38.304313659668,146.414932250977,2020-01-20,PM2.5,1.76
Churchill,-38.304313659668,146.414932250977,2020-01-21,PM2.5,5.08
Churchill,-38.304313659668,146.414932250977,2020-01-22,PM2.5,7.72
Churchill,-38.304313659668,146.414932250977,2020-01-23,PM2.5,3.82
Churchill,-38.304313659668,146.414932250977,2020-01-24,PM2.5,4.18
Churchill,-38.304313659668,146.414932250977,2020-01-25,PM2.5,5.92
Churchill,-38.304313659668,146.414932250977,2020-01-26,PM2.5,15.37
Churchill,-38.304313659668,146.414932250977,2020-01-27,PM2.5,3.97
Churchill,-38.304313659668,146.414932250977,2020-01-28,PM2.5,6.59
Churchill,-38.304313659668,146.414932250977,2020-01-29,PM2.5,3.1
Churchill,-38.304313659668,146.414932250977,2020-01-30,PM2.5,8.98
Churchill,-38.304313659668,146.414932250977,2020-01-31,PM2.5,12.5
Churchill,-38.304313659668,146.414932250977,2020-02-01,PM2.5,9.85
Churchill,-38.304313659668,146.414932250977,2020-02-02,PM2.5,5.42
Churchill,-38.304313659668,146.414932250977,2020-02-03,PM2.5,5.36
Churchill,-38.304313659668,146.414932250977,2020-02-04,PM2.5,8.89
Churchill,-38.304313659668,146.414932250977,2020-02-05,PM2.5,8.99
Churchill,-38.304313659668,146.414932250977,2020-02-06,PM2.5,31.7
Churchill,-38.304313659668,146.414932250977,2020-02-07,PM2.5,41.8
Churchill,-38.304313659668,146.414932250977,2020-02-08,PM2.5,10.04
Churchill,-38.304313659668,146.414932250977,2020-02-09,PM2.5,6.97
Churchill,-38.304313659668,146.414932250977,2020-02-10,PM2.5,2.22
Churchill,-38.304313659668,146.414932250977,2020-02-11,PM2.5,4.79
Churchill,-38.304313659668,146.414932250977,2020-02-12,PM2.5,2.83
Churchill,-38.304313659668,146.414932250977,2020-02-13,PM2.5,0.1
Churchill,-38.304313659668,146.414932250977,2020-02-14,PM2.5,3.7
Churchill,-38.304313659668,146.414932250977,2020-02-17,PM2.5,7.26
Churchill,-38.304313659668,146.414932250977,2020-02-18,PM2.5,2.5
Churchill,-38.304313659668,146.414932250977,2020-02-19,PM2.5,4.45
Churchill,-38.304313659668,146.414932250977,2020-02-20,PM2.5,3.9
Churchill,-38.304313659668,146.414932250977,2020-02-21,PM2.5,4.96
Churchill,-38.304313659668,146.414932250977,2020-02-22,PM2.5,3.0
Churchill,-38.304313659668,146.414932250977,2020-02-23,PM2.5,5.33
Churchill,-38.304313659668,146.414932250977,2020-02-24,PM2.5,8.15
Churchill,-38.304313659668,146.414932250977,2020-02-25,PM2.5,5.69
Churchill,-38.304313659668,146.414932250977,2020-02-26,PM2.5,4.25
Churchill,-38.304313659668,146.414932250977,2020-02-27,PM2.5,7.02
Churchill,-38.304313659668,146.414932250977,2020-02-28,PM2.5,6.2
Churchill,-38.304313659668,146.414932250977,2020-02-29,PM2.5,9.06
Dandenong,-37.98575974,145.1987,2019-09-01,PM10,8.27
Dandenong,-37.98575974,145.1987,2019-09-01,Visibility Reduction,0.3
Dandenong,-37.98575974,145.1987,2019-09-02,PM10,9.11
Dandenong,-37.98575974,145.1987,2019-09-02,Visibility Reduction,0.44
Dandenong,-37.98575974,145.1987,2019-09-03,PM10,13.32
Dandenong,-37.98575974,145.1987,2019-09-03,Visibility Reduction,0.41
Dandenong,-37.98575974,145.1987,2019-09-04,PM10,14.29
Dandenong,-37.98575974,145.1987,2019-09-04,Visibility Reduction,0.61
Dandenong,-37.98575974,145.1987,2019-09-05,PM10,11.86
Dandenong,-37.98575974,145.1987,2019-09-05,Visibility Reduction,0.5
Dandenong,-37.98575974,145.1987,2019-09-06,PM10,9.43
Dandenong,-37.98575974,145.1987,2019-09-06,Visibility Reduction,0.41
Dandenong,-37.98575974,145.1987,2019-09-07,PM10,10.43
Dandenong,-37.98575974,145.1987,2019-09-07,Visibility Reduction,0.36
Dandenong,-37.98575974,145.1987,2019-09-08,PM10,11.07
Dandenong,-37.98575974,145.1987,2019-09-08,Visibility Reduction,0.36
Dandenong,-37.98575974,145.1987,2019-09-09,PM10,17.89
Dandenong,-37.98575974,145.1987,2019-09-09,Visibility Reduction,0.41
Dandenong,-37.98575974,145.1987,2019-09-10,PM10,14.49
Dandenong,-37.98575974,145.1987,2019-09-10,Visibility Reduction,0.46
Dandenong,-37.98575974,145.1987,2019-09-11,PM10,11.65
Dandenong,-37.98575974,145.1987,2019-09-11,Visibility Reduction,0.48
Dandenong,-37.98575974,145.1987,2019-09-12,PM10,19.1
Dandenong,-37.98575974,145.1987,2019-09-12,Visibility Reduction,0.46
Dandenong,-37.98575974,145.1987,2019-09-13,PM10,18.63
Dandenong,-37.98575974,145.1987,2019-09-13,Visibility Reduction,0.45
Dandenong,-37.98575974,145.1987,2019-09-14,PM10,25.18
Dandenong,-37.98575974,145.1987,2019-09-14,Visibility Reduction,0.62
Dandenong,-37.98575974,145.1987,2019-09-15,PM10,10.36
Dandenong,-37.98575974,145.1987,2019-09-15,Visibility Reduction,0.42
Dandenong,-37.98575974,145.1987,2019-09-16,PM10,16.68
Dandenong,-37.98575974,145.1987,2019-09-16,Visibility Reduction,0.45
Dandenong,-37.98575974,145.1987,2019-09-17,PM10,19.85
Dandenong,-37.98575974,145.1987,2019-09-17,Visibility Reduction,0.48
Dandenong,-37.98575974,145.1987,2019-09-18,PM10,17.06
Dandenong,-37.98575974,145.1987,2019-09-18,Visibility Reduction,0.51
Dandenong,-37.98575974,145.1987,2019-09-19,PM10,10.1
Dandenong,-37.98575974,145.1987,2019-09-19,Visibility Reduction,0.36
Dandenong,-37.98575974,145.1987,2019-09-20,PM10,15.86
Dandenong,-37.98575974,145.1987,2019-09-20,Visibility Reduction,0.49
Dandenong,-37.98575974,145.1987,2019-09-21,PM10,24.15
Dandenong,-37.98575974,145.1987,2019-09-21,Visibility Reduction,0.47
Dandenong,-37.98575974,145.1987,2019-09-22,PM10,5.82
Dandenong,-37.98575974,145.1987,2019-09-22,Visibility Reduction,0.29
Dandenong,-37.98575974,145.1987,2019-09-23,PM10,7.6
Dandenong,-37.98575974,145.1987,2019-09-23,Visibility Reduction,0.31
Dandenong,-37.98575974,145.1987,2019-09-24,PM10,11.35
Dandenong,-37.98575974,145.1987,2019-09-24,Visibility Reduction,0.33
Dandenong,-37.98575974,145.1987,2019-09-25,PM10,9.33
Dandenong,-37.98575974,145.1987,2019-09-25,Visibility Reduction,0.37
Dandenong,-37.98575974,145.1987,2019-09-26,PM10,10.11
Dandenong,-37.98575974,145.1987,2019-09-26,Visibility Reduction,0.52
Dandenong,-37.98575974,145.1987,2019-09-27,PM10,12.54
Dandenong,-37.98575974,145.1987,2019-09-27,Visibility Reduction,0.36
Dandenong,-37.98575974,145.1987,2019-09-28,PM10,16.03
Dandenong,-37.98575974,145.1987,2019-09-28,Visibility Reduction,0.45
Dandenong,-37.98575974,145.1987,2019-09-29,PM10,12.99
Dandenong,-37.98575974,145.1987,2019-09-29,Visibility Reduction,0.41
Dandenong,-37.98575974,145.1987,2019-09-30,PM10,16.37
Dandenong,-37.98575974,145.1987,2019-09-30,Visibility Reduction,0.39
Dandenong,-37.98575974,145.1987,2019-10-01,PM10,19.6
Dandenong,-37.98575974,145.1987,2019-10-01,Visibility Reduction,0.51
Dandenong,-37.98575974,145.1987,2019-10-02,PM10,23.05
Dandenong,-37.98575974,145.1987,2019-10-02,Visibility Reduction,0.51
Dandenong,-37.98575974,145.1987,2019-10-03,PM10,31.93
Dandenong,-37.98575974,145.1987,2019-10-03,Visibility Reduction,0.66
Dandenong,-37.98575974,145.1987,2019-10-04,PM10,10.23
Dandenong,-37.98575974,145.1987,2019-10-04,Visibility Reduction,0.39
Dandenong,-37.98575974,145.1987,2019-10-05,PM10,15.0
Dandenong,-37.98575974,145.1987,2019-10-05,Visibility Reduction,0.6
Dandenong,-37.98575974,145.1987,2019-10-06,PM10,16.63
Dandenong,-37.98575974,145.1987,2019-10-06,Visibility Reduction,0.44
Dandenong,-37.98575974,145.1987,2019-10-07,PM10,13.37
Dandenong,-37.98575974,145.1987,2019-10-07,Visibility Reduction,0.35
Dandenong,-37.98575974,145.1987,2019-10-08,PM10,11.47
Dandenong,-37.98575974,145.1987,2019-10-08,Visibility Reduction,0.33
Dandenong,-37.98575974,145.1987,2019-10-09,PM10,12.31
Dandenong,-37.98575974,145.1987,2019-10-09,Visibility Reduction,0.35
Dandenong,-37.98575974,145.1987,2019-10-10,PM10,11.74
Dandenong,-37.98575974,145.1987,2019-10-10,Visibility Reduction,0.37
Dandenong,-37.98575974,145.1987,2019-10-11,PM10,22.13
Dandenong,-37.98575974,145.1987,2019-10-11,Visibility Reduction,0.42
Dandenong,-37.98575974,145.1987,2019-10-12,PM10,12.92
Dandenong,-37.98575974,145.1987,2019-10-12,Visibility Reduction,0.35
Dandenong,-37.98575974,145.1987,2019-10-13,PM10,11.15
Dandenong,-37.98575974,145.1987,2019-10-13,Visibility Reduction,0.35
Dandenong,-37.98575974,145.1987,2019-10-14,PM10,18.21
Dandenong,-37.98575974,145.1987,2019-10-14,Visibility Reduction,0.5
Dandenong,-37.98575974,145.1987,2019-10-15,PM10,17.82
Dandenong,-37.98575974,145.1987,2019-10-15,Visibility Reduction,0.53
Dandenong,-37.98575974,145.1987,2019-10-16,PM10,13.89
Dandenong,-37.98575974,145.1987,2019-10-16,Visibility Reduction,0.43
Dandenong,-37.98575974,145.1987,2019-10-17,PM10,7.84
Dandenong,-37.98575974,145.1987,2019-10-17,Visibility Reduction,0.33
Dandenong,-37.98575974,145.1987,2019-10-18,PM10,16.48
Dandenong,-37.98575974,145.1987,2019-10-18,Visibility Reduction,0.39
Dandenong,-37.98575974,145.1987,2019-10-19,PM10,12.53
Dandenong,-37.98575974,145.1987,2019-10-19,Visibility Reduction,0.35
Dandenong,-37.98575974,145.1987,2019-10-20,PM10,18.14
Dandenong,-37.98575974,145.1987,2019-10-20,Visibility Reduction,0.44
Dandenong,-37.98575974,145.1987,2019-10-21,PM10,10.94
Dandenong,-37.98575974,145.1987,2019-10-21,Visibility Reduction,0.36
Dandenong,-37.98575974,145.1987,2019-10-22,PM10,15.41
Dandenong,-37.98575974,145.1987,2019-10-22,Visibility Reduction,0.58
Dandenong,-37.98575974,145.1987,2019-10-23,Visibility Reduction,0.49
Dandenong,-37.98575974,145.1987,2019-10-24,Visibility Reduction,0.43
Dandenong,-37.98575974,145.1987,2019-10-25,PM10,19.22
Dandenong,-37.98575974,145.1987,2019-10-25,Visibility Reduction,0.5
Dandenong,-37.98575974,145.1987,2019-10-26,PM10,14.45
Dandenong,-37.98575974,145.1987,2019-10-26,Visibility Reduction,0.33
Dandenong,-37.98575974,145.1987,2019-10-27,PM10,14.42
Dandenong,-37.98575974,145.1987,2019-10-27,Visibility Reduction,0.38
Dandenong,-37.98575974,145.1987,2019-10-28,PM10,19.6
Dandenong,-37.98575974,145.1987,2019-10-28,Visibility Reduction,0.55
Dandenong,-37.98575974,145.1987,2019-10-29,PM10,18.7
Dandenong,-37.98575974,145.1987,2019-10-29,Visibility Reduction,0.36
Dandenong,-37.98575974,145.1987,2019-10-30,PM10,34.4
Dandenong,-37.98575974,145.1987,2019-10-30,Visibility Reduction,0.62
Dandenong,-37.98575974,145.1987,2019-10-31,PM10,51.3
Dandenong,-37.98575974,145.1987,2019-10-31,Visibility Reduction,0.46
Dandenong,-37.98575974,145.1987,2019-11-01,PM10,79.28
Dandenong,-37.98575974,145.1987,2019-11-01,Visibility Reduction,0.83
Dandenong,-37.98575974,145.1987,2019-11-02,PM10,12.75
Dandenong,-37.98575974,145.1987,2019-11-02,Visibility Reduction,0.4
Dandenong,-37.98575974,145.1987,2019-11-03,PM10,8.81
Dandenong,-37.98575974,145.1987,2019-11-03,Visibility Reduction,0.42
Dandenong,-37.98575974,145.1987,2019-11-04,PM10,10.2
Dandenong,-37.98575974,145.1987,2019-11-04,Visibility Reduction,0.37
Dandenong,-37.98575974,145.1987,2019-11-05,PM10,11.38
Dandenong,-37.98575974,145.1987,2019-11-05,Visibility Reduction,0.34
Dandenong,-37.98575974,145.1987,2019-11-06,PM10,16.76
Dandenong,-37.98575974,145.1987,2019-11-06,Visibility Reduction,0.36
Dandenong,-37.98575974,145.1987,2019-11-07,PM10,12.0
Dandenong,-37.98575974,145.1987,2019-11-07,Visibility Reduction,0.34
Dandenong,-37.98575974,145.1987,2019-11-08,PM10,12.38
Dandenong,-37.98575974,145.1987,2019-11-08,Visibility Reduction,0.34
Dandenong,-37.98575974,145.1987,2019-11-09,PM10,10.78
Dandenong,-37.98575974,145.1987,2019-11-09,Visibility Reduction,0.34
Dandenong,-37.98575974,145.1987,2019-11-10,PM10,10.3
Dandenong,-37.98575974,145.1987,2019-11-10,Visibility Reduction,0.33
Dandenong,-37.98575974,145.1987,2019-11-11,PM10,12.85
Dandenong,-37.98575974,145.1987,2019-11-11,Visibility Reduction,0.36
Dandenong,-37.98575974,145.1987,2019-11-12,PM10,21.57
Dandenong,-37.98575974,145.1987,2019-11-12,Visibility Reduction,0.41
Dandenong,-37.98575974,145.1987,2019-11-13,PM10,15.83
Dandenong,-37.98575974,145.1987,2019-11-13,Visibility Reduction,0.38
Dandenong,-37.98575974,145.1987,2019-11-14,PM10,10.94
Dandenong,-37.98575974,145.1987,2019-11-14,Visibility Reduction,0.3
Dandenong,-37.98575974,145.1987,2019-11-15,PM10,14.48
Dandenong,-37.98575974,145.1987,2019-11-15,Visibility Reduction,0.35
Dandenong,-37.98575974,145.1987,2019-11-16,PM10,19.19
Dandenong,-37.98575974,145.1987,2019-11-16,Visibility Reduction,0.43
Dandenong,-37.98575974,145.1987,2019-11-17,PM10,15.33
Dandenong,-37.98575974,145.1987,2019-11-17,Visibility Reduction,0.38
Dandenong,-37.98575974,145.1987,2019-11-18,PM10,18.37
Dandenong,-37.98575974,145.1987,2019-11-18,Visibility Reduction,0.4
Dandenong,-37.98575974,145.1987,2019-11-19,PM10,20.22
Dandenong,-37.98575974,145.1987,2019-11-19,Visibility Reduction,0.46
Dandenong,-37.98575974,145.1987,2019-11-20,PM10,17.57
Dandenong,-37.98575974,145.1987,2019-11-20,Visibility Reduction,0.41
Dandenong,-37.98575974,145.1987,2019-11-21,PM10,86.32
Dandenong,-37.98575974,145.1987,2019-11-21,Visibility Reduction,0.77
Dandenong,-37.98575974,145.1987,2019-11-22,PM10,20.29
Dandenong,-37.98575974,145.1987,2019-11-22,Visibility Reduction,0.39
Dandenong,-37.98575974,145.1987,2019-11-23,PM10,19.38
Dandenong,-37.98575974,145.1987,2019-11-23,Visibility Reduction,0.43
Dandenong,-37.98575974,145.1987,2019-11-24,PM10,23.79
Dandenong,-37.98575974,145.1987,2019-11-24,Visibility Reduction,0.51
Dandenong,-37.98575974,145.1987,2019-11-25,PM10,27.9
Dandenong,-37.98575974,145.1987,2019-11-25,Visibility Reduction,0.46
Dandenong,-37.98575974,145.1987,2019-11-26,PM10,40.48
Dandenong,-37.98575974,145.1987,2019-11-26,Visibility Reduction,0.46
Dandenong,-37.98575974,145.1987,2019-11-27,PM10,23.08
Dandenong,-37.98575974,145.1987,2019-11-27,Visibility Reduction,0.41
Dandenong,-37.98575974,145.1987,2019-11-28,PM10,21.19
Dandenong,-37.98575974,145.1987,2019-11-28,Visibility Reduction,0.46
Dandenong,-37.98575974,145.1987,2019-11-29,PM10,24.49
Dandenong,-37.98575974,145.1987,2019-11-29,Visibility Reduction,0.74
Dandenong,-37.98575974,145.1987,2019-11-30,PM10,7.6
Dandenong,-37.98575974,145.1987,2019-11-30,Visibility Reduction,0.36
Dandenong,-37.98575974,145.1987,2019-12-01,PM10,7.64
Dandenong,-37.98575974,145.1987,2019-12-01,Visibility Reduction,0.33
Dandenong,-37.98575974,145.1987,2019-12-02,PM10,13.74
Dandenong,-37.98575974,145.1987,2019-12-02,Visibility Reduction,0.38
Dandenong,-37.98575974,145.1987,2019-12-03,PM10,14.21
Dandenong,-37.98575974,145.1987,2019-12-03,Visibility Reduction,0.4
Dandenong,-37.98575974,145.1987,2019-12-04,PM10,12.0
Dandenong,-37.98575974,145.1987,2019-12-04,Visibility Reduction,0.36
Dandenong,-37.98575974,145.1987,2019-12-05,PM10,15.25
Dandenong,-37.98575974,145.1987,2019-12-05,Visibility Reduction,0.39
Dandenong,-37.98575974,145.1987,2019-12-06,PM10,19.99
Dandenong,-37.98575974,145.1987,2019-12-06,Visibility Reduction,0.46
Dandenong,-37.98575974,145.1987,2019-12-07,PM10,25.48
Dandenong,-37.98575974,145.1987,2019-12-07,Visibility Reduction,0.54
Dandenong,-37.98575974,145.1987,2019-12-08,PM10,16.69
Dandenong,-37.98575974,145.1987,2019-12-08,Visibility Reduction,0.41
Dandenong,-37.98575974,145.1987,2019-12-09,PM10,39.87
Dandenong,-37.98575974,145.1987,2019-12-09,Visibility Reduction,0.57
Dandenong,-37.98575974,145.1987,2019-12-10,PM10,21.57
Dandenong,-37.98575974,145.1987,2019-12-10,Visibility Reduction,0.43
Dandenong,-37.98575974,145.1987,2019-12-11,PM10,27.0
Dandenong,-37.98575974,145.1987,2019-12-11,Visibility Reduction,0.5
Dandenong,-37.98575974,145.1987,2019-12-12,PM10,19.57
Dandenong,-37.98575974,145.1987,2019-12-12,Visibility Reduction,0.39
Dandenong,-37.98575974,145.1987,2019-12-13,PM10,18.2
Dandenong,-37.98575974,145.1987,2019-12-13,Visibility Reduction,0.39
Dandenong,-37.98575974,145.1987,2019-12-14,PM10,9.1
Dandenong,-37.98575974,145.1987,2019-12-14,Visibility Reduction,0.35
Dandenong,-37.98575974,145.1987,2019-12-15,PM10,11.45
Dandenong,-37.98575974,145.1987,2019-12-15,Visibility Reduction,0.43
Dandenong,-37.98575974,145.1987,2019-12-16,PM10,19.96
Dandenong,-37.98575974,145.1987,2019-12-16,Visibility Reduction,0.51
Dandenong,-37.98575974,145.1987,2019-12-17,PM10,26.26
Dandenong,-37.98575974,145.1987,2019-12-17,Visibility Reduction,0.46
Dandenong,-37.98575974,145.1987,2019-12-18,PM10,28.98
Dandenong,-37.98575974,145.1987,2019-12-18,Visibility Reduction,0.53
Dandenong,-37.98575974,145.1987,2019-12-19,PM10,29.02
Dandenong,-37.98575974,145.1987,2019-12-19,Visibility Reduction,0.61
Dandenong,-37.98575974,145.1987,2019-12-20,PM10,72.59
Dandenong,-37.98575974,145.1987,2019-12-20,Visibility Reduction,3.28
Dandenong,-37.98575974,145.1987,2019-12-21,PM10,36.43
Dandenong,-37.98575974,145.1987,2019-12-21,Visibility Reduction,0.66
Dandenong,-37.98575974,145.1987,2019-12-22,PM10,32.16
Dandenong,-37.98575974,145.1987,2019-12-22,Visibility Reduction,0.58
Dandenong,-37.98575974,145.1987,2019-12-23,PM10,41.37
Dandenong,-37.98575974,145.1987,2019-12-23,Visibility Reduction,1.5
Dandenong,-37.98575974,145.1987,2019-12-24,PM10,31.37
Dandenong,-37.98575974,145.1987,2019-12-24,Visibility Reduction,0.71
Dandenong,-37.98575974,145.1987,2019-12-25,PM10,35.0
Dandenong,-37.98575974,145.1987,2019-12-25,Visibility Reduction,1.89
Dandenong,-37.98575974,145.1987,2019-12-26,PM10,24.68
Dandenong,-37.98575974,145.1987,2019-12-26,Visibility Reduction,1.03
Dandenong,-37.98575974,145.1987,2019-12-27,PM10,58.07
Dandenong,-37.98575974,145.1987,2019-12-27,Visibility Reduction,2.71
Dandenong,-37.98575974,145.1987,2019-12-28,PM10,36.73
Dandenong,-37.98575974,145.1987,2019-12-28,Visibility Reduction,1.27
Dandenong,-37.98575974,145.1987,2019-12-29,PM10,26.56
Dandenong,-37.98575974,145.1987,2019-12-29,Visibility Reduction,0.76
Dandenong,-37.98575974,145.1987,2019-12-30,PM10,77.46
Dandenong,-37.98575974,145.1987,2019-12-30,Visibility Reduction,0.84
Dandenong,-37.98575974,145.1987,2019-12-31,PM10,19.45
Dandenong,-37.98575974,145.1987,2019-12-31,Visibility Reduction,0.53
Dandenong,-37.9857597351074,145.198699951172,2020-01-01,PM10,18.53
Dandenong,-37.9857597351074,145.198699951172,2020-01-01,Visibility Reduction,0.47
Dandenong,-37.9857597351074,145.198699951172,2020-01-02,PM10,18.39
Dandenong,-37.9857597351074,145.198699951172,2020-01-02,Visibility Reduction,0.45
Dandenong,-37.9857597351074,145.198699951172,2020-01-03,PM10,100.45
Dandenong,-37.9857597351074,145.198699951172,2020-01-03,Visibility Reduction,6.9
Dandenong,-37.9857597351074,145.198699951172,2020-01-04,PM10,82.78
Dandenong,-37.9857597351074,145.198699951172,2020-01-04,Visibility Reduction,3.79
Dandenong,-37.9857597351074,145.198699951172,2020-01-05,PM10,20.62
Dandenong,-37.9857597351074,145.198699951172,2020-01-05,Visibility Reduction,0.44
Dandenong,-37.9857597351074,145.198699951172,2020-01-06,PM10,91.54
Dandenong,-37.9857597351074,145.198699951172,2020-01-06,Visibility Reduction,8.2
Dandenong,-37.9857597351074,145.198699951172,2020-01-07,PM10,23.48
Dandenong,-37.9857597351074,145.198699951172,2020-01-07,Visibility Reduction,1.86
Dandenong,-37.9857597351074,145.198699951172,2020-01-08,PM10,29.1
Dandenong,-37.9857597351074,145.198699951172,2020-01-08,Visibility Reduction,1.58
Dandenong,-37.9857597351074,145.198699951172,2020-01-09,PM10,37.4
Dandenong,-37.9857597351074,145.198699951172,2020-01-09,Visibility Reduction,1.76
Dandenong,-37.9857597351074,145.198699951172,2020-01-10,PM10,40.36
Dandenong,-37.9857597351074,145.198699951172,2020-01-10,Visibility Reduction,1.45
Dandenong,-37.9857597351074,145.198699951172,2020-01-11,PM10,15.54
Dandenong,-37.9857597351074,145.198699951172,2020-01-11,Visibility Reduction,0.43
Dandenong,-37.9857597351074,145.198699951172,2020-01-12,PM10,12.17
Dandenong,-37.9857597351074,145.198699951172,2020-01-12,Visibility Reduction,0.34
Dandenong,-37.9857597351074,145.198699951172,2020-01-13,PM10,58.42
Dandenong,-37.9857597351074,145.198699951172,2020-01-13,Visibility Reduction,4.06
Dandenong,-37.9857597351074,145.198699951172,2020-01-14,PM10,262.62
Dandenong,-37.9857597351074,145.198699951172,2020-01-14,Visibility Reduction,20.49
Dandenong,-37.9857597351074,145.198699951172,2020-01-15,PM10,132.95
Dandenong,-37.9857597351074,145.198699951172,2020-01-15,Visibility Reduction,8.69
Dandenong,-37.9857597351074,145.198699951172,2020-01-16,PM10,44.67
Dandenong,-37.9857597351074,145.198699951172,2020-01-16,Visibility Reduction,2.37
Dandenong,-37.9857597351074,145.198699951172,2020-01-17,PM10,29.97
Dandenong,-37.9857597351074,145.198699951172,2020-01-17,Visibility Reduction,0.55
Dandenong,-37.9857597351074,145.198699951172,2020-01-18,PM10,23.88
Dandenong,-37.9857597351074,145.198699951172,2020-01-18,Visibility Reduction,1.01
Dandenong,-37.9857597351074,145.198699951172,2020-01-19,PM10,29.0
Dandenong,-37.9857597351074,145.198699951172,2020-01-19,Visibility Reduction,1.5
Dandenong,-37.9857597351074,145.198699951172,2020-01-20,PM10,14.1
Dandenong,-37.9857597351074,145.198699951172,2020-01-20,Visibility Reduction,0.62
Dandenong,-37.9857597351074,145.198699951172,2020-01-21,PM10,20.52
Dandenong,-37.9857597351074,145.198699951172,2020-01-21,Visibility Reduction,0.48
Dandenong,-37.9857597351074,145.198699951172,2020-01-22,PM10,25.13
Dandenong,-37.9857597351074,145.198699951172,2020-01-22,Visibility Reduction,0.49
Dandenong,-37.9857597351074,145.198699951172,2020-01-23,PM10,11.26
Dandenong,-37.9857597351074,145.198699951172,2020-01-23,Visibility Reduction,0.33
Dandenong,-37.9857597351074,145.198699951172,2020-01-24,PM10,21.1
Dandenong,-37.9857597351074,145.198699951172,2020-01-24,Visibility Reduction,0.4
Dandenong,-37.9857597351074,145.198699951172,2020-01-25,PM10,18.4
Dandenong,-37.9857597351074,145.198699951172,2020-01-25,Visibility Reduction,0.4
Dandenong,-37.9857597351074,145.198699951172,2020-01-26,PM10,13.94
Dandenong,-37.9857597351074,145.198699951172,2020-01-26,Visibility Reduction,0.41
Dandenong,-37.9857597351074,145.198699951172,2020-01-27,PM10,18.44
Dandenong,-37.9857597351074,145.198699951172,2020-01-27,Visibility Reduction,0.45
Dandenong,-37.9857597351074,145.198699951172,2020-01-28,PM10,24.28
Dandenong,-37.9857597351074,145.198699951172,2020-01-28,Visibility Reduction,0.52
Dandenong,-37.9857597351074,145.198699951172,2020-01-29,PM10,27.29
Dandenong,-37.9857597351074,145.198699951172,2020-01-29,Visibility Reduction,0.52
Dandenong,-37.9857597351074,145.198699951172,2020-01-30,PM10,29.41
Dandenong,-37.9857597351074,145.198699951172,2020-01-30,Visibility Reduction,0.53
Dandenong,-37.9857597351074,145.198699951172,2020-01-31,PM10,62.08
Dandenong,-37.9857597351074,145.198699951172,2020-01-31,Visibility Reduction,0.78
Dandenong,-37.9857597351074,145.198699951172,2020-02-01,PM10,15.11
Dandenong,-37.9857597351074,145.198699951172,2020-02-01,Visibility Reduction,0.39
Dandenong,-37.9857597351074,145.198699951172,2020-02-02,PM10,12.65
Dandenong,-37.9857597351074,145.198699951172,2020-02-02,Visibility Reduction,0.37
Dandenong,-37.9857597351074,145.198699951172,2020-02-03,PM10,22.26
Dandenong,-37.9857597351074,145.198699951172,2020-02-03,Visibility Reduction,0.36
Dandenong,-37.9857597351074,145.198699951172,2020-02-04,PM10,29.16
Dandenong,-37.9857597351074,145.198699951172,2020-02-04,Visibility Reduction,0.43
Dandenong,-37.9857597351074,145.198699951172,2020-02-05,PM10,27.79
Dandenong,-37.9857597351074,145.198699951172,2020-02-05,Visibility Reduction,0.44
Dandenong,-37.9857597351074,145.198699951172,2020-02-06,PM10,53.26
Dandenong,-37.9857597351074,145.198699951172,2020-02-06,Visibility Reduction,1.82
Dandenong,-37.9857597351074,145.198699951172,2020-02-07,PM10,64.37
Dandenong,-37.9857597351074,145.198699951172,2020-02-07,Visibility Reduction,3.07
Dandenong,-37.9857597351074,145.198699951172,2020-02-08,PM10,37.0
Dandenong,-37.9857597351074,145.198699951172,2020-02-08,Visibility Reduction,1.12
Dandenong,-37.9857597351074,145.198699951172,2020-02-09,PM10,20.23
Dandenong,-37.9857597351074,145.198699951172,2020-02-09,Visibility Reduction,0.6
Dandenong,-37.9857597351074,145.198699951172,2020-02-10,PM10,12.15
Dandenong,-37.9857597351074,145.198699951172,2020-02-10,Visibility Reduction,0.36
Dandenong,-37.9857597351074,145.198699951172,2020-02-11,PM10,14.63
Dandenong,-37.9857597351074,145.198699951172,2020-02-11,Visibility Reduction,0.68
Dandenong,-37.9857597351074,145.198699951172,2020-02-12,PM10,20.76
Dandenong,-37.9857597351074,145.198699951172,2020-02-12,Visibility Reduction,0.5
Dandenong,-37.9857597351074,145.198699951172,2020-02-13,PM10,23.87
Dandenong,-37.9857597351074,145.198699951172,2020-02-13,Visibility Reduction,0.36
Dandenong,-37.9857597351074,145.198699951172,2020-02-14,PM10,18.5
Dandenong,-37.9857597351074,145.198699951172,2020-02-14,Visibility Reduction,0.61
Dandenong,-37.9857597351074,145.198699951172,2020-02-15,PM10,14.9
Dandenong,-37.9857597351074,145.198699951172,2020-02-15,Visibility Reduction,0.59
Dandenong,-37.9857597351074,145.198699951172,2020-02-16,PM10,11.73
Dandenong,-37.9857597351074,145.198699951172,2020-02-16,Visibility Reduction,0.37
Dandenong,-37.9857597351074,145.198699951172,2020-02-17,PM10,28.66
Dandenong,-37.9857597351074,145.198699951172,2020-02-17,Visibility Reduction,0.53
Dandenong,-37.9857597351074,145.198699951172,2020-02-18,PM10,17.68
Dandenong,-37.9857597351074,145.198699951172,2020-02-18,Visibility Reduction,0.64
Dandenong,-37.9857597351074,145.198699951172,2020-02-19,PM10,19.18
Dandenong,-37.9857597351074,145.198699951172,2020-02-19,Visibility Reduction,0.47
Dandenong,-37.9857597351074,145.198699951172,2020-02-20,PM10,15.98
Dandenong,-37.9857597351074,145.198699951172,2020-02-20,Visibility Reduction,0.36
Dandenong,-37.9857597351074,145.198699951172,2020-02-21,PM10,21.04
Dandenong,-37.9857597351074,145.198699951172,2020-02-21,Visibility Reduction,0.37
Dandenong,-37.9857597351074,145.198699951172,2020-02-22,PM10,21.19
Dandenong,-37.9857597351074,145.198699951172,2020-02-22,Visibility Reduction,0.42
Dandenong,-37.9857597351074,145.198699951172,2020-02-23,PM10,25.16
Dandenong,-37.9857597351074,145.198699951172,2020-02-23,Visibility Reduction,0.51
Dandenong,-37.9857597351074,145.198699951172,2020-02-24,PM10,27.48
Dandenong,-37.9857597351074,145.198699951172,2020-02-24,Visibility Reduction,0.73
Dandenong,-37.9857597351074,145.198699951172,2020-02-25,PM10,21.02
Dandenong,-37.9857597351074,145.198699951172,2020-02-25,Visibility Reduction,0.61
Dandenong,-37.9857597351074,145.198699951172,2020-02-26,PM10,16.43
Dandenong,-37.9857597351074,145.198699951172,2020-02-26,Visibility Reduction,0.37
Dandenong,-37.9857597351074,145.198699951172,2020-02-27,PM10,22.72
Dandenong,-37.9857597351074,145.198699951172,2020-02-27,Visibility Reduction,0.36
Dandenong,-37.9857597351074,145.198699951172,2020-02-28,PM10,15.17
Dandenong,-37.9857597351074,145.198699951172,2020-02-28,Visibility Reduction,0.34
Dandenong,-37.9857597351074,145.198699951172,2020-02-29,PM10,10.7
Dandenong,-37.9857597351074,145.198699951172,2020-02-29,Visibility Reduction,0.33
Footscray,-37.8048782348633,144.872802734375,2020-01-01,PM2.5,8.74
Footscray,-37.8048782348633,144.872802734375,2020-01-02,PM2.5,6.98
Footscray,-37.8048782348633,144.872802734375,2020-01-03,PM2.5,61.67
Footscray,-37.8048782348633,144.872802734375,2020-01-04,PM2.5,33.19
Footscray,-37.8048782348633,144.872802734375,2020-01-05,PM2.5,4.76
Footscray,-37.8048782348633,144.872802734375,2020-01-06,PM2.5,80.57
Footscray,-37.8048782348633,144.872802734375,2020-01-07,PM2.5,20.17
Footscray,-37.8048782348633,144.872802734375,2020-01-08,PM2.5,15.98
Footscray,-37.8048782348633,144.872802734375,2020-01-09,PM2.5,22.21
Footscray,-37.8048782348633,144.872802734375,2020-01-10,PM2.5,25.43
Footscray,-37.8048782348633,144.872802734375,2020-01-11,PM2.5,5.31
Footscray,-37.8048782348633,144.872802734375,2020-01-12,PM2.5,5.3
Footscray,-37.8048782348633,144.872802734375,2020-01-13,PM2.5,47.58
Footscray,-37.8048782348633,144.872802734375,2020-01-14,PM2.5,212.87
Footscray,-37.8048782348633,144.872802734375,2020-01-15,PM2.5,111.5
Footscray,-37.8048782348633,144.872802734375,2020-01-16,PM2.5,34.52
Footscray,-37.8048782348633,144.872802734375,2020-01-17,PM2.5,8.53
Footscray,-37.8048782348633,144.872802734375,2020-01-18,PM2.5,12.57
Footscray,-37.8048782348633,144.872802734375,2020-01-19,PM2.5,19.69
Footscray,-37.8048782348633,144.872802734375,2020-01-20,PM2.5,6.29
Footscray,-37.8048782348633,144.872802734375,2020-01-21,PM2.5,7.27
Footscray,-37.8048782348633,144.872802734375,2020-01-22,PM2.5,7.66
Footscray,-37.8048782348633,144.872802734375,2020-01-23,PM2.5,1.47
Footscray,-37.8048782348633,144.872802734375,2020-01-24,PM2.5,7.01
Footscray,-37.8048782348633,144.872802734375,2020-01-25,PM2.5,7.28
Footscray,-37.8048782348633,144.872802734375,2020-01-26,PM2.5,4.78
Footscray,-37.8048782348633,144.872802734375,2020-01-27,PM2.5,5.88
Footscray,-37.8048782348633,144.872802734375,2020-01-28,PM2.5,7.8
Footscray,-37.8048782348633,144.872802734375,2020-01-29,PM2.5,7.56
Footscray,-37.8048782348633,144.872802734375,2020-01-30,PM2.5,8.25
Footscray,-37.8048782348633,144.872802734375,2020-01-31,PM2.5,16.07
Footscray,-37.8048782348633,144.872802734375,2020-02-01,PM2.5,7.4
Footscray,-37.8048782348633,144.872802734375,2020-02-02,PM2.5,2.37
Footscray,-37.8048782348633,144.872802734375,2020-02-03,PM2.5,4.49
Footscray,-37.8048782348633,144.872802734375,2020-02-04,PM2.5,6.47
Footscray,-37.8048782348633,144.872802734375,2020-02-05,PM2.5,5.97
Footscray,-37.8048782348633,144.872802734375,2020-02-06,PM2.5,19.64
Footscray,-37.8048782348633,144.872802734375,2020-02-07,PM10,42.45
Footscray,-37.8048782348633,144.872802734375,2020-02-07,PM2.5,36.05
Footscray,-37.8048782348633,144.872802734375,2020-02-08,PM10,33.66
Footscray,-37.8048782348633,144.872802734375,2020-02-08,PM2.5,20.65
Footscray,-37.8048782348633,144.872802734375,2020-02-09,PM10,16.74
Footscray,-37.8048782348633,144.872802734375,2020-02-09,PM2.5,6.02
Footscray,-37.8048782348633,144.872802734375,2020-02-10,PM10,8.77
Footscray,-37.8048782348633,144.872802734375,2020-02-10,PM2.5,3.84
Footscray,-37.8048782348633,144.872802734375,2020-02-11,PM10,24.2
Footscray,-37.8048782348633,144.872802734375,2020-02-11,PM2.5,5.26
Footscray,-37.8048782348633,144.872802734375,2020-02-12,PM10,12.56
Footscray,-37.8048782348633,144.872802734375,2020-02-12,PM2.5,3.26
Footscray,-37.8048782348633,144.872802734375,2020-02-13,PM10,17.96
Footscray,-37.8048782348633,144.872802734375,2020-02-13,PM2.5,3.77
Footscray,-37.8048782348633,144.872802734375,2020-02-14,PM10,21.77
Footscray,-37.8048782348633,144.872802734375,2020-02-14,PM2.5,7.08
Footscray,-37.8048782348633,144.872802734375,2020-02-15,PM10,12.69
Footscray,-37.8048782348633,144.872802734375,2020-02-15,PM2.5,5.04
Footscray,-37.8048782348633,144.872802734375,2020-02-16,PM10,9.75
Footscray,-37.8048782348633,144.872802734375,2020-02-16,PM2.5,3.55
Footscray,-37.8048782348633,144.872802734375,2020-02-17,PM10,20.46
Footscray,-37.8048782348633,144.872802734375,2020-02-17,PM2.5,7.16
Footscray,-37.8048782348633,144.872802734375,2020-02-18,PM10,17.03
Footscray,-37.8048782348633,144.872802734375,2020-02-18,PM2.5,5.83
Footscray,-37.8048782348633,144.872802734375,2020-02-19,PM10,15.77
Footscray,-37.8048782348633,144.872802734375,2020-02-19,PM2.5,6.3
Footscray,-37.8048782348633,144.872802734375,2020-02-20,PM10,13.06
Footscray,-37.8048782348633,144.872802734375,2020-02-20,PM2.5,4.29
Footscray,-37.8048782348633,144.872802734375,2020-02-21,PM10,11.64
Footscray,-37.8048782348633,144.872802734375,2020-02-21,PM2.5,2.71
Footscray,-37.8048782348633,144.872802734375,2020-02-22,PM10,14.42
Footscray,-37.8048782348633,144.872802734375,2020-02-22,PM2.5,5.05
Footscray,-37.8048782348633,144.872802734375,2020-02-23,PM10,21.82
Footscray,-37.8048782348633,144.872802734375,2020-02-23,PM2.5,6.31
Footscray,-37.8048782348633,144.872802734375,2020-02-24,PM10,26.52
Footscray,-37.8048782348633,144.872802734375,2020-02-24,PM2.5,10.2
Footscray,-37.8048782348633,144.872802734375,2020-02-25,PM10,18.48
Footscray,-37.8048782348633,144.872802734375,2020-02-25,PM2.5,7.03
Footscray,-37.8048782348633,144.872802734375,2020-02-26,PM10,16.52
Footscray,-37.8048782348633,144.872802734375,2020-02-27,PM10,21.91
Footscray,-37.8048782348633,144.872802734375,2020-02-28,PM10,12.71
Footscray,-37.8048782348633,144.872802734375,2020-02-28,PM2.5,4.1
Footscray,-37.8048782348633,144.872802734375,2020-02-29,PM10,12.66
Footscray,-37.8048782348633,144.872802734375,2020-02-29,PM2.5,4.52
Footscray,-37.80487823,144.8728027,2019-09-01,PM10,8.44
Footscray,-37.80487823,144.8728027,2019-09-01,PM2.5,4.24
Footscray,-37.80487823,144.8728027,2019-09-02,PM10,11.3
Footscray,-37.80487823,144.8728027,2019-09-02,PM2.5,5.15
Footscray,-37.80487823,144.8728027,2019-09-03,PM10,14.72
Footscray,-37.80487823,144.8728027,2019-09-03,PM2.5,6.76
Footscray,-37.80487823,144.8728027,2019-09-04,PM10,16.43
Footscray,-37.80487823,144.8728027,2019-09-04,PM2.5,7.25
Footscray,-37.80487823,144.8728027,2019-09-05,PM10,14.67
Footscray,-37.80487823,144.8728027,2019-09-05,PM2.5,6.34
Footscray,-37.80487823,144.8728027,2019-09-06,PM10,12.13
Footscray,-37.80487823,144.8728027,2019-09-06,PM2.5,5.72
Footscray,-37.80487823,144.8728027,2019-09-07,PM10,10.4
Footscray,-37.80487823,144.8728027,2019-09-07,PM2.5,4.35
Footscray,-37.80487823,144.8728027,2019-09-08,PM10,9.87
Footscray,-37.80487823,144.8728027,2019-09-08,PM2.5,5.91
Footscray,-37.80487823,144.8728027,2019-09-09,PM10,16.46
Footscray,-37.80487823,144.8728027,2019-09-09,PM2.5,7.55
Footscray,-37.80487823,144.8728027,2019-09-10,PM10,17.6
Footscray,-37.80487823,144.8728027,2019-09-10,PM2.5,7.15
Footscray,-37.80487823,144.8728027,2019-09-11,PM10,12.28
Footscray,-37.80487823,144.8728027,2019-09-11,PM2.5,6.57
Footscray,-37.80487823,144.8728027,2019-09-12,PM10,27.79
Footscray,-37.80487823,144.8728027,2019-09-12,PM2.5,7.71
Footscray,-37.80487823,144.8728027,2019-09-13,PM10,22.58
Footscray,-37.80487823,144.8728027,2019-09-13,PM2.5,6.97
Footscray,-37.80487823,144.8728027,2019-09-14,PM10,26.73
Footscray,-37.80487823,144.8728027,2019-09-14,PM2.5,11.22
Footscray,-37.80487823,144.8728027,2019-09-15,PM10,12.33
Footscray,-37.80487823,144.8728027,2019-09-15,PM2.5,7.33
Footscray,-37.80487823,144.8728027,2019-09-16,PM10,15.01
Footscray,-37.80487823,144.8728027,2019-09-16,PM2.5,6.73
Footscray,-37.80487823,144.8728027,2019-09-17,PM10,15.82
Footscray,-37.80487823,144.8728027,2019-09-17,PM2.5,6.6
Footscray,-37.80487823,144.8728027,2019-09-18,PM10,19.77
Footscray,-37.80487823,144.8728027,2019-09-18,PM2.5,8.95
Footscray,-37.80487823,144.8728027,2019-09-19,PM10,16.04
Footscray,-37.80487823,144.8728027,2019-09-19,PM2.5,7.74
Footscray,-37.80487823,144.8728027,2019-09-20,PM10,17.63
Footscray,-37.80487823,144.8728027,2019-09-20,PM2.5,6.66
Footscray,-37.80487823,144.8728027,2019-09-21,PM10,23.11
Footscray,-37.80487823,144.8728027,2019-09-21,PM2.5,7.72
Footscray,-37.80487823,144.8728027,2019-09-22,PM10,5.7
Footscray,-37.80487823,144.8728027,2019-09-22,PM2.5,2.35
Footscray,-37.80487823,144.8728027,2019-09-23,PM10,9.25
Footscray,-37.80487823,144.8728027,2019-09-23,PM2.5,4.83
Footscray,-37.80487823,144.8728027,2019-09-24,PM10,13.27
Footscray,-37.80487823,144.8728027,2019-09-24,PM2.5,4.57
Footscray,-37.80487823,144.8728027,2019-09-25,PM10,12.36
Footscray,-37.80487823,144.8728027,2019-09-25,PM2.5,4.78
Footscray,-37.80487823,144.8728027,2019-09-26,PM10,13.06
Footscray,-37.80487823,144.8728027,2019-09-26,PM2.5,5.9
Footscray,-37.80487823,144.8728027,2019-09-27,PM10,22.57
Footscray,-37.80487823,144.8728027,2019-09-27,PM2.5,5.08
Footscray,-37.80487823,144.8728027,2019-09-28,PM10,17.97
Footscray,-37.80487823,144.8728027,2019-09-28,PM2.5,7.33
Footscray,-37.80487823,144.8728027,2019-09-29,PM10,16.14
Footscray,-37.80487823,144.8728027,2019-09-29,PM2.5,6.84
Footscray,-37.80487823,144.8728027,2019-09-30,PM10,12.3
Footscray,-37.80487823,144.8728027,2019-09-30,PM2.5,5.34
Footscray,-37.80487823,144.8728027,2019-10-01,PM10,29.95
Footscray,-37.80487823,144.8728027,2019-10-01,PM2.5,11.9
Footscray,-37.80487823,144.8728027,2019-10-02,PM10,33.23
Footscray,-37.80487823,144.8728027,2019-10-02,PM2.5,11.04
Footscray,-37.80487823,144.8728027,2019-10-03,PM10,29.85
Footscray,-37.80487823,144.8728027,2019-10-03,PM2.5,11.01
Footscray,-37.80487823,144.8728027,2019-10-04,PM10,10.7
Footscray,-37.80487823,144.8728027,2019-10-04,PM2.5,5.15
Footscray,-37.80487823,144.8728027,2019-10-05,PM10,17.46
Footscray,-37.80487823,144.8728027,2019-10-05,PM2.5,8.67
Footscray,-37.80487823,144.8728027,2019-10-06,PM10,20.23
Footscray,-37.80487823,144.8728027,2019-10-06,PM2.5,7.84
Footscray,-37.80487823,144.8728027,2019-10-07,PM10,18.01
Footscray,-37.80487823,144.8728027,2019-10-07,PM2.5,3.93
Footscray,-37.80487823,144.8728027,2019-10-08,PM10,12.16
Footscray,-37.80487823,144.8728027,2019-10-08,PM2.5,5.24
Footscray,-37.80487823,144.8728027,2019-10-09,PM10,10.71
Footscray,-37.80487823,144.8728027,2019-10-09,PM2.5,4.22
Footscray,-37.80487823,144.8728027,2019-10-10,PM10,7.31
Footscray,-37.80487823,144.8728027,2019-10-10,PM2.5,3.03
Footscray,-37.80487823,144.8728027,2019-10-11,PM10,11.33
Footscray,-37.80487823,144.8728027,2019-10-11,PM2.5,5.84
Footscray,-37.80487823,144.8728027,2019-10-12,PM10,13.27
Footscray,-37.80487823,144.8728027,2019-10-12,PM2.5,5.7
Footscray,-37.80487823,144.8728027,2019-10-13,PM10,12.8
Footscray,-37.80487823,144.8728027,2019-10-13,PM2.5,7.31
Footscray,-37.80487823,144.8728027,2019-10-14,PM10,17.71
Footscray,-37.80487823,144.8728027,2019-10-14,PM2.5,7.71
Footscray,-37.80487823,144.8728027,2019-10-15,PM10,13.05
Footscray,-37.80487823,144.8728027,2019-10-15,PM2.5,6.04
Footscray,-37.80487823,144.8728027,2019-10-16,PM10,11.29
Footscray,-37.80487823,144.8728027,2019-10-16,PM2.5,5.36
Footscray,-37.80487823,144.8728027,2019-10-17,PM10,14.16
Footscray,-37.80487823,144.8728027,2019-10-17,PM2.5,4.82
Footscray,-37.80487823,144.8728027,2019-10-18,PM10,18.69
Footscray,-37.80487823,144.8728027,2019-10-18,PM2.5,6.22
Footscray,-37.80487823,144.8728027,2019-10-19,PM10,12.72
Footscray,-37.80487823,144.8728027,2019-10-19,PM2.5,4.49
Footscray,-37.80487823,144.8728027,2019-10-20,PM10,16.63
Footscray,-37.80487823,144.8728027,2019-10-20,PM2.5,7.9
Footscray,-37.80487823,144.8728027,2019-10-21,PM10,12.29
Footscray,-37.80487823,144.8728027,2019-10-21,PM2.5,5.24
Footscray,-37.80487823,144.8728027,2019-10-22,PM10,17.03
Footscray,-37.80487823,144.8728027,2019-10-22,PM2.5,7.76
Footscray,-37.80487823,144.8728027,2019-10-23,PM10,31.14
Footscray,-37.80487823,144.8728027,2019-10-23,PM2.5,11.58
Footscray,-37.80487823,144.8728027,2019-10-24,PM10,29.5
Footscray,-37.80487823,144.8728027,2019-10-24,PM2.5,9.53
Footscray,-37.80487823,144.8728027,2019-10-25,PM10,55.06
Footscray,-37.80487823,144.8728027,2019-10-25,PM2.5,9.31
Footscray,-37.80487823,144.8728027,2019-10-26,PM10,14.14
Footscray,-37.80487823,144.8728027,2019-10-26,PM2.5,5.47
Footscray,-37.80487823,144.8728027,2019-10-27,PM10,14.06
Footscray,-37.80487823,144.8728027,2019-10-27,PM2.5,5.02
Footscray,-37.80487823,144.8728027,2019-10-28,PM10,19.97
Footscray,-37.80487823,144.8728027,2019-10-28,PM2.5,7.27
Footscray,-37.80487823,144.8728027,2019-10-29,PM10,18.26
Footscray,-37.80487823,144.8728027,2019-10-29,PM2.5,7.6
Footscray,-37.80487823,144.8728027,2019-10-30,PM2.5,11.61
Footscray,-37.80487823,144.8728027,2019-10-31,PM2.5,8.12
Footscray,-37.80487823,144.8728027,2019-11-01,PM2.5,12.58
Footscray,-37.80487823,144.8728027,2019-11-02,PM2.5,6.06
Footscray,-37.80487823,144.8728027,2019-11-03,PM2.5,5.5
Footscray,-37.80487823,144.8728027,2019-11-04,PM2.5,4.5
Footscray,-37.80487823,144.8728027,2019-11-05,PM2.5,5.07
Footscray,-37.80487823,144.8728027,2019-11-06,PM2.5,5.87
Footscray,-37.80487823,144.8728027,2019-11-07,PM2.5,6.13
Footscray,-37.80487823,144.8728027,2019-11-08,PM2.5,3.98
Footscray,-37.80487823,144.8728027,2019-11-09,PM2.5,5.32
Footscray,-37.80487823,144.8728027,2019-11-10,PM2.5,4.51
Footscray,-37.80487823,144.8728027,2019-11-11,PM2.5,3.7
Footscray,-37.80487823,144.8728027,2019-11-12,PM2.5,7.73
Footscray,-37.80487823,144.8728027,2019-11-13,PM2.5,6.82
Footscray,-37.80487823,144.8728027,2019-11-14,PM2.5,4.2
Footscray,-37.80487823,144.8728027,2019-11-15,PM2.5,1.71
Footscray,-37.80487823,144.8728027,2019-11-16,PM2.5,7.13
Footscray,-37.80487823,144.8728027,2019-11-17,PM2.5,5.7
Footscray,-37.80487823,144.8728027,2019-11-18,PM2.5,7.42
Footscray,-37.80487823,144.8728027,2019-11-19,PM2.5,7.22
Footscray,-37.80487823,144.8728027,2019-11-20,PM2.5,4.9
Footscray,-37.80487823,144.8728027,2019-11-21,PM2.5,12.37
Footscray,-37.80487823,144.8728027,2019-11-22,PM2.5,4.6
Footscray,-37.80487823,144.8728027,2019-11-23,PM2.5,6.85
Footscray,-37.80487823,144.8728027,2019-11-24,PM2.5,8.12
Footscray,-37.80487823,144.8728027,2019-11-25,PM2.5,5.71
Footscray,-37.80487823,144.8728027,2019-11-26,PM2.5,5.89
Footscray,-37.80487823,144.8728027,2019-11-27,PM2.5,6.93
Footscray,-37.80487823,144.8728027,2019-11-28,PM2.5,6.01
Footscray,-37.80487823,144.8728027,2019-11-29,PM2.5,10.68
Footscray,-37.80487823,144.8728027,2019-11-30,PM2.5,2.72
Footscray,-37.80487823,144.8728027,2019-12-01,PM2.5,3.95
Footscray,-37.80487823,144.8728027,2019-12-02,PM2.5,5.51
Footscray,-37.80487823,144.8728027,2019-12-03,PM2.5,6.42
Footscray,-37.80487823,144.8728027,2019-12-04,PM2.5,5.14
Footscray,-37.80487823,144.8728027,2019-12-05,PM2.5,5.24
Footscray,-37.80487823,144.8728027,2019-12-06,PM2.5,6.11
Footscray,-37.80487823,144.8728027,2019-12-07,PM2.5,10.09
Footscray,-37.80487823,144.8728027,2019-12-08,PM2.5,5.72
Footscray,-37.80487823,144.8728027,2019-12-09,PM2.5,8.97
Footscray,-37.80487823,144.8728027,2019-12-10,PM2.5,4.91
Footscray,-37.80487823,144.8728027,2019-12-11,PM2.5,4.75
Footscray,-37.80487823,144.8728027,2019-12-12,PM2.5,3.37
Footscray,-37.80487823,144.8728027,2019-12-13,PM2.5,6.23
Footscray,-37.80487823,144.8728027,2019-12-14,PM2.5,3.15
Footscray,-37.80487823,144.8728027,2019-12-15,PM2.5,3.98
Footscray,-37.80487823,144.8728027,2019-12-16,PM2.5,5.87
Footscray,-37.80487823,144.8728027,2019-12-17,PM2.5,9.35
Footscray,-37.80487823,144.8728027,2019-12-18,PM2.5,9.17
Footscray,-37.80487823,144.8728027,2019-12-19,PM2.5,9.55
Footscray,-37.80487823,144.8728027,2019-12-20,PM2.5,21.02
Footscray,-37.80487823,144.8728027,2019-12-21,PM2.5,13.54
Footscray,-37.80487823,144.8728027,2019-12-22,PM2.5,9.44
Footscray,-37.80487823,144.8728027,2019-12-23,PM2.5,15.84
Footscray,-37.80487823,144.8728027,2019-12-24,PM2.5,8.37
Footscray,-37.80487823,144.8728027,2019-12-25,PM2.5,29.57
Footscray,-37.80487823,144.8728027,2019-12-26,PM2.5,13.42
Footscray,-37.80487823,144.8728027,2019-12-27,PM2.5,9.15
Footscray,-37.80487823,144.8728027,2019-12-28,PM2.5,22.53
Footscray,-37.80487823,144.8728027,2019-12-29,PM2.5,12.1
Footscray,-37.80487823,144.8728027,2019-12-30,PM2.5,12.61
Footscray,-37.80487823,144.8728027,2019-12-31,PM2.5,7.2
Geelong South,-38.1735611,144.3703003,2019-09-01,PM10,7.85
Geelong South,-38.1735611,144.3703003,2019-09-01,PM2.5,1.79
Geelong South,-38.1735611,144.3703003,2019-09-01,Visibility Reduction,0.31
Geelong South,-38.1735611,144.3703003,2019-09-02,PM10,11.23
Geelong South,-38.1735611,144.3703003,2019-09-02,PM2.5,4.29
Geelong South,-38.1735611,144.3703003,2019-09-02,Visibility Reduction,0.39
Geelong South,-38.1735611,144.3703003,2019-09-03,PM10,18.61
Geelong South,-38.1735611,144.3703003,2019-09-03,PM2.5,5.45
Geelong South,-38.1735611,144.3703003,2019-09-03,Visibility Reduction,0.48
Geelong South,-38.1735611,144.3703003,2019-09-04,PM10,14.82
Geelong South,-38.1735611,144.3703003,2019-09-04,PM2.5,5.42
Geelong South,-38.1735611,144.3703003,2019-09-04,Visibility Reduction,0.51
Geelong South,-38.1735611,144.3703003,2019-09-05,PM10,14.42
Geelong South,-38.1735611,144.3703003,2019-09-05,PM2.5,7.32
Geelong South,-38.1735611,144.3703003,2019-09-05,Visibility Reduction,0.58
Geelong South,-38.1735611,144.3703003,2019-09-06,PM10,8.78
Geelong South,-38.1735611,144.3703003,2019-09-06,PM2.5,5.86
Geelong South,-38.1735611,144.3703003,2019-09-06,Visibility Reduction,0.37
Geelong South,-38.1735611,144.3703003,2019-09-07,PM10,8.86
Geelong South,-38.1735611,144.3703003,2019-09-07,PM2.5,5.94
Geelong South,-38.1735611,144.3703003,2019-09-07,Visibility Reduction,0.34
Geelong South,-38.1735611,144.3703003,2019-09-08,PM10,8.57
Geelong South,-38.1735611,144.3703003,2019-09-08,PM2.5,3.55
Geelong South,-38.1735611,144.3703003,2019-09-08,Visibility Reduction,0.35
Geelong South,-38.1735611,144.3703003,2019-09-09,PM10,15.49
Geelong South,-38.1735611,144.3703003,2019-09-09,PM2.5,6.75
Geelong South,-38.1735611,144.3703003,2019-09-09,Visibility Reduction,0.4
Geelong South,-38.1735611,144.3703003,2019-09-10,PM10,14.33
Geelong South,-38.1735611,144.3703003,2019-09-10,PM2.5,4.56
Geelong South,-38.1735611,144.3703003,2019-09-10,Visibility Reduction,0.4
Geelong South,-38.1735611,144.3703003,2019-09-11,PM10,11.65
Geelong South,-38.1735611,144.3703003,2019-09-11,PM2.5,5.8
Geelong South,-38.1735611,144.3703003,2019-09-11,Visibility Reduction,0.4
Geelong South,-38.1735611,144.3703003,2019-09-12,PM10,23.39
Geelong South,-38.1735611,144.3703003,2019-09-12,PM2.5,6.37
Geelong South,-38.1735611,144.3703003,2019-09-12,Visibility Reduction,0.44
Geelong South,-38.1735611,144.3703003,2019-09-13,PM10,21.71
Geelong South,-38.1735611,144.3703003,2019-09-13,PM2.5,5.6
Geelong South,-38.1735611,144.3703003,2019-09-13,Visibility Reduction,0.45
Geelong South,-38.1735611,144.3703003,2019-09-14,PM10,23.52
Geelong South,-38.1735611,144.3703003,2019-09-14,PM2.5,9.78
Geelong South,-38.1735611,144.3703003,2019-09-14,Visibility Reduction,0.62
Geelong South,-38.1735611,144.3703003,2019-09-15,PM10,7.97
Geelong South,-38.1735611,144.3703003,2019-09-15,PM2.5,3.53
Geelong South,-38.1735611,144.3703003,2019-09-15,Visibility Reduction,0.36
Geelong South,-38.1735611,144.3703003,2019-09-16,PM10,15.56
Geelong South,-38.1735611,144.3703003,2019-09-16,PM2.5,9.85
Geelong South,-38.1735611,144.3703003,2019-09-16,Visibility Reduction,0.43
Geelong South,-38.1735611,144.3703003,2019-09-17,PM10,15.61
Geelong South,-38.1735611,144.3703003,2019-09-17,PM2.5,5.08
Geelong South,-38.1735611,144.3703003,2019-09-17,Visibility Reduction,0.39
Geelong South,-38.1735611,144.3703003,2019-09-18,PM10,20.41
Geelong South,-38.1735611,144.3703003,2019-09-18,PM2.5,6.78
Geelong South,-38.1735611,144.3703003,2019-09-19,PM10,15.4
Geelong South,-38.1735611,144.3703003,2019-09-19,PM2.5,4.37
Geelong South,-38.1735611,144.3703003,2019-09-20,PM10,22.76
Geelong South,-38.1735611,144.3703003,2019-09-20,PM2.5,6.87
Geelong South,-38.1735611,144.3703003,2019-09-21,PM10,17.0
Geelong South,-38.1735611,144.3703003,2019-09-21,PM2.5,7.23
Geelong South,-38.1735611,144.3703003,2019-09-22,PM10,5.03
Geelong South,-38.1735611,144.3703003,2019-09-22,PM2.5,2.63
Geelong South,-38.1735611,144.3703003,2019-09-23,PM10,6.45
Geelong South,-38.1735611,144.3703003,2019-09-23,PM2.5,2.3
Geelong South,-38.1735611,144.3703003,2019-09-24,PM10,9.28
Geelong South,-38.1735611,144.3703003,2019-09-24,PM2.5,1.55
Geelong South,-38.1735611,144.3703003,2019-09-25,PM10,12.35
Geelong South,-38.1735611,144.3703003,2019-09-25,PM2.5,3.04
Geelong South,-38.1735611,144.3703003,2019-09-26,PM10,15.19
Geelong South,-38.1735611,144.3703003,2019-09-26,PM2.5,4.88
Geelong South,-38.1735611,144.3703003,2019-09-27,PM10,13.01
Geelong South,-38.1735611,144.3703003,2019-09-27,PM2.5,6.43
Geelong South,-38.1735611,144.3703003,2019-09-28,PM10,13.42
Geelong South,-38.1735611,144.3703003,2019-09-28,PM2.5,6.13
Geelong South,-38.1735611,144.3703003,2019-09-29,PM10,11.71
Geelong South,-38.1735611,144.3703003,2019-09-29,PM2.5,6.15
Geelong South,-38.1735611,144.3703003,2019-09-30,PM10,15.56
Geelong South,-38.1735611,144.3703003,2019-09-30,PM2.5,4.39
Geelong South,-38.1735611,144.3703003,2019-10-01,PM10,22.76
Geelong South,-38.1735611,144.3703003,2019-10-01,PM2.5,5.76
Geelong South,-38.1735611,144.3703003,2019-10-02,PM10,30.51
Geelong South,-38.1735611,144.3703003,2019-10-02,PM2.5,7.43
Geelong South,-38.1735611,144.3703003,2019-10-03,PM10,28.55
Geelong South,-38.1735611,144.3703003,2019-10-03,PM2.5,8.5
Geelong South,-38.1735611,144.3703003,2019-10-04,PM10,7.48
Geelong South,-38.1735611,144.3703003,2019-10-04,PM2.5,2.6
Geelong South,-38.1735611,144.3703003,2019-10-05,PM10,12.65
Geelong South,-38.1735611,144.3703003,2019-10-05,PM2.5,5.25
Geelong South,-38.1735611,144.3703003,2019-10-06,PM10,14.6
Geelong South,-38.1735611,144.3703003,2019-10-06,PM2.5,6.68
Geelong South,-38.1735611,144.3703003,2019-10-07,PM10,9.36
Geelong South,-38.1735611,144.3703003,2019-10-07,PM2.5,5.38
Geelong South,-38.1735611,144.3703003,2019-10-08,PM10,7.26
Geelong South,-38.1735611,144.3703003,2019-10-08,PM2.5,4.78
Geelong South,-38.1735611,144.3703003,2019-10-09,PM10,5.36
Geelong South,-38.1735611,144.3703003,2019-10-09,PM2.5,1.91
Geelong South,-38.1735611,144.3703003,2019-10-10,PM2.5,2.86
Geelong South,-38.1735611,144.3703003,2019-10-11,PM2.5,4.12
Geelong South,-38.1735611,144.3703003,2019-10-12,PM2.5,3.9
Geelong South,-38.1735611,144.3703003,2019-10-13,PM2.5,3.88
Geelong South,-38.1735611,144.3703003,2019-10-14,PM2.5,4.75
Geelong South,-38.1735611,144.3703003,2019-10-15,PM10,11.16
Geelong South,-38.1735611,144.3703003,2019-10-15,PM2.5,4.9
Geelong South,-38.1735611,144.3703003,2019-10-15,Visibility Reduction,0.34
Geelong South,-38.1735611,144.3703003,2019-10-16,PM10,9.09
Geelong South,-38.1735611,144.3703003,2019-10-16,PM2.5,2.77
Geelong South,-38.1735611,144.3703003,2019-10-16,Visibility Reduction,0.35
Geelong South,-38.1735611,144.3703003,2019-10-17,PM10,11.25
Geelong South,-38.1735611,144.3703003,2019-10-17,PM2.5,4.91
Geelong South,-38.1735611,144.3703003,2019-10-17,Visibility Reduction,0.31
Geelong South,-38.1735611,144.3703003,2019-10-18,PM10,25.61
Geelong South,-38.1735611,144.3703003,2019-10-18,PM2.5,5.51
Geelong South,-38.1735611,144.3703003,2019-10-18,Visibility Reduction,0.41
Geelong South,-38.1735611,144.3703003,2019-10-19,PM10,12.27
Geelong South,-38.1735611,144.3703003,2019-10-19,PM2.5,5.91
Geelong South,-38.1735611,144.3703003,2019-10-19,Visibility Reduction,0.35
Geelong South,-38.1735611,144.3703003,2019-10-20,PM10,14.05
Geelong South,-38.1735611,144.3703003,2019-10-20,PM2.5,5.75
Geelong South,-38.1735611,144.3703003,2019-10-20,Visibility Reduction,0.4
Geelong South,-38.1735611,144.3703003,2019-10-21,PM10,14.76
Geelong South,-38.1735611,144.3703003,2019-10-21,PM2.5,3.6
Geelong South,-38.1735611,144.3703003,2019-10-21,Visibility Reduction,0.34
Geelong South,-38.1735611,144.3703003,2019-10-22,PM10,18.07
Geelong South,-38.1735611,144.3703003,2019-10-22,PM2.5,6.18
Geelong South,-38.1735611,144.3703003,2019-10-22,Visibility Reduction,0.47
Geelong South,-38.1735611,144.3703003,2019-10-23,PM10,36.42
Geelong South,-38.1735611,144.3703003,2019-10-23,PM2.5,8.74
Geelong South,-38.1735611,144.3703003,2019-10-23,Visibility Reduction,0.65
Geelong South,-38.1735611,144.3703003,2019-10-24,PM10,44.65
Geelong South,-38.1735611,144.3703003,2019-10-24,PM2.5,11.24
Geelong South,-38.1735611,144.3703003,2019-10-24,Visibility Reduction,0.61
Geelong South,-38.1735611,144.3703003,2019-10-25,PM10,63.78
Geelong South,-38.1735611,144.3703003,2019-10-25,PM2.5,9.48
Geelong South,-38.1735611,144.3703003,2019-10-25,Visibility Reduction,0.48
Geelong South,-38.1735611,144.3703003,2019-10-26,PM10,10.13
Geelong South,-38.1735611,144.3703003,2019-10-26,PM2.5,4.55
Geelong South,-38.1735611,144.3703003,2019-10-26,Visibility Reduction,0.32
Geelong South,-38.1735611,144.3703003,2019-10-27,PM10,11.98
Geelong South,-38.1735611,144.3703003,2019-10-27,PM2.5,4.45
Geelong South,-38.1735611,144.3703003,2019-10-27,Visibility Reduction,0.36
Geelong South,-38.1735611,144.3703003,2019-10-28,PM10,12.23
Geelong South,-38.1735611,144.3703003,2019-10-28,PM2.5,4.17
Geelong South,-38.1735611,144.3703003,2019-10-28,Visibility Reduction,0.33
Geelong South,-38.1735611,144.3703003,2019-10-29,PM10,26.94
Geelong South,-38.1735611,144.3703003,2019-10-29,PM2.5,5.18
Geelong South,-38.1735611,144.3703003,2019-10-29,Visibility Reduction,0.4
Geelong South,-38.1735611,144.3703003,2019-10-30,PM10,22.13
Geelong South,-38.1735611,144.3703003,2019-10-30,PM2.5,7.76
Geelong South,-38.1735611,144.3703003,2019-10-30,Visibility Reduction,0.59
Geelong South,-38.1735611,144.3703003,2019-10-31,PM10,41.63
Geelong South,-38.1735611,144.3703003,2019-10-31,PM2.5,9.39
Geelong South,-38.1735611,144.3703003,2019-10-31,Visibility Reduction,0.56
Geelong South,-38.1735611,144.3703003,2019-11-01,PM10,72.07
Geelong South,-38.1735611,144.3703003,2019-11-01,PM2.5,15.97
Geelong South,-38.1735611,144.3703003,2019-11-01,Visibility Reduction,0.88
Geelong South,-38.1735611,144.3703003,2019-11-02,PM10,9.17
Geelong South,-38.1735611,144.3703003,2019-11-02,PM2.5,3.13
Geelong South,-38.1735611,144.3703003,2019-11-02,Visibility Reduction,0.38
Geelong South,-38.1735611,144.3703003,2019-11-03,PM10,12.91
Geelong South,-38.1735611,144.3703003,2019-11-03,PM2.5,6.73
Geelong South,-38.1735611,144.3703003,2019-11-03,Visibility Reduction,0.44
Geelong South,-38.1735611,144.3703003,2019-11-04,PM10,10.35
Geelong South,-38.1735611,144.3703003,2019-11-04,PM2.5,4.01
Geelong South,-38.1735611,144.3703003,2019-11-04,Visibility Reduction,0.33
Geelong South,-38.1735611,144.3703003,2019-11-05,PM10,10.79
Geelong South,-38.1735611,144.3703003,2019-11-05,PM2.5,3.27
Geelong South,-38.1735611,144.3703003,2019-11-05,Visibility Reduction,0.34
Geelong South,-38.1735611,144.3703003,2019-11-06,PM10,21.9
Geelong South,-38.1735611,144.3703003,2019-11-06,PM2.5,4.83
Geelong South,-38.1735611,144.3703003,2019-11-06,Visibility Reduction,0.39
Geelong South,-38.1735611,144.3703003,2019-11-07,PM10,9.72
Geelong South,-38.1735611,144.3703003,2019-11-07,PM2.5,4.07
Geelong South,-38.1735611,144.3703003,2019-11-07,Visibility Reduction,0.35
Geelong South,-38.1735611,144.3703003,2019-11-08,PM10,9.86
Geelong South,-38.1735611,144.3703003,2019-11-08,PM2.5,5.95
Geelong South,-38.1735611,144.3703003,2019-11-08,Visibility Reduction,0.33
Geelong South,-38.1735611,144.3703003,2019-11-09,PM10,9.54
Geelong South,-38.1735611,144.3703003,2019-11-09,PM2.5,2.3
Geelong South,-38.1735611,144.3703003,2019-11-09,Visibility Reduction,0.33
Geelong South,-38.1735611,144.3703003,2019-11-10,PM10,6.98
Geelong South,-38.1735611,144.3703003,2019-11-10,PM2.5,1.82
Geelong South,-38.1735611,144.3703003,2019-11-10,Visibility Reduction,0.31
Geelong South,-38.1735611,144.3703003,2019-11-11,PM10,22.14
Geelong South,-38.1735611,144.3703003,2019-11-11,PM2.5,3.69
Geelong South,-38.1735611,144.3703003,2019-11-11,Visibility Reduction,0.39
Geelong South,-38.1735611,144.3703003,2019-11-12,PM10,21.33
Geelong South,-38.1735611,144.3703003,2019-11-12,PM2.5,8.44
Geelong South,-38.1735611,144.3703003,2019-11-12,Visibility Reduction,0.41
Geelong South,-38.1735611,144.3703003,2019-11-13,PM10,14.04
Geelong South,-38.1735611,144.3703003,2019-11-13,PM2.5,5.18
Geelong South,-38.1735611,144.3703003,2019-11-13,Visibility Reduction,0.39
Geelong South,-38.1735611,144.3703003,2019-11-14,PM10,8.73
Geelong South,-38.1735611,144.3703003,2019-11-14,PM2.5,2.1
Geelong South,-38.1735611,144.3703003,2019-11-14,Visibility Reduction,0.31
Geelong South,-38.1735611,144.3703003,2019-11-15,PM10,12.51
Geelong South,-38.1735611,144.3703003,2019-11-15,PM2.5,6.76
Geelong South,-38.1735611,144.3703003,2019-11-15,Visibility Reduction,0.37
Geelong South,-38.1735611,144.3703003,2019-11-16,PM10,17.2
Geelong South,-38.1735611,144.3703003,2019-11-16,PM2.5,6.5
Geelong South,-38.1735611,144.3703003,2019-11-16,Visibility Reduction,0.43
Geelong South,-38.1735611,144.3703003,2019-11-17,PM10,16.15
Geelong South,-38.1735611,144.3703003,2019-11-17,PM2.5,4.7
Geelong South,-38.1735611,144.3703003,2019-11-17,Visibility Reduction,0.38
Geelong South,-38.1735611,144.3703003,2019-11-18,PM10,18.15
Geelong South,-38.1735611,144.3703003,2019-11-18,PM2.5,2.76
Geelong South,-38.1735611,144.3703003,2019-11-18,Visibility Reduction,0.4
Geelong South,-38.1735611,144.3703003,2019-11-19,PM10,16.7
Geelong South,-38.1735611,144.3703003,2019-11-19,PM2.5,4.41
Geelong South,-38.1735611,144.3703003,2019-11-19,Visibility Reduction,0.4
Geelong South,-38.1735611,144.3703003,2019-11-20,PM10,20.6
Geelong South,-38.1735611,144.3703003,2019-11-20,PM2.5,3.3
Geelong South,-38.1735611,144.3703003,2019-11-20,Visibility Reduction,0.41
Geelong South,-38.1735611,144.3703003,2019-11-21,PM10,102.3
Geelong South,-38.1735611,144.3703003,2019-11-21,PM2.5,12.94
Geelong South,-38.1735611,144.3703003,2019-11-21,Visibility Reduction,0.62
Geelong South,-38.1735611,144.3703003,2019-11-22,PM10,9.22
Geelong South,-38.1735611,144.3703003,2019-11-22,PM2.5,5.87
Geelong South,-38.1735611,144.3703003,2019-11-22,Visibility Reduction,0.37
Geelong South,-38.1735611,144.3703003,2019-11-23,PM10,12.66
Geelong South,-38.1735611,144.3703003,2019-11-23,PM2.5,7.53
Geelong South,-38.1735611,144.3703003,2019-11-23,Visibility Reduction,0.42
Geelong South,-38.1735611,144.3703003,2019-11-24,PM10,14.57
Geelong South,-38.1735611,144.3703003,2019-11-24,PM2.5,7.88
Geelong South,-38.1735611,144.3703003,2019-11-24,Visibility Reduction,0.45
Geelong South,-38.1735611,144.3703003,2019-11-25,PM10,25.42
Geelong South,-38.1735611,144.3703003,2019-11-25,PM2.5,6.46
Geelong South,-38.1735611,144.3703003,2019-11-25,Visibility Reduction,0.42
Geelong South,-38.1735611,144.3703003,2019-11-26,PM10,10.49
Geelong South,-38.1735611,144.3703003,2019-11-26,PM2.5,6.26
Geelong South,-38.1735611,144.3703003,2019-11-26,Visibility Reduction,0.33
Geelong South,-38.1735611,144.3703003,2019-11-27,PM10,19.31
Geelong South,-38.1735611,144.3703003,2019-11-27,PM2.5,4.12
Geelong South,-38.1735611,144.3703003,2019-11-27,Visibility Reduction,0.4
Geelong South,-38.1735611,144.3703003,2019-11-28,PM10,17.33
Geelong South,-38.1735611,144.3703003,2019-11-28,PM2.5,5.61
Geelong South,-38.1735611,144.3703003,2019-11-28,Visibility Reduction,0.42
Geelong South,-38.1735611,144.3703003,2019-11-29,PM10,22.54
Geelong South,-38.1735611,144.3703003,2019-11-29,PM2.5,7.38
Geelong South,-38.1735611,144.3703003,2019-11-29,Visibility Reduction,0.6
Geelong South,-38.1735611,144.3703003,2019-11-30,PM10,9.08
Geelong South,-38.1735611,144.3703003,2019-11-30,PM2.5,4.56
Geelong South,-38.1735611,144.3703003,2019-11-30,Visibility Reduction,0.33
Geelong South,-38.1735611,144.3703003,2019-12-01,PM10,7.16
Geelong South,-38.1735611,144.3703003,2019-12-01,PM2.5,4.32
Geelong South,-38.1735611,144.3703003,2019-12-01,Visibility Reduction,0.32
Geelong South,-38.1735611,144.3703003,2019-12-02,PM10,12.24
Geelong South,-38.1735611,144.3703003,2019-12-02,PM2.5,5.65
Geelong South,-38.1735611,144.3703003,2019-12-02,Visibility Reduction,0.33
Geelong South,-38.1735611,144.3703003,2019-12-03,PM10,16.08
Geelong South,-38.1735611,144.3703003,2019-12-03,PM2.5,4.54
Geelong South,-38.1735611,144.3703003,2019-12-03,Visibility Reduction,0.39
Geelong South,-38.1735611,144.3703003,2019-12-04,PM10,9.49
Geelong South,-38.1735611,144.3703003,2019-12-04,PM2.5,4.41
Geelong South,-38.1735611,144.3703003,2019-12-04,Visibility Reduction,0.32
Geelong South,-38.1735611,144.3703003,2019-12-05,PM10,14.32
Geelong South,-38.1735611,144.3703003,2019-12-05,PM2.5,4.79
Geelong South,-38.1735611,144.3703003,2019-12-05,Visibility Reduction,0.34
Geelong South,-38.1735611,144.3703003,2019-12-06,PM10,19.86
Geelong South,-38.1735611,144.3703003,2019-12-06,PM2.5,6.94
Geelong South,-38.1735611,144.3703003,2019-12-06,Visibility Reduction,0.43
Geelong South,-38.1735611,144.3703003,2019-12-07,PM10,24.54
Geelong South,-38.1735611,144.3703003,2019-12-07,PM2.5,7.51
Geelong South,-38.1735611,144.3703003,2019-12-07,Visibility Reduction,0.5
Geelong South,-38.1735611,144.3703003,2019-12-08,PM10,16.53
Geelong South,-38.1735611,144.3703003,2019-12-08,PM2.5,4.2
Geelong South,-38.1735611,144.3703003,2019-12-08,Visibility Reduction,0.43
Geelong South,-38.1735611,144.3703003,2019-12-09,PM10,33.59
Geelong South,-38.1735611,144.3703003,2019-12-09,PM2.5,7.36
Geelong South,-38.1735611,144.3703003,2019-12-09,Visibility Reduction,0.55
Geelong South,-38.1735611,144.3703003,2019-12-10,PM10,14.77
Geelong South,-38.1735611,144.3703003,2019-12-10,PM2.5,6.56
Geelong South,-38.1735611,144.3703003,2019-12-10,Visibility Reduction,0.35
Geelong South,-38.1735611,144.3703003,2019-12-11,PM10,14.34
Geelong South,-38.1735611,144.3703003,2019-12-11,PM2.5,4.32
Geelong South,-38.1735611,144.3703003,2019-12-11,Visibility Reduction,0.37
Geelong South,-38.1735611,144.3703003,2019-12-12,PM10,14.3
Geelong South,-38.1735611,144.3703003,2019-12-12,PM2.5,4.35
Geelong South,-38.1735611,144.3703003,2019-12-12,Visibility Reduction,0.33
Geelong South,-38.1735611,144.3703003,2019-12-13,PM10,17.65
Geelong South,-38.1735611,144.3703003,2019-12-13,PM2.5,4.45
Geelong South,-38.1735611,144.3703003,2019-12-13,Visibility Reduction,0.36
Geelong South,-38.1735611,144.3703003,2019-12-14,PM10,7.0
Geelong South,-38.1735611,144.3703003,2019-12-14,PM2.5,1.64
Geelong South,-38.1735611,144.3703003,2019-12-14,Visibility Reduction,0.29
Geelong South,-38.1735611,144.3703003,2019-12-15,PM10,9.5
Geelong South,-38.1735611,144.3703003,2019-12-15,PM2.5,4.08
Geelong South,-38.1735611,144.3703003,2019-12-15,Visibility Reduction,0.36
Geelong South,-38.1735611,144.3703003,2019-12-16,PM10,15.54
Geelong South,-38.1735611,144.3703003,2019-12-16,PM2.5,5.01
Geelong South,-38.1735611,144.3703003,2019-12-16,Visibility Reduction,0.44
Geelong South,-38.1735611,144.3703003,2019-12-17,PM10,18.31
Geelong South,-38.1735611,144.3703003,2019-12-17,PM2.5,4.94
Geelong South,-38.1735611,144.3703003,2019-12-17,Visibility Reduction,0.4
Geelong South,-38.1735611,144.3703003,2019-12-18,PM10,36.69
Geelong South,-38.1735611,144.3703003,2019-12-18,PM2.5,9.46
Geelong South,-38.1735611,144.3703003,2019-12-18,Visibility Reduction,0.52
Geelong South,-38.1735611,144.3703003,2019-12-19,PM10,22.35
Geelong South,-38.1735611,144.3703003,2019-12-19,PM2.5,6.63
Geelong South,-38.1735611,144.3703003,2019-12-19,Visibility Reduction,0.57
Geelong South,-38.1735611,144.3703003,2019-12-20,PM10,64.36
Geelong South,-38.1735611,144.3703003,2019-12-20,PM2.5,18.01
Geelong South,-38.1735611,144.3703003,2019-12-20,Visibility Reduction,0.89
Geelong South,-38.1735611,144.3703003,2019-12-21,PM10,33.47
Geelong South,-38.1735611,144.3703003,2019-12-21,PM2.5,16.12
Geelong South,-38.1735611,144.3703003,2019-12-21,Visibility Reduction,0.69
Geelong South,-38.1735611,144.3703003,2019-12-22,PM10,28.35
Geelong South,-38.1735611,144.3703003,2019-12-22,PM2.5,9.46
Geelong South,-38.1735611,144.3703003,2019-12-22,Visibility Reduction,0.55
Geelong South,-38.1735611,144.3703003,2019-12-23,PM10,28.45
Geelong South,-38.1735611,144.3703003,2019-12-23,PM2.5,10.43
Geelong South,-38.1735611,144.3703003,2019-12-23,Visibility Reduction,0.73
Geelong South,-38.1735611,144.3703003,2019-12-24,PM10,20.82
Geelong South,-38.1735611,144.3703003,2019-12-24,PM2.5,6.83
Geelong South,-38.1735611,144.3703003,2019-12-24,Visibility Reduction,0.51
Geelong South,-38.1735611,144.3703003,2019-12-25,PM10,47.0
Geelong South,-38.1735611,144.3703003,2019-12-25,PM2.5,32.01
Geelong South,-38.1735611,144.3703003,2019-12-25,Visibility Reduction,2.68
Geelong South,-38.1735611,144.3703003,2019-12-26,PM10,20.12
Geelong South,-38.1735611,144.3703003,2019-12-26,PM2.5,9.96
Geelong South,-38.1735611,144.3703003,2019-12-26,Visibility Reduction,0.57
Geelong South,-38.1735611,144.3703003,2019-12-27,PM10,18.48
Geelong South,-38.1735611,144.3703003,2019-12-27,PM2.5,7.29
Geelong South,-38.1735611,144.3703003,2019-12-27,Visibility Reduction,0.52
Geelong South,-38.1735611,144.3703003,2019-12-28,PM10,33.24
Geelong South,-38.1735611,144.3703003,2019-12-28,PM2.5,13.66
Geelong South,-38.1735611,144.3703003,2019-12-28,Visibility Reduction,0.97
Geelong South,-38.1735611,144.3703003,2019-12-29,PM10,16.92
Geelong South,-38.1735611,144.3703003,2019-12-29,PM2.5,7.67
Geelong South,-38.1735611,144.3703003,2019-12-29,Visibility Reduction,0.65
Geelong South,-38.1735611,144.3703003,2019-12-30,PM10,81.7
Geelong South,-38.1735611,144.3703003,2019-12-30,PM2.5,12.28
Geelong South,-38.1735611,144.3703003,2019-12-30,Visibility Reduction,0.8
Geelong South,-38.1735611,144.3703003,2019-12-31,PM10,21.21
Geelong South,-38.1735611,144.3703003,2019-12-31,PM2.5,10.1
Geelong South,-38.1735611,144.3703003,2019-12-31,Visibility Reduction,0.49
Geelong South,-38.1735610961914,144.370300292969,2020-01-01,PM10,19.5
Geelong South,-38.1735610961914,144.370300292969,2020-01-01,PM2.5,6.61
Geelong South,-38.1735610961914,144.370300292969,2020-01-01,Visibility Reduction,0.47
Geelong South,-38.1735610961914,144.370300292969,2020-01-02,PM10,21.09
Geelong South,-38.1735610961914,144.370300292969,2020-01-02,PM2.5,6.09
Geelong South,-38.1735610961914,144.370300292969,2020-01-02,Visibility Reduction,0.48
Geelong South,-38.1735610961914,144.370300292969,2020-01-03,PM10,52.01
Geelong South,-38.1735610961914,144.370300292969,2020-01-03,PM2.5,27.53
Geelong South,-38.1735610961914,144.370300292969,2020-01-03,Visibility Reduction,3.01
Geelong South,-38.1735610961914,144.370300292969,2020-01-04,PM10,40.45
Geelong South,-38.1735610961914,144.370300292969,2020-01-04,PM2.5,24.1
Geelong South,-38.1735610961914,144.370300292969,2020-01-04,Visibility Reduction,1.54
Geelong South,-38.1735610961914,144.370300292969,2020-01-05,PM10,17.12
Geelong South,-38.1735610961914,144.370300292969,2020-01-05,PM2.5,5.83
Geelong South,-38.1735610961914,144.370300292969,2020-01-05,Visibility Reduction,0.41
Geelong South,-38.1735610961914,144.370300292969,2020-01-06,PM10,91.52
Geelong South,-38.1735610961914,144.370300292969,2020-01-06,PM2.5,70.73
Geelong South,-38.1735610961914,144.370300292969,2020-01-06,Visibility Reduction,8.04
Geelong South,-38.1735610961914,144.370300292969,2020-01-07,PM10,11.5
Geelong South,-38.1735610961914,144.370300292969,2020-01-07,PM2.5,13.84
Geelong South,-38.1735610961914,144.370300292969,2020-01-07,Visibility Reduction,1.05
Geelong South,-38.1735610961914,144.370300292969,2020-01-08,PM10,18.18
Geelong South,-38.1735610961914,144.370300292969,2020-01-08,PM2.5,11.28
Geelong South,-38.1735610961914,144.370300292969,2020-01-08,Visibility Reduction,0.87
Geelong South,-38.1735610961914,144.370300292969,2020-01-09,PM10,25.89
Geelong South,-38.1735610961914,144.370300292969,2020-01-09,PM2.5,10.77
Geelong South,-38.1735610961914,144.370300292969,2020-01-09,Visibility Reduction,1.1
Geelong South,-38.1735610961914,144.370300292969,2020-01-10,PM10,41.32
Geelong South,-38.1735610961914,144.370300292969,2020-01-10,PM2.5,23.82
Geelong South,-38.1735610961914,144.370300292969,2020-01-10,Visibility Reduction,1.52
Geelong South,-38.1735610961914,144.370300292969,2020-01-11,PM10,14.93
Geelong South,-38.1735610961914,144.370300292969,2020-01-11,PM2.5,7.42
Geelong South,-38.1735610961914,144.370300292969,2020-01-11,Visibility Reduction,0.43
Geelong South,-38.1735610961914,144.370300292969,2020-01-12,PM10,6.36
Geelong South,-38.1735610961914,144.370300292969,2020-01-12,PM2.5,2.79
Geelong South,-38.1735610961914,144.370300292969,2020-01-12,Visibility Reduction,0.32
Geelong South,-38.1735610961914,144.370300292969,2020-01-13,PM10,150.69
Geelong South,-38.1735610961914,144.370300292969,2020-01-13,PM2.5,58.56
Geelong South,-38.1735610961914,144.370300292969,2020-01-13,Visibility Reduction,11.82
Geelong South,-38.1735610961914,144.370300292969,2020-01-14,PM10,168.02
Geelong South,-38.1735610961914,144.370300292969,2020-01-14,PM2.5,143.79
Geelong South,-38.1735610961914,144.370300292969,2020-01-14,Visibility Reduction,12.12
Geelong South,-38.1735610961914,144.370300292969,2020-01-15,PM10,203.8
Geelong South,-38.1735610961914,144.370300292969,2020-01-15,PM2.5,155.18
Geelong South,-38.1735610961914,144.370300292969,2020-01-15,Visibility Reduction,14.5
Geelong South,-38.1735610961914,144.370300292969,2020-01-16,PM10,19.28
Geelong South,-38.1735610961914,144.370300292969,2020-01-16,PM2.5,33.89
Geelong South,-38.1735610961914,144.370300292969,2020-01-16,Visibility Reduction,1.67
Geelong South,-38.1735610961914,144.370300292969,2020-01-17,PM10,13.49
Geelong South,-38.1735610961914,144.370300292969,2020-01-17,PM2.5,7.7
Geelong South,-38.1735610961914,144.370300292969,2020-01-17,Visibility Reduction,0.68
Geelong South,-38.1735610961914,144.370300292969,2020-01-18,PM10,26.83
Geelong South,-38.1735610961914,144.370300292969,2020-01-18,PM2.5,12.36
Geelong South,-38.1735610961914,144.370300292969,2020-01-18,Visibility Reduction,1.18
Geelong South,-38.1735610961914,144.370300292969,2020-01-19,PM10,30.3
Geelong South,-38.1735610961914,144.370300292969,2020-01-19,PM2.5,18.25
Geelong South,-38.1735610961914,144.370300292969,2020-01-19,Visibility Reduction,1.48
Geelong South,-38.1735610961914,144.370300292969,2020-01-20,PM10,9.13
Geelong South,-38.1735610961914,144.370300292969,2020-01-20,PM2.5,5.88
Geelong South,-38.1735610961914,144.370300292969,2020-01-20,Visibility Reduction,0.52
Geelong South,-38.1735610961914,144.370300292969,2020-01-21,PM10,13.12
Geelong South,-38.1735610961914,144.370300292969,2020-01-21,PM2.5,9.57
Geelong South,-38.1735610961914,144.370300292969,2020-01-21,Visibility Reduction,0.44
Geelong South,-38.1735610961914,144.370300292969,2020-01-22,Visibility Reduction,0.54
Geelong South,-38.1735610961914,144.370300292969,2020-01-23,Visibility Reduction,0.32
Geelong South,-38.1735610961914,144.370300292969,2020-01-24,PM10,24.16
Geelong South,-38.1735610961914,144.370300292969,2020-01-24,Visibility Reduction,0.41
Geelong South,-38.1735610961914,144.370300292969,2020-01-25,PM10,15.05
Geelong South,-38.1735610961914,144.370300292969,2020-01-25,Visibility Reduction,0.43
Geelong South,-38.1735610961914,144.370300292969,2020-01-26,PM10,15.37
Geelong South,-38.1735610961914,144.370300292969,2020-01-26,Visibility Reduction,0.4
Geelong South,-38.1735610961914,144.370300292969,2020-01-27,PM10,19.05
Geelong South,-38.1735610961914,144.370300292969,2020-01-27,Visibility Reduction,0.47
Geelong South,-38.1735610961914,144.370300292969,2020-01-28,PM10,21.92
Geelong South,-38.1735610961914,144.370300292969,2020-01-28,Visibility Reduction,0.51
Geelong South,-38.1735610961914,144.370300292969,2020-01-29,PM10,27.56
Geelong South,-38.1735610961914,144.370300292969,2020-01-29,Visibility Reduction,0.64
Geelong South,-38.1735610961914,144.370300292969,2020-01-30,PM10,32.57
Geelong South,-38.1735610961914,144.370300292969,2020-01-30,Visibility Reduction,0.59
Geelong South,-38.1735610961914,144.370300292969,2020-01-31,PM10,68.73
Geelong South,-38.1735610961914,144.370300292969,2020-01-31,Visibility Reduction,0.69
Geelong South,-38.1735610961914,144.370300292969,2020-02-01,PM10,8.97
Geelong South,-38.1735610961914,144.370300292969,2020-02-01,Visibility Reduction,0.34
Geelong South,-38.1735610961914,144.370300292969,2020-02-02,PM10,10.81
Geelong South,-38.1735610961914,144.370300292969,2020-02-02,Visibility Reduction,0.35
Geelong South,-38.1735610961914,144.370300292969,2020-02-03,PM10,15.92
Geelong South,-38.1735610961914,144.370300292969,2020-02-03,Visibility Reduction,0.34
Geelong South,-38.1735610961914,144.370300292969,2020-02-04,PM10,23.38
Geelong South,-38.1735610961914,144.370300292969,2020-02-04,Visibility Reduction,0.37
Geelong South,-38.1735610961914,144.370300292969,2020-02-05,PM10,19.04
Geelong South,-38.1735610961914,144.370300292969,2020-02-05,Visibility Reduction,0.35
Geelong South,-38.1735610961914,144.370300292969,2020-02-06,PM10,44.12
Geelong South,-38.1735610961914,144.370300292969,2020-02-06,Visibility Reduction,2.03
Geelong South,-38.1735610961914,144.370300292969,2020-02-07,PM10,31.88
Geelong South,-38.1735610961914,144.370300292969,2020-02-07,Visibility Reduction,1.35
Geelong South,-38.1735610961914,144.370300292969,2020-02-08,PM10,23.1
Geelong South,-38.1735610961914,144.370300292969,2020-02-08,Visibility Reduction,0.75
Geelong South,-38.1735610961914,144.370300292969,2020-02-09,PM10,39.85
Geelong South,-38.1735610961914,144.370300292969,2020-02-09,Visibility Reduction,0.77
Geelong South,-38.1735610961914,144.370300292969,2020-02-10,PM10,13.01
Geelong South,-38.1735610961914,144.370300292969,2020-02-10,Visibility Reduction,0.53
Geelong South,-38.1735610961914,144.370300292969,2020-02-11,PM10,14.44
Geelong South,-38.1735610961914,144.370300292969,2020-02-11,Visibility Reduction,0.59
Geelong South,-38.1735610961914,144.370300292969,2020-02-12,PM10,11.4
Geelong South,-38.1735610961914,144.370300292969,2020-02-12,Visibility Reduction,0.48
Geelong South,-38.1735610961914,144.370300292969,2020-02-13,PM10,15.17
Geelong South,-38.1735610961914,144.370300292969,2020-02-13,Visibility Reduction,0.47
Geelong South,-38.1735610961914,144.370300292969,2020-02-14,PM10,11.02
Geelong South,-38.1735610961914,144.370300292969,2020-02-14,PM2.5,6.29
Geelong South,-38.1735610961914,144.370300292969,2020-02-14,Visibility Reduction,0.59
Geelong South,-38.1735610961914,144.370300292969,2020-02-15,PM10,13.02
Geelong South,-38.1735610961914,144.370300292969,2020-02-15,PM2.5,6.87
Geelong South,-38.1735610961914,144.370300292969,2020-02-15,Visibility Reduction,0.54
Geelong South,-38.1735610961914,144.370300292969,2020-02-16,PM10,16.95
Geelong South,-38.1735610961914,144.370300292969,2020-02-16,PM2.5,5.44
Geelong South,-38.1735610961914,144.370300292969,2020-02-16,Visibility Reduction,0.55
Geelong South,-38.1735610961914,144.370300292969,2020-02-17,PM10,20.92
Geelong South,-38.1735610961914,144.370300292969,2020-02-17,PM2.5,3.81
Geelong South,-38.1735610961914,144.370300292969,2020-02-17,Visibility Reduction,0.54
Geelong South,-38.1735610961914,144.370300292969,2020-02-18,PM10,10.39
Geelong South,-38.1735610961914,144.370300292969,2020-02-18,PM2.5,4.63
Geelong South,-38.1735610961914,144.370300292969,2020-02-18,Visibility Reduction,0.5
Geelong South,-38.1735610961914,144.370300292969,2020-02-19,PM10,14.82
Geelong South,-38.1735610961914,144.370300292969,2020-02-19,PM2.5,5.48
Geelong South,-38.1735610961914,144.370300292969,2020-02-19,Visibility Reduction,0.45
Geelong South,-38.1735610961914,144.370300292969,2020-02-20,PM10,12.35
Geelong South,-38.1735610961914,144.370300292969,2020-02-20,PM2.5,2.75
Geelong South,-38.1735610961914,144.370300292969,2020-02-20,Visibility Reduction,0.34
Geelong South,-38.1735610961914,144.370300292969,2020-02-21,PM10,10.26
Geelong South,-38.1735610961914,144.370300292969,2020-02-21,PM2.5,4.12
Geelong South,-38.1735610961914,144.370300292969,2020-02-21,Visibility Reduction,0.32
Geelong South,-38.1735610961914,144.370300292969,2020-02-22,PM10,11.76
Geelong South,-38.1735610961914,144.370300292969,2020-02-22,PM2.5,2.93
Geelong South,-38.1735610961914,144.370300292969,2020-02-22,Visibility Reduction,0.35
Geelong South,-38.1735610961914,144.370300292969,2020-02-23,PM10,18.35
Geelong South,-38.1735610961914,144.370300292969,2020-02-23,PM2.5,5.73
Geelong South,-38.1735610961914,144.370300292969,2020-02-23,Visibility Reduction,0.51
Geelong South,-38.1735610961914,144.370300292969,2020-02-24,PM10,21.08
Geelong South,-38.1735610961914,144.370300292969,2020-02-24,PM2.5,6.76
Geelong South,-38.1735610961914,144.370300292969,2020-02-24,Visibility Reduction,0.68
Geelong South,-38.1735610961914,144.370300292969,2020-02-25,PM10,16.02
Geelong South,-38.1735610961914,144.370300292969,2020-02-25,PM2.5,5.51
Geelong South,-38.1735610961914,144.370300292969,2020-02-25,Visibility Reduction,0.62
Geelong South,-38.1735610961914,144.370300292969,2020-02-26,PM10,16.12
Geelong South,-38.1735610961914,144.370300292969,2020-02-26,PM2.5,3.63
Geelong South,-38.1735610961914,144.370300292969,2020-02-26,Visibility Reduction,0.35
Geelong South,-38.1735610961914,144.370300292969,2020-02-27,PM10,17.96
Geelong South,-38.1735610961914,144.370300292969,2020-02-27,PM2.5,4.85
Geelong South,-38.1735610961914,144.370300292969,2020-02-27,Visibility Reduction,0.36
Geelong South,-38.1735610961914,144.370300292969,2020-02-28,PM10,12.09
Geelong South,-38.1735610961914,144.370300292969,2020-02-28,PM2.5,2.45
Geelong South,-38.1735610961914,144.370300292969,2020-02-28,Visibility Reduction,0.37
Geelong South,-38.1735610961914,144.370300292969,2020-02-29,PM10,6.4
Geelong South,-38.1735610961914,144.370300292969,2020-02-29,PM2.5,1.88
Geelong South,-38.1735610961914,144.370300292969,2020-02-29,Visibility Reduction,0.3
Melbourne CBD,-37.80739594,144.9700012,2019-09-01,PM2.5,2.78
Melbourne CBD,-37.80739594,144.9700012,2019-09-02,PM2.5,4.28
Melbourne CBD,-37.80739594,144.9700012,2019-09-03,PM2.5,6.76
Melbourne CBD,-37.80739594,144.9700012,2019-09-04,PM2.5,7.33
Melbourne CBD,-37.80739594,144.9700012,2019-09-05,PM2.5,5.12
Melbourne CBD,-37.80739594,144.9700012,2019-09-06,PM2.5,5.42
Melbourne CBD,-37.80739594,144.9700012,2019-09-07,PM2.5,3.47
Melbourne CBD,-37.80739594,144.9700012,2019-09-08,PM2.5,3.18
Melbourne CBD,-37.80739594,144.9700012,2019-09-09,PM2.5,6.12
Melbourne CBD,-37.80739594,144.9700012,2019-09-10,PM2.5,6.89
Melbourne CBD,-37.80739594,144.9700012,2019-09-11,PM2.5,5.8
Melbourne CBD,-37.80739594,144.9700012,2019-09-12,PM2.5,5.53
Melbourne CBD,-37.80739594,144.9700012,2019-09-13,PM2.5,5.38
Melbourne CBD,-37.80739594,144.9700012,2019-09-14,PM2.5,9.0
Melbourne CBD,-37.80739594,144.9700012,2019-09-15,PM2.5,4.15
Melbourne CBD,-37.80739594,144.9700012,2019-09-16,PM2.5,4.73
Melbourne CBD,-37.80739594,144.9700012,2019-09-17,PM2.5,2.89
Melbourne CBD,-37.80739594,144.9700012,2019-09-18,PM2.5,6.18
Melbourne CBD,-37.80739594,144.9700012,2019-09-19,PM2.5,4.8
Melbourne CBD,-37.80739594,144.9700012,2019-09-20,PM2.5,5.49
Melbourne CBD,-37.80739594,144.9700012,2019-09-21,PM2.5,6.49
Melbourne CBD,-37.80739594,144.9700012,2019-09-22,PM2.5,2.18
Melbourne CBD,-37.80739594,144.9700012,2019-09-23,PM2.5,2.51
Melbourne CBD,-37.80739594,144.9700012,2019-09-24,PM2.5,2.89
Melbourne CBD,-37.80739594,144.9700012,2019-09-25,PM2.5,4.3
Melbourne CBD,-37.80739594,144.9700012,2019-09-26,PM2.5,5.04
Melbourne CBD,-37.80739594,144.9700012,2019-09-27,PM2.5,2.75
Melbourne CBD,-37.80739594,144.9700012,2019-09-28,PM2.5,4.07
Melbourne CBD,-37.80739594,144.9700012,2019-09-29,PM2.5,4.97
Melbourne CBD,-37.80739594,144.9700012,2019-09-30,PM2.5,3.93
Melbourne CBD,-37.80739594,144.9700012,2019-10-01,PM2.5,9.93
Melbourne CBD,-37.80739594,144.9700012,2019-10-02,PM2.5,7.04
Melbourne CBD,-37.80739594,144.9700012,2019-10-03,PM2.5,9.33
Melbourne CBD,-37.80739594,144.9700012,2019-10-04,PM2.5,3.54
Melbourne CBD,-37.80739594,144.9700012,2019-10-05,PM2.5,7.62
Melbourne CBD,-37.80739594,144.9700012,2019-10-06,PM2.5,3.71
Melbourne CBD,-37.80739594,144.9700012,2019-10-07,PM2.5,3.4
Melbourne CBD,-37.80739594,144.9700012,2019-10-08,PM2.5,2.45
Melbourne CBD,-37.80739594,144.9700012,2019-10-09,PM2.5,3.61
Melbourne CBD,-37.80739594,144.9700012,2019-10-10,PM2.5,3.72
Melbourne CBD,-37.80739594,144.9700012,2019-10-11,PM2.5,4.13
Melbourne CBD,-37.80739594,144.9700012,2019-10-12,PM2.5,3.62
Melbourne CBD,-37.80739594,144.9700012,2019-10-13,PM2.5,3.72
Melbourne CBD,-37.80739594,144.9700012,2019-10-14,PM2.5,4.46
Melbourne CBD,-37.80739594,144.9700012,2019-10-15,PM2.5,4.63
Melbourne CBD,-37.80739594,144.9700012,2019-10-16,PM2.5,4.27
Melbourne CBD,-37.80739594,144.9700012,2019-10-17,PM2.5,3.75
Melbourne CBD,-37.80739594,144.9700012,2019-10-18,PM2.5,5.11
Melbourne CBD,-37.80739594,144.9700012,2019-10-19,PM2.5,3.47
Melbourne CBD,-37.80739594,144.9700012,2019-10-20,PM2.5,5.8
Melbourne CBD,-37.80739594,144.9700012,2019-10-21,PM2.5,4.49
Melbourne CBD,-37.80739594,144.9700012,2019-10-22,PM2.5,12.38
Melbourne CBD,-37.80739594,144.9700012,2019-10-23,PM2.5,14.47
Melbourne CBD,-37.80739594,144.9700012,2019-10-24,PM2.5,8.45
Melbourne CBD,-37.80739594,144.9700012,2019-10-25,PM2.5,12.14
Melbourne CBD,-37.80739594,144.9700012,2019-10-26,PM2.5,5.27
Melbourne CBD,-37.80739594,144.9700012,2019-10-27,PM2.5,6.4
Melbourne CBD,-37.80739594,144.9700012,2019-10-28,PM2.5,10.03
Melbourne CBD,-37.80739594,144.9700012,2019-10-29,PM2.5,9.6
Melbourne CBD,-37.80739594,144.9700012,2019-10-30,PM2.5,16.79
Melbourne CBD,-37.80739594,144.9700012,2019-10-31,PM2.5,8.63
Melbourne CBD,-37.80739594,144.9700012,2019-11-01,PM2.5,9.86
Melbourne CBD,-37.80739594,144.9700012,2019-11-02,PM2.5,4.37
Melbourne CBD,-37.80739594,144.9700012,2019-11-03,PM2.5,4.7
Melbourne CBD,-37.80739594,144.9700012,2019-11-04,PM2.5,3.64
Melbourne CBD,-37.80739594,144.9700012,2019-11-05,PM2.5,4.58
Melbourne CBD,-37.80739594,144.9700012,2019-11-06,PM2.5,3.4
Melbourne CBD,-37.80739594,144.9700012,2019-11-07,PM2.5,3.35
Melbourne CBD,-37.80739594,144.9700012,2019-11-08,PM2.5,4.26
Melbourne CBD,-37.80739594,144.9700012,2019-11-09,PM2.5,4.43
Melbourne CBD,-37.80739594,144.9700012,2019-11-10,PM2.5,3.62
Melbourne CBD,-37.80739594,144.9700012,2019-11-11,PM2.5,2.76
Melbourne CBD,-37.80739594,144.9700012,2019-11-12,PM2.5,5.18
Melbourne CBD,-37.80739594,144.9700012,2019-11-13,PM2.5,6.42
Melbourne CBD,-37.80739594,144.9700012,2019-11-14,PM2.5,3.0
Melbourne CBD,-37.80739594,144.9700012,2019-11-15,PM2.5,5.83
Melbourne CBD,-37.80739594,144.9700012,2019-11-16,PM2.5,7.22
Melbourne CBD,-37.80739594,144.9700012,2019-11-17,PM2.5,4.25
Melbourne CBD,-37.80739594,144.9700012,2019-11-18,PM2.5,4.28
Melbourne CBD,-37.80739594,144.9700012,2019-11-19,PM2.5,6.96
Melbourne CBD,-37.80739594,144.9700012,2019-11-22,PM2.5,3.04
Melbourne CBD,-37.80739594,144.9700012,2019-11-23,PM2.5,6.8
Melbourne CBD,-37.80739594,144.9700012,2019-11-24,PM2.5,6.71
Melbourne CBD,-37.80739594,144.9700012,2019-11-25,PM2.5,6.77
Melbourne CBD,-37.80739594,144.9700012,2019-11-26,PM2.5,4.99
Melbourne CBD,-37.80739594,144.9700012,2019-11-27,PM2.5,4.56
Melbourne CBD,-37.80739594,144.9700012,2019-11-28,PM2.5,6.7
Melbourne CBD,-37.80739594,144.9700012,2019-11-29,PM2.5,10.53
Melbourne CBD,-37.80739594,144.9700012,2019-11-30,PM2.5,4.03
Melbourne CBD,-37.80739594,144.9700012,2019-12-01,PM2.5,3.21
Melbourne CBD,-37.80739594,144.9700012,2019-12-02,PM2.5,3.71
Melbourne CBD,-37.80739594,144.9700012,2019-12-03,PM2.5,4.95
Melbourne CBD,-37.80739594,144.9700012,2019-12-04,PM2.5,4.0
Melbourne CBD,-37.80739594,144.9700012,2019-12-05,PM2.5,5.66
Melbourne CBD,-37.80739594,144.9700012,2019-12-06,PM2.5,6.77
Melbourne CBD,-37.80739594,144.9700012,2019-12-07,PM2.5,9.33
Melbourne CBD,-37.80739594,144.9700012,2019-12-08,PM2.5,6.3
Melbourne CBD,-37.80739594,144.9700012,2019-12-09,PM2.5,8.21
Melbourne CBD,-37.80739594,144.9700012,2019-12-10,PM2.5,5.42
Melbourne CBD,-37.80739594,144.9700012,2019-12-11,PM2.5,5.27
Melbourne CBD,-37.80739594,144.9700012,2019-12-12,PM2.5,4.91
Melbourne CBD,-37.80739594,144.9700012,2019-12-13,PM2.5,6.34
Melbourne CBD,-37.80739594,144.9700012,2019-12-14,PM2.5,2.56
Melbourne CBD,-37.80739594,144.9700012,2019-12-15,PM2.5,4.46
Melbourne CBD,-37.80739594,144.9700012,2019-12-16,PM2.5,8.0
Melbourne CBD,-37.80739594,144.9700012,2019-12-17,PM2.5,10.2
Melbourne CBD,-37.80739594,144.9700012,2019-12-18,PM2.5,10.0
Melbourne CBD,-37.80739594,144.9700012,2019-12-19,PM2.5,9.32
Melbourne CBD,-37.80739594,144.9700012,2019-12-20,PM2.5,25.89
Melbourne CBD,-37.80739594,144.9700012,2019-12-21,PM2.5,8.63
Melbourne CBD,-37.80739594,144.9700012,2019-12-22,PM2.5,7.25
Melbourne CBD,-37.80739594,144.9700012,2019-12-23,PM2.5,13.17
Melbourne CBD,-37.80739594,144.9700012,2019-12-24,PM2.5,8.13
Melbourne CBD,-37.80739594,144.9700012,2019-12-25,PM2.5,26.18
Melbourne CBD,-37.80739594,144.9700012,2019-12-26,PM2.5,10.69
Melbourne CBD,-37.80739594,144.9700012,2019-12-27,PM2.5,9.53
Melbourne CBD,-37.80739594,144.9700012,2019-12-28,PM2.5,19.88
Melbourne CBD,-37.80739594,144.9700012,2019-12-29,PM2.5,9.27
Melbourne CBD,-37.80739594,144.9700012,2019-12-30,PM2.5,12.21
Melbourne CBD,-37.80739594,144.9700012,2019-12-31,PM2.5,6.2
Melbourne CBD,-37.8073959350586,144.970001220703,2020-01-01,PM2.5,10.72
Melbourne CBD,-37.8073959350586,144.970001220703,2020-01-02,PM2.5,4.91
Melbourne CBD,-37.8073959350586,144.970001220703,2020-01-03,PM2.5,67.47
Melbourne CBD,-37.8073959350586,144.970001220703,2020-01-04,PM2.5,25.35
Melbourne CBD,-37.8073959350586,144.970001220703,2020-01-05,PM2.5,4.12
Melbourne CBD,-37.8073959350586,144.970001220703,2020-01-06,PM2.5,74.66
Melbourne CBD,-37.8073959350586,144.970001220703,2020-01-07,PM2.5,20.07
Melbourne CBD,-37.8073959350586,144.970001220703,2020-01-08,PM2.5,14.81
Melbourne CBD,-37.8073959350586,144.970001220703,2020-01-09,PM2.5,23.61
Melbourne CBD,-37.8073959350586,144.970001220703,2020-01-10,PM2.5,21.94
Melbourne CBD,-37.8073959350586,144.970001220703,2020-01-11,PM2.5,7.38
Melbourne CBD,-37.8073959350586,144.970001220703,2020-01-12,PM2.5,3.17
Melbourne CBD,-37.8073959350586,144.970001220703,2020-01-13,PM2.5,50.67
Melbourne CBD,-37.8073959350586,144.970001220703,2020-01-14,PM2.5,209.88
Melbourne CBD,-37.8073959350586,144.970001220703,2020-01-15,PM2.5,77.65
Melbourne CBD,-37.8073959350586,144.970001220703,2020-01-16,PM2.5,31.94
Melbourne CBD,-37.8073959350586,144.970001220703,2020-01-17,PM2.5,6.0
Melbourne CBD,-37.8073959350586,144.970001220703,2020-01-18,PM2.5,13.15
Melbourne CBD,-37.8073959350586,144.970001220703,2020-01-19,PM2.5,18.06
Melbourne CBD,-37.8073959350586,144.970001220703,2020-01-20,PM2.5,7.27
Melbourne CBD,-37.8073959350586,144.970001220703,2020-01-21,PM2.5,8.1
Melbourne CBD,-37.8073959350586,144.970001220703,2020-01-22,PM2.5,5.68
Melbourne CBD,-37.8073959350586,144.970001220703,2020-01-23,PM2.5,2.77
Melbourne CBD,-37.8073959350586,144.970001220703,2020-01-24,PM2.5,6.27
Melbourne CBD,-37.8073959350586,144.970001220703,2020-01-25,PM2.5,6.71
Melbourne CBD,-37.8073959350586,144.970001220703,2020-01-26,PM2.5,4.9
Melbourne CBD,-37.8073959350586,144.970001220703,2020-01-27,PM2.5,4.5
Melbourne CBD,-37.8073959350586,144.970001220703,2020-01-28,PM2.5,5.92
Melbourne CBD,-37.8073959350586,144.970001220703,2020-01-29,PM2.5,8.36
Melbourne CBD,-37.8073959350586,144.970001220703,2020-01-30,PM2.5,9.37
Melbourne CBD,-37.8073959350586,144.970001220703,2020-01-31,PM2.5,13.18
Melbourne CBD,-37.8073959350586,144.970001220703,2020-02-01,PM2.5,5.29
Melbourne CBD,-37.8073959350586,144.970001220703,2020-02-02,PM2.5,3.92
Melbourne CBD,-37.8073959350586,144.970001220703,2020-02-03,PM2.5,4.3
Melbourne CBD,-37.8073959350586,144.970001220703,2020-02-04,PM2.5,5.21
Melbourne CBD,-37.8073959350586,144.970001220703,2020-02-05,PM2.5,5.43
Melbourne CBD,-37.8073959350586,144.970001220703,2020-02-06,PM2.5,20.92
Melbourne CBD,-37.8073959350586,144.970001220703,2020-02-07,PM2.5,36.69
Melbourne CBD,-37.8073959350586,144.970001220703,2020-02-08,PM2.5,25.59
Melbourne CBD,-37.8073959350586,144.970001220703,2020-02-10,PM2.5,4.37
Melbourne CBD,-37.8073959350586,144.970001220703,2020-02-11,PM2.5,8.1
Melbourne CBD,-37.8073959350586,144.970001220703,2020-02-12,PM2.5,5.18
Melbourne CBD,-37.8073959350586,144.970001220703,2020-02-13,PM2.5,4.6
Melbourne CBD,-37.8073959350586,144.970001220703,2020-02-14,PM2.5,6.75
Melbourne CBD,-37.8073959350586,144.970001220703,2020-02-15,PM2.5,7.76
Melbourne CBD,-37.8073959350586,144.970001220703,2020-02-16,PM2.5,3.92
Melbourne CBD,-37.8073959350586,144.970001220703,2020-02-17,PM2.5,8.84
Melbourne CBD,-37.8073959350586,144.970001220703,2020-02-18,PM2.5,8.95
Melbourne CBD,-37.8073959350586,144.970001220703,2020-02-19,PM2.5,6.45
Melbourne CBD,-37.8073959350586,144.970001220703,2020-02-20,PM2.5,5.38
Melbourne CBD,-37.8073959350586,144.970001220703,2020-02-21,PM2.5,4.38
Melbourne CBD,-37.8073959350586,144.970001220703,2020-02-22,PM2.5,5.58
Melbourne CBD,-37.8073959350586,144.970001220703,2020-02-23,PM2.5,7.52
Melbourne CBD,-37.8073959350586,144.970001220703,2020-02-24,PM2.5,14.78
Melbourne CBD,-37.8073959350586,144.970001220703,2020-02-25,PM2.5,9.57
Melbourne CBD,-37.8073959350586,144.970001220703,2020-02-26,PM2.5,5.75
Melbourne CBD,-37.8073959350586,144.970001220703,2020-02-27,PM2.5,5.75
Melbourne CBD,-37.8073959350586,144.970001220703,2020-02-28,PM2.5,5.28
Melbourne CBD,-37.8073959350586,144.970001220703,2020-02-29,PM2.5,5.68
Moe,-38.18646622,146.2583313,2019-09-01,PM2.5,9.33
Moe,-38.18646622,146.2583313,2019-09-02,PM2.5,4.67
Moe,-38.18646622,146.2583313,2019-09-03,PM2.5,4.58
Moe,-38.18646622,146.2583313,2019-09-04,PM2.5,8.3
Moe,-38.18646622,146.2583313,2019-09-05,PM2.5,6.08
Moe,-38.18646622,146.2583313,2019-09-06,PM2.5,4.24
Moe,-38.18646622,146.2583313,2019-09-07,PM2.5,4.2
Moe,-38.18646622,146.2583313,2019-09-08,PM2.5,3.0
Moe,-38.18646622,146.2583313,2019-09-09,PM2.5,6.36
Moe,-38.18646622,146.2583313,2019-09-10,PM2.5,4.88
Moe,-38.18646622,146.2583313,2019-09-11,PM2.5,5.23
Moe,-38.18646622,146.2583313,2019-09-12,PM2.5,7.05
Moe,-38.18646622,146.2583313,2019-09-13,PM2.5,9.54
Moe,-38.18646622,146.2583313,2019-09-14,PM2.5,12.16
Moe,-38.18646622,146.2583313,2019-09-15,PM2.5,4.34
Moe,-38.18646622,146.2583313,2019-09-16,PM2.5,11.06
Moe,-38.18646622,146.2583313,2019-09-17,PM2.5,7.55
Moe,-38.18646622,146.2583313,2019-09-18,PM2.5,5.55
Moe,-38.18646622,146.2583313,2019-09-19,PM2.5,1.84
Moe,-38.18646622,146.2583313,2019-09-20,PM2.5,6.75
Moe,-38.18646622,146.2583313,2019-09-21,PM2.5,7.4
Moe,-38.18646622,146.2583313,2019-09-22,PM2.5,6.1
Moe,-38.18646622,146.2583313,2019-09-23,PM2.5,5.8
Moe,-38.18646622,146.2583313,2019-09-24,PM2.5,3.08
Moe,-38.18646622,146.2583313,2019-09-25,PM2.5,5.61
Moe,-38.18646622,146.2583313,2019-09-26,PM2.5,5.25
Moe,-38.18646622,146.2583313,2019-09-27,PM2.5,5.37
Moe,-38.18646622,146.2583313,2019-09-28,PM2.5,6.08
Moe,-38.18646622,146.2583313,2019-09-29,PM2.5,6.03
Moe,-38.18646622,146.2583313,2019-09-30,PM2.5,4.66
Moe,-38.18646622,146.2583313,2019-10-01,PM2.5,4.66
Moe,-38.18646622,146.2583313,2019-10-02,PM2.5,6.65
Moe,-38.18646622,146.2583313,2019-10-03,PM2.5,2.75
Moe,-38.18646622,146.2583313,2019-10-04,PM2.5,3.9
Moe,-38.18646622,146.2583313,2019-10-05,PM2.5,3.5
Moe,-38.18646622,146.2583313,2019-10-06,PM2.5,6.09
Moe,-38.18646622,146.2583313,2019-10-07,PM2.5,4.64
Moe,-38.18646622,146.2583313,2019-10-08,PM2.5,5.55
Moe,-38.18646622,146.2583313,2019-10-09,PM2.5,3.53
Moe,-38.18646622,146.2583313,2019-10-10,PM2.5,3.8
Moe,-38.18646622,146.2583313,2019-10-11,PM2.5,4.91
Moe,-38.18646622,146.2583313,2019-10-12,PM2.5,3.44
Moe,-38.18646622,146.2583313,2019-10-13,PM2.5,3.59
Moe,-38.18646622,146.2583313,2019-10-14,PM2.5,3.09
Moe,-38.18646622,146.2583313,2019-10-15,PM2.5,7.09
Moe,-38.18646622,146.2583313,2019-10-16,PM2.5,3.06
Moe,-38.18646622,146.2583313,2019-10-18,PM2.5,1.49
Moe,-38.18646622,146.2583313,2019-10-19,PM2.5,5.64
Moe,-38.18646622,146.2583313,2019-10-20,PM2.5,3.87
Moe,-38.18646622,146.2583313,2019-10-21,PM2.5,3.83
Moe,-38.18646622,146.2583313,2019-10-22,PM2.5,2.4
Moe,-38.18646622,146.2583313,2019-10-23,PM2.5,6.18
Moe,-38.18646622,146.2583313,2019-10-24,PM2.5,5.14
Moe,-38.18646622,146.2583313,2019-10-25,PM2.5,7.74
Moe,-38.18646622,146.2583313,2019-10-26,PM2.5,4.69
Moe,-38.18646622,146.2583313,2019-10-27,PM2.5,4.95
Moe,-38.18646622,146.2583313,2019-10-28,PM2.5,4.9
Moe,-38.18646622,146.2583313,2019-10-29,PM2.5,2.21
Moe,-38.18646622,146.2583313,2019-10-30,PM2.5,5.05
Moe,-38.18646622,146.2583313,2019-10-31,PM2.5,6.4
Moe,-38.18646622,146.2583313,2019-11-01,PM2.5,9.85
Moe,-38.18646622,146.2583313,2019-11-02,PM2.5,5.49
Moe,-38.18646622,146.2583313,2019-11-03,PM2.5,8.82
Moe,-38.18646622,146.2583313,2019-11-04,PM2.5,2.72
Moe,-38.18646622,146.2583313,2019-11-05,PM2.5,3.23
Moe,-38.18646622,146.2583313,2019-11-06,PM2.5,3.55
Moe,-38.18646622,146.2583313,2019-11-07,PM2.5,1.52
Moe,-38.18646622,146.2583313,2019-11-08,PM2.5,4.06
Moe,-38.18646622,146.2583313,2019-11-09,PM2.5,1.9
Moe,-38.18646622,146.2583313,2019-11-10,PM2.5,1.08
Moe,-38.18646622,146.2583313,2019-11-11,PM2.5,1.4
Moe,-38.18646622,146.2583313,2019-11-12,PM2.5,4.39
Moe,-38.18646622,146.2583313,2019-11-13,PM2.5,2.7
Moe,-38.18646622,146.2583313,2019-11-14,PM2.5,2.42
Moe,-38.18646622,146.2583313,2019-11-15,PM2.5,1.19
Moe,-38.18646622,146.2583313,2019-11-16,PM2.5,6.97
Moe,-38.18646622,146.2583313,2019-11-17,PM2.5,5.0
Moe,-38.18646622,146.2583313,2019-11-18,PM2.5,-4.12
Moe,-38.18646622,146.2583313,2019-11-19,PM2.5,4.98
Moe,-38.18646622,146.2583313,2019-11-20,PM2.5,2.68
Moe,-38.18646622,146.2583313,2019-11-21,PM2.5,10.98
Moe,-38.18646622,146.2583313,2019-11-22,PM2.5,4.45
Moe,-38.18646622,146.2583313,2019-11-23,PM2.5,5.6
Moe,-38.18646622,146.2583313,2019-11-24,PM2.5,7.8
Moe,-38.18646622,146.2583313,2019-11-25,PM2.5,4.85
Moe,-38.18646622,146.2583313,2019-11-26,PM2.5,19.44
Moe,-38.18646622,146.2583313,2019-11-27,PM2.5,3.12
Moe,-38.18646622,146.2583313,2019-11-28,PM2.5,4.07
Moe,-38.18646622,146.2583313,2019-11-29,PM2.5,10.51
Moe,-38.18646622,146.2583313,2019-11-30,PM2.5,4.37
Moe,-38.18646622,146.2583313,2019-12-01,PM2.5,1.7
Moe,-38.18646622,146.2583313,2019-12-02,PM2.5,3.39
Moe,-38.18646622,146.2583313,2019-12-03,PM2.5,3.55
Moe,-38.18646622,146.2583313,2019-12-04,PM2.5,2.21
Moe,-38.18646622,146.2583313,2019-12-05,PM2.5,3.5
Moe,-38.18646622,146.2583313,2019-12-06,PM2.5,6.68
Moe,-38.18646622,146.2583313,2019-12-07,PM2.5,8.7
Moe,-38.18646622,146.2583313,2019-12-08,PM2.5,6.34
Moe,-38.18646622,146.2583313,2019-12-09,PM2.5,7.07
Moe,-38.18646622,146.2583313,2019-12-10,PM2.5,6.6
Moe,-38.18646622,146.2583313,2019-12-11,PM2.5,7.34
Moe,-38.18646622,146.2583313,2019-12-12,PM2.5,4.08
Moe,-38.18646622,146.2583313,2019-12-13,PM2.5,2.74
Moe,-38.18646622,146.2583313,2019-12-14,PM2.5,2.5
Moe,-38.18646622,146.2583313,2019-12-15,PM2.5,5.86
Moe,-38.18646622,146.2583313,2019-12-16,PM2.5,3.21
Moe,-38.18646622,146.2583313,2019-12-17,PM2.5,5.5
Moe,-38.18646622,146.2583313,2019-12-18,PM2.5,11.82
Moe,-38.18646622,146.2583313,2019-12-19,PM2.5,7.3
Moe,-38.18646622,146.2583313,2019-12-20,PM2.5,32.72
Moe,-38.18646622,146.2583313,2019-12-21,PM2.5,14.42
Moe,-38.18646622,146.2583313,2019-12-22,PM2.5,9.5
Moe,-38.18646622,146.2583313,2019-12-23,PM2.5,21.87
Moe,-38.18646622,146.2583313,2019-12-24,PM2.5,8.29
Moe,-38.18646622,146.2583313,2019-12-25,PM2.5,11.15
Moe,-38.18646622,146.2583313,2019-12-26,PM2.5,15.65
Moe,-38.18646622,146.2583313,2019-12-27,PM2.5,9.54
Moe,-38.18646622,146.2583313,2019-12-28,PM2.5,16.23
Moe,-38.18646622,146.2583313,2019-12-29,PM2.5,9.82
Moe,-38.18646622,146.2583313,2019-12-30,PM2.5,12.67
Moe,-38.18646622,146.2583313,2019-12-31,PM2.5,10.03
Moe,-38.186466217041,146.258331298828,2020-01-01,PM2.5,7.62
Moe,-38.186466217041,146.258331298828,2020-01-02,PM2.5,3.99
Moe,-38.186466217041,146.258331298828,2020-01-03,PM2.5,97.04
Moe,-38.186466217041,146.258331298828,2020-01-06,PM2.5,153.8
Moe,-38.186466217041,146.258331298828,2020-01-07,PM2.5,73.08
Moe,-38.186466217041,146.258331298828,2020-01-08,PM2.5,17.97
Moe,-38.186466217041,146.258331298828,2020-01-09,PM2.5,10.71
Moe,-38.186466217041,146.258331298828,2020-01-10,PM2.5,21.54
Moe,-38.186466217041,146.258331298828,2020-01-11,PM2.5,6.0
Moe,-38.186466217041,146.258331298828,2020-01-12,PM2.5,2.47
Moe,-38.186466217041,146.258331298828,2020-01-13,PM2.5,125.87
Moe,-38.186466217041,146.258331298828,2020-01-14,PM2.5,192.31
Moe,-38.186466217041,146.258331298828,2020-01-15,PM2.5,220.41
Moe,-38.186466217041,146.258331298828,2020-01-16,PM2.5,25.77
Moe,-38.186466217041,146.258331298828,2020-01-17,PM2.5,7.03
Moe,-38.186466217041,146.258331298828,2020-01-18,PM2.5,11.76
Moe,-38.186466217041,146.258331298828,2020-01-19,PM2.5,16.5
Moe,-38.186466217041,146.258331298828,2020-01-20,PM2.5,6.06
Moe,-38.186466217041,146.258331298828,2020-01-21,PM2.5,8.62
Moe,-38.186466217041,146.258331298828,2020-01-22,PM2.5,6.4
Moe,-38.186466217041,146.258331298828,2020-01-23,PM2.5,5.2
Moe,-38.186466217041,146.258331298828,2020-01-24,PM2.5,5.49
Moe,-38.186466217041,146.258331298828,2020-01-25,PM2.5,5.1
Moe,-38.186466217041,146.258331298828,2020-01-26,PM2.5,11.63
Moe,-38.186466217041,146.258331298828,2020-01-27,PM2.5,6.55
Moe,-38.186466217041,146.258331298828,2020-01-28,PM2.5,6.44
Moe,-38.186466217041,146.258331298828,2020-01-29,PM2.5,2.82
Moe,-38.186466217041,146.258331298828,2020-01-30,PM2.5,7.6
Moe,-38.186466217041,146.258331298828,2020-01-31,PM2.5,14.54
Moe,-38.186466217041,146.258331298828,2020-02-01,PM2.5,8.12
Moe,-38.186466217041,146.258331298828,2020-02-02,PM2.5,4.86
Moe,-38.186466217041,146.258331298828,2020-02-03,PM2.5,5.69
Moe,-38.186466217041,146.258331298828,2020-02-04,PM2.5,5.74
Moe,-38.186466217041,146.258331298828,2020-02-05,PM2.5,8.04
Moe,-38.186466217041,146.258331298828,2020-02-06,PM2.5,30.38
Moe,-38.186466217041,146.258331298828,2020-02-07,PM2.5,28.99
Moe,-38.186466217041,146.258331298828,2020-02-08,PM2.5,12.62
Moe,-38.186466217041,146.258331298828,2020-02-09,PM2.5,7.67
Moe,-38.186466217041,146.258331298828,2020-02-10,PM2.5,4.08
Moe,-38.186466217041,146.258331298828,2020-02-11,PM2.5,8.1
Moe,-38.186466217041,146.258331298828,2020-02-12,PM2.5,5.18
Moe,-38.186466217041,146.258331298828,2020-02-13,PM2.5,0.91
Moe,-38.186466217041,146.258331298828,2020-02-14,PM2.5,4.93
Moe,-38.186466217041,146.258331298828,2020-02-15,PM2.5,4.18
Moe,-38.186466217041,146.258331298828,2020-02-16,PM2.5,5.18
Moe,-38.186466217041,146.258331298828,2020-02-17,PM2.5,5.22
Moe,-38.186466217041,146.258331298828,2020-02-18,PM2.5,1.29
Moe,-38.186466217041,146.258331298828,2020-02-19,PM2.5,5.1
Moe,-38.186466217041,146.258331298828,2020-02-20,PM2.5,5.17
Moe,-38.186466217041,146.258331298828,2020-02-21,PM2.5,2.6
Moe,-38.186466217041,146.258331298828,2020-02-22,PM2.5,2.82
Moe,-38.186466217041,146.258331298828,2020-02-23,PM2.5,2.35
Moe,-38.186466217041,146.258331298828,2020-02-24,PM2.5,8.33
Moe,-38.186466217041,146.258331298828,2020-02-25,PM2.5,6.6
Moe,-38.186466217041,146.258331298828,2020-02-26,PM2.5,3.3
Moe,-38.186466217041,146.258331298828,2020-02-27,PM2.5,6.68
Moe,-38.186466217041,146.258331298828,2020-02-28,PM2.5,1.95
Moe,-38.186466217041,146.258331298828,2020-02-29,PM2.5,2.11
Mooroolbark,-37.77496719,145.3285065,2019-09-01,PM10,8.12
Mooroolbark,-37.77496719,145.3285065,2019-09-01,Visibility Reduction,0.41
Mooroolbark,-37.77496719,145.3285065,2019-09-02,PM10,6.78
Mooroolbark,-37.77496719,145.3285065,2019-09-02,Visibility Reduction,0.42
Mooroolbark,-37.77496719,145.3285065,2019-09-03,PM10,10.08
Mooroolbark,-37.77496719,145.3285065,2019-09-03,Visibility Reduction,0.42
Mooroolbark,-37.77496719,145.3285065,2019-09-04,PM10,12.77
Mooroolbark,-37.77496719,145.3285065,2019-09-04,Visibility Reduction,0.69
Mooroolbark,-37.77496719,145.3285065,2019-09-05,PM10,8.42
Mooroolbark,-37.77496719,145.3285065,2019-09-05,Visibility Reduction,0.47
Mooroolbark,-37.77496719,145.3285065,2019-09-06,PM10,6.75
Mooroolbark,-37.77496719,145.3285065,2019-09-06,Visibility Reduction,0.4
Mooroolbark,-37.77496719,145.3285065,2019-09-07,PM10,8.5
Mooroolbark,-37.77496719,145.3285065,2019-09-07,Visibility Reduction,0.37
Mooroolbark,-37.77496719,145.3285065,2019-09-08,PM10,9.65
Mooroolbark,-37.77496719,145.3285065,2019-09-08,Visibility Reduction,0.41
Mooroolbark,-37.77496719,145.3285065,2019-09-09,PM10,14.4
Mooroolbark,-37.77496719,145.3285065,2019-09-09,Visibility Reduction,0.42
Mooroolbark,-37.77496719,145.3285065,2019-09-10,PM10,14.44
Mooroolbark,-37.77496719,145.3285065,2019-09-10,Visibility Reduction,0.72
Mooroolbark,-37.77496719,145.3285065,2019-09-11,PM10,11.09
Mooroolbark,-37.77496719,145.3285065,2019-09-11,Visibility Reduction,0.49
Mooroolbark,-37.77496719,145.3285065,2019-09-12,PM10,16.5
Mooroolbark,-37.77496719,145.3285065,2019-09-12,Visibility Reduction,0.41
Mooroolbark,-37.77496719,145.3285065,2019-09-13,PM10,16.69
Mooroolbark,-37.77496719,145.3285065,2019-09-13,Visibility Reduction,0.47
Mooroolbark,-37.77496719,145.3285065,2019-09-14,PM10,23.96
Mooroolbark,-37.77496719,145.3285065,2019-09-14,Visibility Reduction,0.62
Mooroolbark,-37.77496719,145.3285065,2019-09-15,PM10,12.35
Mooroolbark,-37.77496719,145.3285065,2019-09-15,Visibility Reduction,0.48
Mooroolbark,-37.77496719,145.3285065,2019-09-16,PM10,12.64
Mooroolbark,-37.77496719,145.3285065,2019-09-16,Visibility Reduction,0.43
Mooroolbark,-37.77496719,145.3285065,2019-09-17,PM10,14.13
Mooroolbark,-37.77496719,145.3285065,2019-09-17,Visibility Reduction,0.4
Mooroolbark,-37.77496719,145.3285065,2019-09-18,PM10,12.43
Mooroolbark,-37.77496719,145.3285065,2019-09-18,Visibility Reduction,0.48
Mooroolbark,-37.77496719,145.3285065,2019-09-19,PM10,10.12
Mooroolbark,-37.77496719,145.3285065,2019-09-19,Visibility Reduction,0.34
Mooroolbark,-37.77496719,145.3285065,2019-09-20,PM10,16.53
Mooroolbark,-37.77496719,145.3285065,2019-09-20,Visibility Reduction,0.48
Mooroolbark,-37.77496719,145.3285065,2019-09-21,PM10,26.11
Mooroolbark,-37.77496719,145.3285065,2019-09-21,Visibility Reduction,0.48
Mooroolbark,-37.77496719,145.3285065,2019-09-22,PM10,6.35
Mooroolbark,-37.77496719,145.3285065,2019-09-22,Visibility Reduction,0.31
Mooroolbark,-37.77496719,145.3285065,2019-09-23,PM10,8.63
Mooroolbark,-37.77496719,145.3285065,2019-09-23,Visibility Reduction,0.39
Mooroolbark,-37.77496719,145.3285065,2019-09-24,PM10,8.09
Mooroolbark,-37.77496719,145.3285065,2019-09-24,Visibility Reduction,0.37
Mooroolbark,-37.77496719,145.3285065,2019-09-25,PM10,11.54
Mooroolbark,-37.77496719,145.3285065,2019-09-25,Visibility Reduction,0.53
Mooroolbark,-37.77496719,145.3285065,2019-09-26,PM10,10.11
Mooroolbark,-37.77496719,145.3285065,2019-09-26,Visibility Reduction,0.56
Mooroolbark,-37.77496719,145.3285065,2019-09-27,PM10,12.2
Mooroolbark,-37.77496719,145.3285065,2019-09-27,Visibility Reduction,0.36
Mooroolbark,-37.77496719,145.3285065,2019-09-28,PM10,17.34
Mooroolbark,-37.77496719,145.3285065,2019-09-28,Visibility Reduction,0.64
Mooroolbark,-37.77496719,145.3285065,2019-09-29,PM10,14.8
Mooroolbark,-37.77496719,145.3285065,2019-09-29,Visibility Reduction,0.57
Mooroolbark,-37.77496719,145.3285065,2019-09-30,PM10,11.43
Mooroolbark,-37.77496719,145.3285065,2019-09-30,Visibility Reduction,0.38
Mooroolbark,-37.77496719,145.3285065,2019-10-01,PM10,13.03
Mooroolbark,-37.77496719,145.3285065,2019-10-01,Visibility Reduction,0.5
Mooroolbark,-37.77496719,145.3285065,2019-10-02,PM10,16.42
Mooroolbark,-37.77496719,145.3285065,2019-10-02,Visibility Reduction,0.44
Mooroolbark,-37.77496719,145.3285065,2019-10-03,PM10,23.49
Mooroolbark,-37.77496719,145.3285065,2019-10-03,Visibility Reduction,0.55
Mooroolbark,-37.77496719,145.3285065,2019-10-04,PM10,9.96
Mooroolbark,-37.77496719,145.3285065,2019-10-04,Visibility Reduction,0.42
Mooroolbark,-37.77496719,145.3285065,2019-10-05,PM10,11.93
Mooroolbark,-37.77496719,145.3285065,2019-10-05,Visibility Reduction,0.51
Mooroolbark,-37.77496719,145.3285065,2019-10-06,PM10,18.43
Mooroolbark,-37.77496719,145.3285065,2019-10-06,Visibility Reduction,0.41
Mooroolbark,-37.77496719,145.3285065,2019-10-07,PM10,11.84
Mooroolbark,-37.77496719,145.3285065,2019-10-07,Visibility Reduction,0.38
Mooroolbark,-37.77496719,145.3285065,2019-10-08,PM10,9.11
Mooroolbark,-37.77496719,145.3285065,2019-10-08,Visibility Reduction,0.38
Mooroolbark,-37.77496719,145.3285065,2019-10-09,PM10,8.26
Mooroolbark,-37.77496719,145.3285065,2019-10-09,Visibility Reduction,0.33
Mooroolbark,-37.77496719,145.3285065,2019-10-10,PM10,6.66
Mooroolbark,-37.77496719,145.3285065,2019-10-10,Visibility Reduction,0.36
Mooroolbark,-37.77496719,145.3285065,2019-10-11,PM10,8.0
Mooroolbark,-37.77496719,145.3285065,2019-10-11,Visibility Reduction,0.4
Mooroolbark,-37.77496719,145.3285065,2019-10-12,PM10,9.15
Mooroolbark,-37.77496719,145.3285065,2019-10-12,Visibility Reduction,0.35
Mooroolbark,-37.77496719,145.3285065,2019-10-13,PM10,8.75
Mooroolbark,-37.77496719,145.3285065,2019-10-13,Visibility Reduction,0.33
Mooroolbark,-37.77496719,145.3285065,2019-10-14,PM10,12.24
Mooroolbark,-37.77496719,145.3285065,2019-10-14,Visibility Reduction,0.35
Mooroolbark,-37.77496719,145.3285065,2019-10-15,PM10,16.61
Mooroolbark,-37.77496719,145.3285065,2019-10-15,Visibility Reduction,0.49
Mooroolbark,-37.77496719,145.3285065,2019-10-16,PM10,8.46
Mooroolbark,-37.77496719,145.3285065,2019-10-16,Visibility Reduction,0.37
Mooroolbark,-37.77496719,145.3285065,2019-10-17,PM10,7.45
Mooroolbark,-37.77496719,145.3285065,2019-10-17,Visibility Reduction,0.36
Mooroolbark,-37.77496719,145.3285065,2019-10-18,PM10,13.31
Mooroolbark,-37.77496719,145.3285065,2019-10-18,Visibility Reduction,0.4
Mooroolbark,-37.77496719,145.3285065,2019-10-19,PM10,11.63
Mooroolbark,-37.77496719,145.3285065,2019-10-19,Visibility Reduction,0.41
Mooroolbark,-37.77496719,145.3285065,2019-10-20,PM10,15.91
Mooroolbark,-37.77496719,145.3285065,2019-10-20,Visibility Reduction,0.47
Mooroolbark,-37.77496719,145.3285065,2019-10-21,PM10,12.56
Mooroolbark,-37.77496719,145.3285065,2019-10-21,Visibility Reduction,0.51
Mooroolbark,-37.77496719,145.3285065,2019-10-22,PM10,16.6
Mooroolbark,-37.77496719,145.3285065,2019-10-22,Visibility Reduction,0.49
Mooroolbark,-37.77496719,145.3285065,2019-10-23,PM10,15.6
Mooroolbark,-37.77496719,145.3285065,2019-10-23,Visibility Reduction,0.43
Mooroolbark,-37.77496719,145.3285065,2019-10-24,PM10,20.89
Mooroolbark,-37.77496719,145.3285065,2019-10-24,Visibility Reduction,0.43
Mooroolbark,-37.77496719,145.3285065,2019-10-25,PM10,35.17
Mooroolbark,-37.77496719,145.3285065,2019-10-25,Visibility Reduction,0.51
Mooroolbark,-37.77496719,145.3285065,2019-10-26,PM10,11.25
Mooroolbark,-37.77496719,145.3285065,2019-10-26,Visibility Reduction,0.33
Mooroolbark,-37.77496719,145.3285065,2019-10-27,PM10,12.95
Mooroolbark,-37.77496719,145.3285065,2019-10-27,Visibility Reduction,0.43
Mooroolbark,-37.77496719,145.3285065,2019-10-28,PM10,10.36
Mooroolbark,-37.77496719,145.3285065,2019-10-28,Visibility Reduction,0.46
Mooroolbark,-37.77496719,145.3285065,2019-10-29,PM10,13.07
Mooroolbark,-37.77496719,145.3285065,2019-10-29,Visibility Reduction,0.34
Mooroolbark,-37.77496719,145.3285065,2019-10-30,PM10,26.58
Mooroolbark,-37.77496719,145.3285065,2019-10-30,Visibility Reduction,0.49
Mooroolbark,-37.77496719,145.3285065,2019-10-31,PM10,25.79
Mooroolbark,-37.77496719,145.3285065,2019-10-31,Visibility Reduction,0.44
Mooroolbark,-37.77496719,145.3285065,2019-11-01,PM10,32.77
Mooroolbark,-37.77496719,145.3285065,2019-11-01,Visibility Reduction,0.79
Mooroolbark,-37.77496719,145.3285065,2019-11-02,PM10,12.4
Mooroolbark,-37.77496719,145.3285065,2019-11-02,Visibility Reduction,0.48
Mooroolbark,-37.77496719,145.3285065,2019-11-03,PM10,7.5
Mooroolbark,-37.77496719,145.3285065,2019-11-03,Visibility Reduction,0.44
Mooroolbark,-37.77496719,145.3285065,2019-11-04,PM10,5.9
Mooroolbark,-37.77496719,145.3285065,2019-11-04,Visibility Reduction,0.4
Mooroolbark,-37.77496719,145.3285065,2019-11-05,PM10,8.97
Mooroolbark,-37.77496719,145.3285065,2019-11-05,Visibility Reduction,0.36
Mooroolbark,-37.77496719,145.3285065,2019-11-06,PM10,12.54
Mooroolbark,-37.77496719,145.3285065,2019-11-06,Visibility Reduction,0.36
Mooroolbark,-37.77496719,145.3285065,2019-11-07,PM10,10.2
Mooroolbark,-37.77496719,145.3285065,2019-11-07,Visibility Reduction,0.36
Mooroolbark,-37.77496719,145.3285065,2019-11-08,PM10,8.16
Mooroolbark,-37.77496719,145.3285065,2019-11-08,Visibility Reduction,0.34
Mooroolbark,-37.77496719,145.3285065,2019-11-09,PM10,8.71
Mooroolbark,-37.77496719,145.3285065,2019-11-09,Visibility Reduction,0.35
Mooroolbark,-37.77496719,145.3285065,2019-11-10,PM10,7.97
Mooroolbark,-37.77496719,145.3285065,2019-11-10,Visibility Reduction,0.35
Mooroolbark,-37.77496719,145.3285065,2019-11-11,PM10,9.7
Mooroolbark,-37.77496719,145.3285065,2019-11-11,Visibility Reduction,0.36
Mooroolbark,-37.77496719,145.3285065,2019-11-12,PM10,17.09
Mooroolbark,-37.77496719,145.3285065,2019-11-12,Visibility Reduction,0.39
Mooroolbark,-37.77496719,145.3285065,2019-11-13,PM10,13.76
Mooroolbark,-37.77496719,145.3285065,2019-11-13,Visibility Reduction,0.4
Mooroolbark,-37.77496719,145.3285065,2019-11-14,PM10,7.07
Mooroolbark,-37.77496719,145.3285065,2019-11-14,Visibility Reduction,0.29
Mooroolbark,-37.77496719,145.3285065,2019-11-15,PM10,9.72
Mooroolbark,-37.77496719,145.3285065,2019-11-15,Visibility Reduction,0.34
Mooroolbark,-37.77496719,145.3285065,2019-11-16,PM10,14.85
Mooroolbark,-37.77496719,145.3285065,2019-11-16,Visibility Reduction,0.45
Mooroolbark,-37.77496719,145.3285065,2019-11-17,PM10,13.04
Mooroolbark,-37.77496719,145.3285065,2019-11-17,Visibility Reduction,0.4
Mooroolbark,-37.77496719,145.3285065,2019-11-18,PM10,14.32
Mooroolbark,-37.77496719,145.3285065,2019-11-18,Visibility Reduction,0.39
Mooroolbark,-37.77496719,145.3285065,2019-11-19,PM10,14.5
Mooroolbark,-37.77496719,145.3285065,2019-11-19,Visibility Reduction,0.44
Mooroolbark,-37.77496719,145.3285065,2019-11-20,PM10,14.75
Mooroolbark,-37.77496719,145.3285065,2019-11-20,Visibility Reduction,0.37
Mooroolbark,-37.77496719,145.3285065,2019-11-21,PM10,50.84
Mooroolbark,-37.77496719,145.3285065,2019-11-21,Visibility Reduction,0.79
Mooroolbark,-37.77496719,145.3285065,2019-11-22,PM10,14.37
Mooroolbark,-37.77496719,145.3285065,2019-11-22,Visibility Reduction,0.36
Mooroolbark,-37.77496719,145.3285065,2019-11-23,PM10,18.12
Mooroolbark,-37.77496719,145.3285065,2019-11-23,Visibility Reduction,0.43
Mooroolbark,-37.77496719,145.3285065,2019-11-24,PM10,19.67
Mooroolbark,-37.77496719,145.3285065,2019-11-24,Visibility Reduction,0.47
Mooroolbark,-37.77496719,145.3285065,2019-11-25,PM10,25.35
Mooroolbark,-37.77496719,145.3285065,2019-11-25,Visibility Reduction,0.45
Mooroolbark,-37.77496719,145.3285065,2019-11-26,PM10,17.32
Mooroolbark,-37.77496719,145.3285065,2019-11-26,Visibility Reduction,0.37
Mooroolbark,-37.77496719,145.3285065,2019-11-27,PM10,15.85
Mooroolbark,-37.77496719,145.3285065,2019-11-27,Visibility Reduction,0.37
Mooroolbark,-37.77496719,145.3285065,2019-11-28,PM10,20.31
Mooroolbark,-37.77496719,145.3285065,2019-11-28,Visibility Reduction,0.45
Mooroolbark,-37.77496719,145.3285065,2019-11-29,PM10,21.93
Mooroolbark,-37.77496719,145.3285065,2019-11-29,Visibility Reduction,0.73
Mooroolbark,-37.77496719,145.3285065,2019-11-30,PM10,7.46
Mooroolbark,-37.77496719,145.3285065,2019-11-30,Visibility Reduction,0.37
Mooroolbark,-37.77496719,145.3285065,2019-12-01,PM10,7.05
Mooroolbark,-37.77496719,145.3285065,2019-12-01,Visibility Reduction,0.38
Mooroolbark,-37.77496719,145.3285065,2019-12-02,PM10,11.59
Mooroolbark,-37.77496719,145.3285065,2019-12-02,Visibility Reduction,0.37
Mooroolbark,-37.77496719,145.3285065,2019-12-03,PM10,13.69
Mooroolbark,-37.77496719,145.3285065,2019-12-03,Visibility Reduction,0.37
Mooroolbark,-37.77496719,145.3285065,2019-12-04,PM10,12.93
Mooroolbark,-37.77496719,145.3285065,2019-12-04,Visibility Reduction,0.35
Mooroolbark,-37.77496719,145.3285065,2019-12-05,PM10,13.4
Mooroolbark,-37.77496719,145.3285065,2019-12-05,Visibility Reduction,0.36
Mooroolbark,-37.77496719,145.3285065,2019-12-06,PM10,16.26
Mooroolbark,-37.77496719,145.3285065,2019-12-06,Visibility Reduction,0.41
Mooroolbark,-37.77496719,145.3285065,2019-12-07,PM10,24.59
Mooroolbark,-37.77496719,145.3285065,2019-12-07,Visibility Reduction,0.53
Mooroolbark,-37.77496719,145.3285065,2019-12-08,PM10,17.9
Mooroolbark,-37.77496719,145.3285065,2019-12-08,Visibility Reduction,0.44
Mooroolbark,-37.77496719,145.3285065,2019-12-09,PM10,28.78
Mooroolbark,-37.77496719,145.3285065,2019-12-09,Visibility Reduction,0.62
Mooroolbark,-37.77496719,145.3285065,2019-12-10,PM10,13.9
Mooroolbark,-37.77496719,145.3285065,2019-12-10,Visibility Reduction,0.43
Mooroolbark,-37.77496719,145.3285065,2019-12-11,PM10,18.0
Mooroolbark,-37.77496719,145.3285065,2019-12-11,Visibility Reduction,0.45
Mooroolbark,-37.77496719,145.3285065,2019-12-12,PM10,10.25
Mooroolbark,-37.77496719,145.3285065,2019-12-12,Visibility Reduction,0.34
Mooroolbark,-37.77496719,145.3285065,2019-12-13,PM10,16.24
Mooroolbark,-37.77496719,145.3285065,2019-12-13,Visibility Reduction,0.39
Mooroolbark,-37.77496719,145.3285065,2019-12-14,PM10,13.18
Mooroolbark,-37.77496719,145.3285065,2019-12-14,Visibility Reduction,0.67
Mooroolbark,-37.77496719,145.3285065,2019-12-15,PM10,13.22
Mooroolbark,-37.77496719,145.3285065,2019-12-15,Visibility Reduction,0.62
Mooroolbark,-37.77496719,145.3285065,2019-12-16,PM10,12.45
Mooroolbark,-37.77496719,145.3285065,2019-12-16,Visibility Reduction,0.46
Mooroolbark,-37.77496719,145.3285065,2019-12-17,PM10,16.91
Mooroolbark,-37.77496719,145.3285065,2019-12-17,Visibility Reduction,0.38
Mooroolbark,-37.77496719,145.3285065,2019-12-18,PM10,23.69
Mooroolbark,-37.77496719,145.3285065,2019-12-18,Visibility Reduction,0.59
Mooroolbark,-37.77496719,145.3285065,2019-12-19,PM10,22.57
Mooroolbark,-37.77496719,145.3285065,2019-12-19,Visibility Reduction,0.5
Mooroolbark,-37.77496719,145.3285065,2019-12-20,PM10,72.18
Mooroolbark,-37.77496719,145.3285065,2019-12-20,Visibility Reduction,3.95
Mooroolbark,-37.77496719,145.3285065,2019-12-21,PM10,30.27
Mooroolbark,-37.77496719,145.3285065,2019-12-21,Visibility Reduction,0.63
Mooroolbark,-37.77496719,145.3285065,2019-12-22,PM10,28.56
Mooroolbark,-37.77496719,145.3285065,2019-12-22,Visibility Reduction,0.53
Mooroolbark,-37.77496719,145.3285065,2019-12-23,PM10,41.6
Mooroolbark,-37.77496719,145.3285065,2019-12-23,Visibility Reduction,1.63
Mooroolbark,-37.77496719,145.3285065,2019-12-24,PM10,23.43
Mooroolbark,-37.77496719,145.3285065,2019-12-24,Visibility Reduction,0.68
Mooroolbark,-37.77496719,145.3285065,2019-12-25,PM10,26.26
Mooroolbark,-37.77496719,145.3285065,2019-12-25,Visibility Reduction,1.3
Mooroolbark,-37.77496719,145.3285065,2019-12-26,PM10,31.98
Mooroolbark,-37.77496719,145.3285065,2019-12-26,Visibility Reduction,1.63
Mooroolbark,-37.77496719,145.3285065,2019-12-27,PM10,38.33
Mooroolbark,-37.77496719,145.3285065,2019-12-27,Visibility Reduction,1.77
Mooroolbark,-37.77496719,145.3285065,2019-12-28,PM10,35.79
Mooroolbark,-37.77496719,145.3285065,2019-12-28,Visibility Reduction,1.61
Mooroolbark,-37.77496719,145.3285065,2019-12-29,PM10,30.49
Mooroolbark,-37.77496719,145.3285065,2019-12-29,Visibility Reduction,0.73
Mooroolbark,-37.77496719,145.3285065,2019-12-30,PM10,57.89
Mooroolbark,-37.77496719,145.3285065,2019-12-30,Visibility Reduction,0.78
Mooroolbark,-37.77496719,145.3285065,2019-12-31,PM10,15.29
Mooroolbark,-37.77496719,145.3285065,2019-12-31,Visibility Reduction,0.51
Mooroolbark,-37.7748680114746,145.328506469727,2020-01-01,PM10,14.98
Mooroolbark,-37.7748680114746,145.328506469727,2020-01-01,Visibility Reduction,0.41
Mooroolbark,-37.7748680114746,145.328506469727,2020-01-02,PM10,14.95
Mooroolbark,-37.7748680114746,145.328506469727,2020-01-02,Visibility Reduction,0.42
Mooroolbark,-37.7748680114746,145.328506469727,2020-01-03,PM10,40.22
Mooroolbark,-37.7748680114746,145.328506469727,2020-01-03,Visibility Reduction,2.33
Mooroolbark,-37.7748680114746,145.328506469727,2020-01-04,PM10,57.65
Mooroolbark,-37.7748680114746,145.328506469727,2020-01-04,Visibility Reduction,2.71
Mooroolbark,-37.7748680114746,145.328506469727,2020-01-05,PM10,15.62
Mooroolbark,-37.7748680114746,145.328506469727,2020-01-05,Visibility Reduction,0.51
Mooroolbark,-37.7748680114746,145.328506469727,2020-01-06,PM10,69.77
Mooroolbark,-37.7748680114746,145.328506469727,2020-01-06,Visibility Reduction,6.73
Mooroolbark,-37.7748680114746,145.328506469727,2020-01-07,Visibility Reduction,2.88
Mooroolbark,-37.7748680114746,145.328506469727,2020-01-08,Visibility Reduction,2.46
Mooroolbark,-37.7748680114746,145.328506469727,2020-01-09,Visibility Reduction,2.46
Mooroolbark,-37.7748680114746,145.328506469727,2020-01-10,Visibility Reduction,1.53
Mooroolbark,-37.7748680114746,145.328506469727,2020-01-11,Visibility Reduction,0.44
Mooroolbark,-37.7748680114746,145.328506469727,2020-01-12,Visibility Reduction,0.33
Mooroolbark,-37.7748680114746,145.328506469727,2020-01-13,Visibility Reduction,4.18
Mooroolbark,-37.7748680114746,145.328506469727,2020-01-14,Visibility Reduction,17.28
Mooroolbark,-37.7748680114746,145.328506469727,2020-01-15,Visibility Reduction,7.55
Mooroolbark,-37.7748680114746,145.328506469727,2020-01-16,Visibility Reduction,2.5
Mooroolbark,-37.7748680114746,145.328506469727,2020-01-17,Visibility Reduction,0.5
Mooroolbark,-37.7748680114746,145.328506469727,2020-01-18,Visibility Reduction,1.31
Mooroolbark,-37.7748680114746,145.328506469727,2020-01-19,Visibility Reduction,1.48
Mooroolbark,-37.7748680114746,145.328506469727,2020-01-20,Visibility Reduction,0.65
Mooroolbark,-37.7748680114746,145.328506469727,2020-01-21,Visibility Reduction,0.54
Mooroolbark,-37.7748680114746,145.328506469727,2020-01-22,Visibility Reduction,0.5
Mooroolbark,-37.7748680114746,145.328506469727,2020-01-23,Visibility Reduction,0.33
Mooroolbark,-37.7748680114746,145.328506469727,2020-01-24,PM10,17.92
Mooroolbark,-37.7748680114746,145.328506469727,2020-01-24,Visibility Reduction,0.4
Mooroolbark,-37.7748680114746,145.328506469727,2020-01-25,PM10,15.46
Mooroolbark,-37.7748680114746,145.328506469727,2020-01-25,Visibility Reduction,0.41
Mooroolbark,-37.7748680114746,145.328506469727,2020-01-26,PM10,12.13
Mooroolbark,-37.7748680114746,145.328506469727,2020-01-26,Visibility Reduction,0.46
Mooroolbark,-37.7748680114746,145.328506469727,2020-01-27,PM10,14.48
Mooroolbark,-37.7748680114746,145.328506469727,2020-01-27,Visibility Reduction,0.43
Mooroolbark,-37.7748680114746,145.328506469727,2020-01-28,PM10,18.39
Mooroolbark,-37.7748680114746,145.328506469727,2020-01-28,Visibility Reduction,0.47
Mooroolbark,-37.7748680114746,145.328506469727,2020-01-29,PM10,19.13
Mooroolbark,-37.7748680114746,145.328506469727,2020-01-29,Visibility Reduction,0.46
Mooroolbark,-37.7748680114746,145.328506469727,2020-01-30,PM10,26.19
Mooroolbark,-37.7748680114746,145.328506469727,2020-01-30,Visibility Reduction,0.54
Mooroolbark,-37.7748680114746,145.328506469727,2020-01-31,PM10,61.69
Mooroolbark,-37.7748680114746,145.328506469727,2020-01-31,Visibility Reduction,0.78
Mooroolbark,-37.7748680114746,145.328506469727,2020-02-01,PM10,15.62
Mooroolbark,-37.7748680114746,145.328506469727,2020-02-01,Visibility Reduction,0.42
Mooroolbark,-37.7748680114746,145.328506469727,2020-02-02,PM10,9.75
Mooroolbark,-37.7748680114746,145.328506469727,2020-02-02,Visibility Reduction,0.38
Mooroolbark,-37.7748680114746,145.328506469727,2020-02-03,PM10,14.78
Mooroolbark,-37.7748680114746,145.328506469727,2020-02-03,Visibility Reduction,0.37
Mooroolbark,-37.7748680114746,145.328506469727,2020-02-04,PM10,18.37
Mooroolbark,-37.7748680114746,145.328506469727,2020-02-04,Visibility Reduction,0.4
Mooroolbark,-37.7748680114746,145.328506469727,2020-02-05,PM10,18.37
Mooroolbark,-37.7748680114746,145.328506469727,2020-02-05,Visibility Reduction,0.48
Mooroolbark,-37.7748680114746,145.328506469727,2020-02-06,PM10,38.5
Mooroolbark,-37.7748680114746,145.328506469727,2020-02-06,Visibility Reduction,1.3
Mooroolbark,-37.7748680114746,145.328506469727,2020-02-07,PM10,52.45
Mooroolbark,-37.7748680114746,145.328506469727,2020-02-07,Visibility Reduction,2.61
Mooroolbark,-37.7748680114746,145.328506469727,2020-02-08,PM10,33.2
Mooroolbark,-37.7748680114746,145.328506469727,2020-02-08,Visibility Reduction,1.88
Mooroolbark,-37.7748680114746,145.328506469727,2020-02-09,PM10,10.89
Mooroolbark,-37.7748680114746,145.328506469727,2020-02-09,Visibility Reduction,0.47
Mooroolbark,-37.7748680114746,145.328506469727,2020-02-10,PM10,4.62
Mooroolbark,-37.7748680114746,145.328506469727,2020-02-10,Visibility Reduction,0.3
Mooroolbark,-37.7748680114746,145.328506469727,2020-02-11,PM10,10.41
Mooroolbark,-37.7748680114746,145.328506469727,2020-02-11,Visibility Reduction,0.7
Mooroolbark,-37.7748680114746,145.328506469727,2020-02-12,PM10,6.57
Mooroolbark,-37.7748680114746,145.328506469727,2020-02-12,Visibility Reduction,0.41
Mooroolbark,-37.7748680114746,145.328506469727,2020-02-13,PM10,9.59
Mooroolbark,-37.7748680114746,145.328506469727,2020-02-13,Visibility Reduction,0.37
Mooroolbark,-37.7748680114746,145.328506469727,2020-02-14,PM10,13.07
Mooroolbark,-37.7748680114746,145.328506469727,2020-02-14,Visibility Reduction,0.44
Mooroolbark,-37.7748680114746,145.328506469727,2020-02-15,PM10,8.26
Mooroolbark,-37.7748680114746,145.328506469727,2020-02-15,Visibility Reduction,0.51
Mooroolbark,-37.7748680114746,145.328506469727,2020-02-16,PM10,6.67
Mooroolbark,-37.7748680114746,145.328506469727,2020-02-16,Visibility Reduction,0.32
Mooroolbark,-37.7748680114746,145.328506469727,2020-02-17,PM10,15.4
Mooroolbark,-37.7748680114746,145.328506469727,2020-02-17,Visibility Reduction,0.48
Mooroolbark,-37.7748680114746,145.328506469727,2020-02-18,PM10,13.59
Mooroolbark,-37.7748680114746,145.328506469727,2020-02-18,Visibility Reduction,0.62
Mooroolbark,-37.7748680114746,145.328506469727,2020-02-19,PM10,13.1
Mooroolbark,-37.7748680114746,145.328506469727,2020-02-19,Visibility Reduction,0.46
Mooroolbark,-37.7748680114746,145.328506469727,2020-02-20,PM10,11.87
Mooroolbark,-37.7748680114746,145.328506469727,2020-02-20,Visibility Reduction,0.34
Mooroolbark,-37.7748680114746,145.328506469727,2020-02-21,PM10,10.4
Mooroolbark,-37.7748680114746,145.328506469727,2020-02-21,Visibility Reduction,0.32
Mooroolbark,-37.7748680114746,145.328506469727,2020-02-22,PM10,14.98
Mooroolbark,-37.7748680114746,145.328506469727,2020-02-22,Visibility Reduction,0.4
Mooroolbark,-37.7748680114746,145.328506469727,2020-02-23,PM10,22.09
Mooroolbark,-37.7748680114746,145.328506469727,2020-02-23,Visibility Reduction,0.5
Mooroolbark,-37.7748680114746,145.328506469727,2020-02-24,PM10,21.17
Mooroolbark,-37.7748680114746,145.328506469727,2020-02-24,Visibility Reduction,0.6
Mooroolbark,-37.7748680114746,145.328506469727,2020-02-25,PM10,17.48
Mooroolbark,-37.7748680114746,145.328506469727,2020-02-25,Visibility Reduction,0.57
Mooroolbark,-37.7748680114746,145.328506469727,2020-02-26,PM10,11.13
Mooroolbark,-37.7748680114746,145.328506469727,2020-02-26,Visibility Reduction,0.36
Mooroolbark,-37.7748680114746,145.328506469727,2020-02-27,PM10,14.3
Mooroolbark,-37.7748680114746,145.328506469727,2020-02-27,Visibility Reduction,0.38
Mooroolbark,-37.7748680114746,145.328506469727,2020-02-28,PM10,9.91
Mooroolbark,-37.7748680114746,145.328506469727,2020-02-28,Visibility Reduction,0.36
Mooroolbark,-37.7748680114746,145.328506469727,2020-02-29,PM10,11.47
Mooroolbark,-37.7748680114746,145.328506469727,2020-02-29,Visibility Reduction,0.38
Morwell East,-38.22939301,146.4244537,2019-09-01,Visibility Reduction,0.62
Morwell East,-38.22939301,146.4244537,2019-09-02,Visibility Reduction,0.51
Morwell East,-38.22939301,146.4244537,2019-09-03,Visibility Reduction,0.5
Morwell East,-38.22939301,146.4244537,2019-09-04,Visibility Reduction,0.6
Morwell East,-38.22939301,146.4244537,2019-09-05,Visibility Reduction,0.55
Morwell East,-38.22939301,146.4244537,2019-09-06,Visibility Reduction,0.38
Morwell East,-38.22939301,146.4244537,2019-09-07,Visibility Reduction,0.36
Morwell East,-38.22939301,146.4244537,2019-09-08,Visibility Reduction,0.36
Morwell East,-38.22939301,146.4244537,2019-09-09,Visibility Reduction,0.4
Morwell East,-38.22939301,146.4244537,2019-09-10,Visibility Reduction,0.51
Morwell East,-38.22939301,146.4244537,2019-09-11,Visibility Reduction,0.53
Morwell East,-38.22939301,146.4244537,2019-09-12,Visibility Reduction,0.46
Morwell East,-38.22939301,146.4244537,2019-09-13,Visibility Reduction,0.5
Morwell East,-38.22939301,146.4244537,2019-09-14,Visibility Reduction,0.76
Morwell East,-38.22939301,146.4244537,2019-09-15,Visibility Reduction,0.38
Morwell East,-38.22939301,146.4244537,2019-09-16,Visibility Reduction,0.44
Morwell East,-38.22939301,146.4244537,2019-09-17,Visibility Reduction,0.46
Morwell East,-38.22939301,146.4244537,2019-09-18,Visibility Reduction,0.57
Morwell East,-38.22939301,146.4244537,2019-09-19,Visibility Reduction,0.45
Morwell East,-38.22939301,146.4244537,2019-09-20,Visibility Reduction,0.54
Morwell East,-38.22939301,146.4244537,2019-09-21,Visibility Reduction,0.48
Morwell East,-38.22939301,146.4244537,2019-09-22,Visibility Reduction,0.36
Morwell East,-38.22939301,146.4244537,2019-09-23,Visibility Reduction,0.43
Morwell East,-38.22939301,146.4244537,2019-09-24,Visibility Reduction,0.34
Morwell East,-38.22939301,146.4244537,2019-09-25,Visibility Reduction,0.43
Morwell East,-38.22939301,146.4244537,2019-09-26,Visibility Reduction,0.4
Morwell East,-38.22939301,146.4244537,2019-09-27,Visibility Reduction,0.47
Morwell East,-38.22939301,146.4244537,2019-09-28,Visibility Reduction,0.42
Morwell East,-38.22939301,146.4244537,2019-09-29,Visibility Reduction,0.41
Morwell East,-38.22939301,146.4244537,2019-09-30,Visibility Reduction,0.35
Morwell East,-38.22939301,146.4244537,2019-10-01,Visibility Reduction,0.49
Morwell East,-38.22939301,146.4244537,2019-10-02,Visibility Reduction,0.49
Morwell East,-38.22939301,146.4244537,2019-10-03,Visibility Reduction,0.56
Morwell East,-38.22939301,146.4244537,2019-10-04,Visibility Reduction,0.38
Morwell East,-38.22939301,146.4244537,2019-10-05,Visibility Reduction,0.47
Morwell East,-38.22939301,146.4244537,2019-10-06,Visibility Reduction,0.48
Morwell East,-38.22939301,146.4244537,2019-10-07,Visibility Reduction,0.39
Morwell East,-38.22939301,146.4244537,2019-10-08,Visibility Reduction,0.34
Morwell East,-38.22939301,146.4244537,2019-10-09,Visibility Reduction,0.33
Morwell East,-38.22939301,146.4244537,2019-10-10,Visibility Reduction,0.37
Morwell East,-38.22939301,146.4244537,2019-10-11,Visibility Reduction,0.32
Morwell East,-38.22939301,146.4244537,2019-10-12,Visibility Reduction,0.32
Morwell East,-38.22939301,146.4244537,2019-10-13,Visibility Reduction,0.38
Morwell East,-38.22939301,146.4244537,2019-10-14,Visibility Reduction,0.45
Morwell East,-38.22939301,146.4244537,2019-10-15,Visibility Reduction,0.49
Morwell East,-38.22939301,146.4244537,2019-10-16,Visibility Reduction,0.45
Morwell East,-38.22939301,146.4244537,2019-10-17,Visibility Reduction,0.38
Morwell East,-38.22939301,146.4244537,2019-10-18,Visibility Reduction,0.38
Morwell East,-38.22939301,146.4244537,2019-10-19,Visibility Reduction,0.37
Morwell East,-38.22939301,146.4244537,2019-10-20,Visibility Reduction,0.42
Morwell East,-38.22939301,146.4244537,2019-10-21,Visibility Reduction,0.34
Morwell East,-38.22939301,146.4244537,2019-10-22,Visibility Reduction,0.39
Morwell East,-38.22939301,146.4244537,2019-10-23,Visibility Reduction,0.44
Morwell East,-38.22939301,146.4244537,2019-10-24,Visibility Reduction,0.5
Morwell East,-38.22939301,146.4244537,2019-10-25,PM2.5,5.89
Morwell East,-38.22939301,146.4244537,2019-10-25,Visibility Reduction,0.49
Morwell East,-38.22939301,146.4244537,2019-10-26,PM2.5,6.16
Morwell East,-38.22939301,146.4244537,2019-10-26,Visibility Reduction,0.35
Morwell East,-38.22939301,146.4244537,2019-10-27,PM2.5,5.98
Morwell East,-38.22939301,146.4244537,2019-10-27,Visibility Reduction,0.4
Morwell East,-38.22939301,146.4244537,2019-10-28,PM2.5,5.63
Morwell East,-38.22939301,146.4244537,2019-10-28,Visibility Reduction,0.34
Morwell East,-38.22939301,146.4244537,2019-10-29,PM2.5,4.83
Morwell East,-38.22939301,146.4244537,2019-10-29,Visibility Reduction,0.35
Morwell East,-38.22939301,146.4244537,2019-10-30,PM2.5,6.62
Morwell East,-38.22939301,146.4244537,2019-10-30,Visibility Reduction,0.41
Morwell East,-38.22939301,146.4244537,2019-10-31,PM2.5,8.64
Morwell East,-38.22939301,146.4244537,2019-10-31,Visibility Reduction,0.45
Morwell East,-38.22939301,146.4244537,2019-11-01,PM2.5,10.63
Morwell East,-38.22939301,146.4244537,2019-11-01,Visibility Reduction,0.83
Morwell East,-38.22939301,146.4244537,2019-11-02,PM2.5,5.13
Morwell East,-38.22939301,146.4244537,2019-11-02,Visibility Reduction,0.55
Morwell East,-38.22939301,146.4244537,2019-11-03,PM2.5,7.71
Morwell East,-38.22939301,146.4244537,2019-11-03,Visibility Reduction,0.54
Morwell East,-38.22939301,146.4244537,2019-11-04,PM2.5,3.72
Morwell East,-38.22939301,146.4244537,2019-11-04,Visibility Reduction,0.34
Morwell East,-38.22939301,146.4244537,2019-11-05,PM2.5,2.9
Morwell East,-38.22939301,146.4244537,2019-11-05,Visibility Reduction,0.34
Morwell East,-38.22939301,146.4244537,2019-11-06,PM2.5,4.02
Morwell East,-38.22939301,146.4244537,2019-11-06,Visibility Reduction,0.38
Morwell East,-38.22939301,146.4244537,2019-11-07,PM2.5,4.06
Morwell East,-38.22939301,146.4244537,2019-11-07,Visibility Reduction,0.35
Morwell East,-38.22939301,146.4244537,2019-11-08,PM2.5,4.0
Morwell East,-38.22939301,146.4244537,2019-11-08,Visibility Reduction,0.31
Morwell East,-38.22939301,146.4244537,2019-11-09,PM2.5,1.2
Morwell East,-38.22939301,146.4244537,2019-11-09,Visibility Reduction,0.34
Morwell East,-38.22939301,146.4244537,2019-11-10,PM2.5,1.28
Morwell East,-38.22939301,146.4244537,2019-11-10,Visibility Reduction,0.29
Morwell East,-38.22939301,146.4244537,2019-11-11,PM2.5,3.05
Morwell East,-38.22939301,146.4244537,2019-11-11,Visibility Reduction,0.39
Morwell East,-38.22939301,146.4244537,2019-11-12,PM2.5,5.73
Morwell East,-38.22939301,146.4244537,2019-11-12,Visibility Reduction,0.37
Morwell East,-38.22939301,146.4244537,2019-11-13,PM2.5,3.56
Morwell East,-38.22939301,146.4244537,2019-11-13,Visibility Reduction,0.38
Morwell East,-38.22939301,146.4244537,2019-11-14,PM2.5,2.5
Morwell East,-38.22939301,146.4244537,2019-11-14,Visibility Reduction,0.32
Morwell East,-38.22939301,146.4244537,2019-11-15,PM2.5,4.5
Morwell East,-38.22939301,146.4244537,2019-11-15,Visibility Reduction,0.35
Morwell East,-38.22939301,146.4244537,2019-11-16,PM2.5,6.67
Morwell East,-38.22939301,146.4244537,2019-11-16,Visibility Reduction,0.44
Morwell East,-38.22939301,146.4244537,2019-11-17,PM2.5,4.5
Morwell East,-38.22939301,146.4244537,2019-11-17,Visibility Reduction,0.38
Morwell East,-38.22939301,146.4244537,2019-11-18,PM2.5,3.02
Morwell East,-38.22939301,146.4244537,2019-11-18,Visibility Reduction,0.38
Morwell East,-38.22939301,146.4244537,2019-11-19,PM2.5,5.02
Morwell East,-38.22939301,146.4244537,2019-11-19,Visibility Reduction,0.38
Morwell East,-38.22939301,146.4244537,2019-11-20,PM2.5,3.32
Morwell East,-38.22939301,146.4244537,2019-11-20,Visibility Reduction,0.4
Morwell East,-38.22939301,146.4244537,2019-11-21,PM2.5,13.1
Morwell East,-38.22939301,146.4244537,2019-11-21,Visibility Reduction,0.83
Morwell East,-38.22939301,146.4244537,2019-11-22,PM2.5,5.07
Morwell East,-38.22939301,146.4244537,2019-11-22,Visibility Reduction,0.34
Morwell East,-38.22939301,146.4244537,2019-11-23,PM2.5,4.25
Morwell East,-38.22939301,146.4244537,2019-11-23,Visibility Reduction,0.41
Morwell East,-38.22939301,146.4244537,2019-11-24,PM2.5,9.98
Morwell East,-38.22939301,146.4244537,2019-11-24,Visibility Reduction,0.62
Morwell East,-38.22939301,146.4244537,2019-11-25,PM2.5,4.7
Morwell East,-38.22939301,146.4244537,2019-11-25,Visibility Reduction,0.43
Morwell East,-38.22939301,146.4244537,2019-11-26,PM2.5,29.26
Morwell East,-38.22939301,146.4244537,2019-11-26,Visibility Reduction,1.72
Morwell East,-38.22939301,146.4244537,2019-11-27,PM2.5,5.79
Morwell East,-38.22939301,146.4244537,2019-11-27,Visibility Reduction,0.38
Morwell East,-38.22939301,146.4244537,2019-11-28,PM2.5,5.98
Morwell East,-38.22939301,146.4244537,2019-11-28,Visibility Reduction,0.43
Morwell East,-38.22939301,146.4244537,2019-11-29,PM2.5,12.88
Morwell East,-38.22939301,146.4244537,2019-11-29,Visibility Reduction,1.11
Morwell East,-38.22939301,146.4244537,2019-11-30,PM2.5,4.4
Morwell East,-38.22939301,146.4244537,2019-11-30,Visibility Reduction,0.33
Morwell East,-38.22939301,146.4244537,2019-12-01,PM2.5,2.16
Morwell East,-38.22939301,146.4244537,2019-12-01,Visibility Reduction,0.32
Morwell East,-38.22939301,146.4244537,2019-12-02,PM2.5,5.23
Morwell East,-38.22939301,146.4244537,2019-12-02,Visibility Reduction,0.35
Morwell East,-38.22939301,146.4244537,2019-12-03,PM2.5,2.81
Morwell East,-38.22939301,146.4244537,2019-12-03,Visibility Reduction,0.35
Morwell East,-38.22939301,146.4244537,2019-12-04,PM2.5,4.33
Morwell East,-38.22939301,146.4244537,2019-12-04,Visibility Reduction,0.35
Morwell East,-38.22939301,146.4244537,2019-12-05,PM2.5,4.59
Morwell East,-38.22939301,146.4244537,2019-12-05,Visibility Reduction,0.39
Morwell East,-38.22939301,146.4244537,2019-12-06,PM2.5,5.14
Morwell East,-38.22939301,146.4244537,2019-12-06,Visibility Reduction,0.41
Morwell East,-38.22939301,146.4244537,2019-12-07,PM2.5,8.91
Morwell East,-38.22939301,146.4244537,2019-12-07,Visibility Reduction,0.54
Morwell East,-38.22939301,146.4244537,2019-12-08,PM2.5,5.11
Morwell East,-38.22939301,146.4244537,2019-12-08,Visibility Reduction,0.39
Morwell East,-38.22939301,146.4244537,2019-12-09,PM2.5,6.4
Morwell East,-38.22939301,146.4244537,2019-12-09,Visibility Reduction,0.55
Morwell East,-38.22939301,146.4244537,2019-12-10,PM2.5,6.04
Morwell East,-38.22939301,146.4244537,2019-12-10,Visibility Reduction,0.41
Morwell East,-38.22939301,146.4244537,2019-12-11,PM2.5,7.43
Morwell East,-38.22939301,146.4244537,2019-12-11,Visibility Reduction,0.59
Morwell East,-38.22939301,146.4244537,2019-12-12,PM2.5,5.37
Morwell East,-38.22939301,146.4244537,2019-12-12,Visibility Reduction,0.37
Morwell East,-38.22939301,146.4244537,2019-12-13,PM2.5,5.0
Morwell East,-38.22939301,146.4244537,2019-12-13,Visibility Reduction,0.4
Morwell East,-38.22939301,146.4244537,2019-12-14,PM2.5,2.01
Morwell East,-38.22939301,146.4244537,2019-12-14,Visibility Reduction,0.33
Morwell East,-38.22939301,146.4244537,2019-12-15,PM2.5,5.87
Morwell East,-38.22939301,146.4244537,2019-12-15,Visibility Reduction,0.51
Morwell East,-38.22939301,146.4244537,2019-12-16,PM2.5,2.12
Morwell East,-38.22939301,146.4244537,2019-12-16,Visibility Reduction,0.36
Morwell East,-38.22939301,146.4244537,2019-12-17,PM2.5,7.72
Morwell East,-38.22939301,146.4244537,2019-12-17,Visibility Reduction,0.61
Morwell East,-38.22939301,146.4244537,2019-12-18,PM2.5,13.65
Morwell East,-38.22939301,146.4244537,2019-12-18,Visibility Reduction,1.0
Morwell East,-38.22939301,146.4244537,2019-12-19,PM2.5,8.05
Morwell East,-38.22939301,146.4244537,2019-12-19,Visibility Reduction,0.47
Morwell East,-38.22939301,146.4244537,2019-12-20,PM2.5,29.12
Morwell East,-38.22939301,146.4244537,2019-12-20,Visibility Reduction,2.72
Morwell East,-38.22939301,146.4244537,2019-12-21,PM2.5,12.55
Morwell East,-38.22939301,146.4244537,2019-12-21,Visibility Reduction,0.67
Morwell East,-38.22939301,146.4244537,2019-12-22,PM2.5,9.99
Morwell East,-38.22939301,146.4244537,2019-12-22,Visibility Reduction,0.55
Morwell East,-38.22939301,146.4244537,2019-12-23,PM2.5,14.38
Morwell East,-38.22939301,146.4244537,2019-12-23,Visibility Reduction,1.18
Morwell East,-38.22939301,146.4244537,2019-12-24,PM2.5,7.02
Morwell East,-38.22939301,146.4244537,2019-12-24,Visibility Reduction,0.57
Morwell East,-38.22939301,146.4244537,2019-12-25,PM2.5,8.88
Morwell East,-38.22939301,146.4244537,2019-12-25,Visibility Reduction,0.79
Morwell East,-38.22939301,146.4244537,2019-12-26,PM2.5,14.45
Morwell East,-38.22939301,146.4244537,2019-12-26,Visibility Reduction,1.02
Morwell East,-38.22939301,146.4244537,2019-12-27,PM2.5,8.86
Morwell East,-38.22939301,146.4244537,2019-12-27,Visibility Reduction,0.97
Morwell East,-38.22939301,146.4244537,2019-12-28,PM2.5,16.25
Morwell East,-38.22939301,146.4244537,2019-12-28,Visibility Reduction,1.22
Morwell East,-38.22939301,146.4244537,2019-12-29,PM2.5,13.5
Morwell East,-38.22939301,146.4244537,2019-12-29,Visibility Reduction,1.03
Morwell East,-38.22939301,146.4244537,2019-12-30,PM2.5,12.49
Morwell East,-38.22939301,146.4244537,2019-12-30,Visibility Reduction,0.92
Morwell East,-38.22939301,146.4244537,2019-12-31,PM2.5,8.92
Morwell East,-38.22939301,146.4244537,2019-12-31,Visibility Reduction,0.5
Morwell East,-38.2293930053711,146.424453735352,2020-01-01,PM2.5,4.81
Morwell East,-38.2293930053711,146.424453735352,2020-01-01,Visibility Reduction,0.41
Morwell East,-38.2293930053711,146.424453735352,2020-01-02,PM2.5,4.1
Morwell East,-38.2293930053711,146.424453735352,2020-01-02,Visibility Reduction,0.47
Morwell East,-38.2293930053711,146.424453735352,2020-01-03,PM2.5,90.04
Morwell East,-38.2293930053711,146.424453735352,2020-01-03,Visibility Reduction,10.52
Morwell East,-38.2293930053711,146.424453735352,2020-01-04,PM2.5,60.51
Morwell East,-38.2293930053711,146.424453735352,2020-01-04,Visibility Reduction,5.0
Morwell East,-38.2293930053711,146.424453735352,2020-01-05,PM2.5,5.69
Morwell East,-38.2293930053711,146.424453735352,2020-01-05,Visibility Reduction,0.45
Morwell East,-38.2293930053711,146.424453735352,2020-01-06,PM2.5,161.04
Morwell East,-38.2293930053711,146.424453735352,2020-01-06,Visibility Reduction,16.87
Morwell East,-38.2293930053711,146.424453735352,2020-01-07,PM2.5,78.42
Morwell East,-38.2293930053711,146.424453735352,2020-01-07,Visibility Reduction,5.66
Morwell East,-38.2293930053711,146.424453735352,2020-01-08,PM2.5,12.15
Morwell East,-38.2293930053711,146.424453735352,2020-01-08,Visibility Reduction,1.08
Morwell East,-38.2293930053711,146.424453735352,2020-01-09,PM2.5,9.37
Morwell East,-38.2293930053711,146.424453735352,2020-01-09,Visibility Reduction,0.96
Morwell East,-38.2293930053711,146.424453735352,2020-01-10,PM2.5,20.88
Morwell East,-38.2293930053711,146.424453735352,2020-01-10,Visibility Reduction,1.5
Morwell East,-38.2293930053711,146.424453735352,2020-01-11,PM2.5,5.75
Morwell East,-38.2293930053711,146.424453735352,2020-01-11,Visibility Reduction,0.41
Morwell East,-38.2293930053711,146.424453735352,2020-01-12,PM2.5,2.27
Morwell East,-38.2293930053711,146.424453735352,2020-01-12,Visibility Reduction,0.35
Morwell East,-38.2293930053711,146.424453735352,2020-01-13,PM2.5,137.53
Morwell East,-38.2293930053711,146.424453735352,2020-01-13,Visibility Reduction,15.3
Morwell East,-38.2293930053711,146.424453735352,2020-01-14,PM2.5,194.55
Morwell East,-38.2293930053711,146.424453735352,2020-01-14,Visibility Reduction,17.15
Morwell East,-38.2293930053711,146.424453735352,2020-01-15,PM2.5,218.78
Morwell East,-38.2293930053711,146.424453735352,2020-01-15,Visibility Reduction,20.48
Morwell East,-38.2293930053711,146.424453735352,2020-01-16,PM2.5,24.57
Morwell East,-38.2293930053711,146.424453735352,2020-01-16,Visibility Reduction,1.77
Morwell East,-38.2293930053711,146.424453735352,2020-01-17,PM2.5,2.25
Morwell East,-38.2293930053711,146.424453735352,2020-01-17,Visibility Reduction,0.6
Morwell East,-38.2293930053711,146.424453735352,2020-01-18,PM2.5,8.59
Morwell East,-38.2293930053711,146.424453735352,2020-01-18,Visibility Reduction,0.86
Morwell East,-38.2293930053711,146.424453735352,2020-01-19,PM2.5,12.24
Morwell East,-38.2293930053711,146.424453735352,2020-01-19,Visibility Reduction,1.2
Morwell East,-38.2293930053711,146.424453735352,2020-01-20,PM2.5,3.68
Morwell East,-38.2293930053711,146.424453735352,2020-01-20,Visibility Reduction,0.34
Morwell East,-38.2293930053711,146.424453735352,2020-01-21,PM2.5,8.08
Morwell East,-38.2293930053711,146.424453735352,2020-01-21,Visibility Reduction,0.53
Morwell East,-38.2293930053711,146.424453735352,2020-01-22,PM2.5,5.08
Morwell East,-38.2293930053711,146.424453735352,2020-01-22,Visibility Reduction,0.56
Morwell East,-38.2293930053711,146.424453735352,2020-01-23,PM2.5,3.25
Morwell East,-38.2293930053711,146.424453735352,2020-01-23,Visibility Reduction,0.34
Morwell East,-38.2293930053711,146.424453735352,2020-01-24,PM2.5,7.76
Morwell East,-38.2293930053711,146.424453735352,2020-01-24,Visibility Reduction,0.4
Morwell East,-38.2293930053711,146.424453735352,2020-01-25,PM2.5,2.8
Morwell East,-38.2293930053711,146.424453735352,2020-01-25,Visibility Reduction,0.43
Morwell East,-38.2293930053711,146.424453735352,2020-01-26,PM2.5,8.42
Morwell East,-38.2293930053711,146.424453735352,2020-01-26,Visibility Reduction,0.74
Morwell East,-38.2293930053711,146.424453735352,2020-01-27,PM2.5,4.97
Morwell East,-38.2293930053711,146.424453735352,2020-01-27,Visibility Reduction,0.46
Morwell East,-38.2293930053711,146.424453735352,2020-01-28,PM2.5,5.82
Morwell East,-38.2293930053711,146.424453735352,2020-01-28,Visibility Reduction,0.46
Morwell East,-38.2293930053711,146.424453735352,2020-01-29,PM2.5,3.61
Morwell East,-38.2293930053711,146.424453735352,2020-01-29,Visibility Reduction,0.47
Morwell East,-38.2293930053711,146.424453735352,2020-01-30,PM2.5,6.31
Morwell East,-38.2293930053711,146.424453735352,2020-01-30,Visibility Reduction,0.51
Morwell East,-38.2293930053711,146.424453735352,2020-01-31,PM2.5,16.21
Morwell East,-38.2293930053711,146.424453735352,2020-01-31,Visibility Reduction,1.5
Morwell East,-38.2293930053711,146.424453735352,2020-02-01,PM2.5,5.84
Morwell East,-38.2293930053711,146.424453735352,2020-02-01,Visibility Reduction,0.4
Morwell East,-38.2293930053711,146.424453735352,2020-02-02,PM2.5,4.3
Morwell East,-38.2293930053711,146.424453735352,2020-02-02,Visibility Reduction,0.35
Morwell East,-38.2293930053711,146.424453735352,2020-02-03,PM2.5,6.3
Morwell East,-38.2293930053711,146.424453735352,2020-02-03,Visibility Reduction,0.36
Morwell East,-38.2293930053711,146.424453735352,2020-02-04,PM2.5,3.28
Morwell East,-38.2293930053711,146.424453735352,2020-02-04,Visibility Reduction,0.38
Morwell East,-38.2293930053711,146.424453735352,2020-02-05,PM2.5,5.46
Morwell East,-38.2293930053711,146.424453735352,2020-02-05,Visibility Reduction,0.58
Morwell East,-38.2293930053711,146.424453735352,2020-02-06,PM2.5,25.28
Morwell East,-38.2293930053711,146.424453735352,2020-02-06,Visibility Reduction,2.59
Morwell East,-38.2293930053711,146.424453735352,2020-02-07,PM2.5,26.88
Morwell East,-38.2293930053711,146.424453735352,2020-02-07,Visibility Reduction,2.17
Morwell East,-38.2293930053711,146.424453735352,2020-02-08,PM2.5,9.98
Morwell East,-38.2293930053711,146.424453735352,2020-02-08,Visibility Reduction,0.88
Morwell East,-38.2293930053711,146.424453735352,2020-02-09,PM2.5,7.52
Morwell East,-38.2293930053711,146.424453735352,2020-02-09,Visibility Reduction,0.7
Morwell East,-38.2293930053711,146.424453735352,2020-02-10,PM2.5,2.66
Morwell East,-38.2293930053711,146.424453735352,2020-02-10,Visibility Reduction,0.59
Morwell East,-38.2293930053711,146.424453735352,2020-02-11,PM2.5,5.47
Morwell East,-38.2293930053711,146.424453735352,2020-02-11,Visibility Reduction,0.62
Morwell East,-38.2293930053711,146.424453735352,2020-02-12,PM2.5,3.36
Morwell East,-38.2293930053711,146.424453735352,2020-02-12,Visibility Reduction,0.34
Morwell East,-38.2293930053711,146.424453735352,2020-02-13,PM2.5,-0.75
Morwell East,-38.2293930053711,146.424453735352,2020-02-13,Visibility Reduction,0.31
Morwell East,-38.2293930053711,146.424453735352,2020-02-14,PM2.5,4.18
Morwell East,-38.2293930053711,146.424453735352,2020-02-14,Visibility Reduction,0.55
Morwell East,-38.2293930053711,146.424453735352,2020-02-15,PM2.5,5.2
Morwell East,-38.2293930053711,146.424453735352,2020-02-15,Visibility Reduction,0.54
Morwell East,-38.2293930053711,146.424453735352,2020-02-16,PM2.5,6.1
Morwell East,-38.2293930053711,146.424453735352,2020-02-16,Visibility Reduction,0.48
Morwell East,-38.2293930053711,146.424453735352,2020-02-17,PM2.5,3.06
Morwell East,-38.2293930053711,146.424453735352,2020-02-17,Visibility Reduction,0.49
Morwell East,-38.2293930053711,146.424453735352,2020-02-18,PM2.5,2.48
Morwell East,-38.2293930053711,146.424453735352,2020-02-18,Visibility Reduction,0.49
Morwell East,-38.2293930053711,146.424453735352,2020-02-19,PM2.5,4.87
Morwell East,-38.2293930053711,146.424453735352,2020-02-19,Visibility Reduction,0.42
Morwell East,-38.2293930053711,146.424453735352,2020-02-20,PM2.5,4.42
Morwell East,-38.2293930053711,146.424453735352,2020-02-20,Visibility Reduction,0.38
Morwell East,-38.2293930053711,146.424453735352,2020-02-21,PM2.5,3.08
Morwell East,-38.2293930053711,146.424453735352,2020-02-21,Visibility Reduction,0.32
Morwell East,-38.2293930053711,146.424453735352,2020-02-22,PM2.5,2.14
Morwell East,-38.2293930053711,146.424453735352,2020-02-22,Visibility Reduction,0.4
Morwell East,-38.2293930053711,146.424453735352,2020-02-23,PM2.5,3.53
Morwell East,-38.2293930053711,146.424453735352,2020-02-23,Visibility Reduction,0.57
Morwell East,-38.2293930053711,146.424453735352,2020-02-24,PM2.5,9.4
Morwell East,-38.2293930053711,146.424453735352,2020-02-24,Visibility Reduction,0.65
Morwell East,-38.2293930053711,146.424453735352,2020-02-25,PM2.5,7.3
Morwell East,-38.2293930053711,146.424453735352,2020-02-25,Visibility Reduction,0.57
Morwell East,-38.2293930053711,146.424453735352,2020-02-26,PM2.5,7.4
Morwell East,-38.2293930053711,146.424453735352,2020-02-26,Visibility Reduction,0.37
Morwell East,-38.2293930053711,146.424453735352,2020-02-27,PM2.5,2.42
Morwell East,-38.2293930053711,146.424453735352,2020-02-27,Visibility Reduction,0.36
Morwell East,-38.2293930053711,146.424453735352,2020-02-28,PM2.5,0.95
Morwell East,-38.2293930053711,146.424453735352,2020-02-28,Visibility Reduction,0.33
Morwell East,-38.2293930053711,146.424453735352,2020-02-29,PM2.5,0.91
Morwell East,-38.2293930053711,146.424453735352,2020-02-29,Visibility Reduction,0.38
Morwell South,-38.2392921447754,146.387298583984,2020-01-01,PM2.5,6.03
Morwell South,-38.2392921447754,146.387298583984,2020-01-01,Visibility Reduction,0.41
Morwell South,-38.2392921447754,146.387298583984,2020-01-02,PM2.5,5.47
Morwell South,-38.2392921447754,146.387298583984,2020-01-02,Visibility Reduction,0.48
Morwell South,-38.2392921447754,146.387298583984,2020-01-03,PM2.5,90.35
Morwell South,-38.2392921447754,146.387298583984,2020-01-03,Visibility Reduction,10.0
Morwell South,-38.2392921447754,146.387298583984,2020-01-04,PM2.5,62.06
Morwell South,-38.2392921447754,146.387298583984,2020-01-04,Visibility Reduction,4.94
Morwell South,-38.2392921447754,146.387298583984,2020-01-05,PM2.5,5.15
Morwell South,-38.2392921447754,146.387298583984,2020-01-05,Visibility Reduction,0.49
Morwell South,-38.2392921447754,146.387298583984,2020-01-06,PM2.5,139.54
Morwell South,-38.2392921447754,146.387298583984,2020-01-06,Visibility Reduction,17.34
Morwell South,-38.2392921447754,146.387298583984,2020-01-07,PM2.5,63.94
Morwell South,-38.2392921447754,146.387298583984,2020-01-07,Visibility Reduction,5.7
Morwell South,-38.2392921447754,146.387298583984,2020-01-08,PM2.5,9.28
Morwell South,-38.2392921447754,146.387298583984,2020-01-08,Visibility Reduction,0.94
Morwell South,-38.2392921447754,146.387298583984,2020-01-09,PM2.5,11.95
Morwell South,-38.2392921447754,146.387298583984,2020-01-09,Visibility Reduction,0.89
Morwell South,-38.2392921447754,146.387298583984,2020-01-10,PM2.5,22.83
Morwell South,-38.2392921447754,146.387298583984,2020-01-10,Visibility Reduction,1.5
Morwell South,-38.2392921447754,146.387298583984,2020-01-11,PM2.5,6.12
Morwell South,-38.2392921447754,146.387298583984,2020-01-11,Visibility Reduction,0.45
Morwell South,-38.2392921447754,146.387298583984,2020-01-12,PM2.5,4.33
Morwell South,-38.2392921447754,146.387298583984,2020-01-12,Visibility Reduction,0.38
Morwell South,-38.2392921447754,146.387298583984,2020-01-13,PM2.5,130.77
Morwell South,-38.2392921447754,146.387298583984,2020-01-13,Visibility Reduction,13.93
Morwell South,-38.2392921447754,146.387298583984,2020-01-14,PM2.5,216.27
Morwell South,-38.2392921447754,146.387298583984,2020-01-14,Visibility Reduction,16.06
Morwell South,-38.2392921447754,146.387298583984,2020-01-15,PM2.5,200.28
Morwell South,-38.2392921447754,146.387298583984,2020-01-15,Visibility Reduction,17.46
Morwell South,-38.2392921447754,146.387298583984,2020-01-16,PM2.5,21.74
Morwell South,-38.2392921447754,146.387298583984,2020-01-16,Visibility Reduction,1.7
Morwell South,-38.2392921447754,146.387298583984,2020-01-17,PM2.5,7.55
Morwell South,-38.2392921447754,146.387298583984,2020-01-17,Visibility Reduction,0.6
Morwell South,-38.2392921447754,146.387298583984,2020-01-18,PM2.5,8.3
Morwell South,-38.2392921447754,146.387298583984,2020-01-18,Visibility Reduction,0.87
Morwell South,-38.2392921447754,146.387298583984,2020-01-19,PM2.5,14.42
Morwell South,-38.2392921447754,146.387298583984,2020-01-19,Visibility Reduction,1.2
Morwell South,-38.2392921447754,146.387298583984,2020-01-20,PM2.5,2.2
Morwell South,-38.2392921447754,146.387298583984,2020-01-20,Visibility Reduction,0.33
Morwell South,-38.2392921447754,146.387298583984,2020-01-21,PM2.5,4.94
Morwell South,-38.2392921447754,146.387298583984,2020-01-21,Visibility Reduction,0.52
Morwell South,-38.2392921447754,146.387298583984,2020-01-22,PM2.5,6.66
Morwell South,-38.2392921447754,146.387298583984,2020-01-22,Visibility Reduction,0.58
Morwell South,-38.2392921447754,146.387298583984,2020-01-23,PM2.5,4.37
Morwell South,-38.2392921447754,146.387298583984,2020-01-23,Visibility Reduction,0.3
Morwell South,-38.2392921447754,146.387298583984,2020-01-24,PM2.5,5.62
Morwell South,-38.2392921447754,146.387298583984,2020-01-24,Visibility Reduction,0.4
Morwell South,-38.2392921447754,146.387298583984,2020-01-25,PM2.5,9.0
Morwell South,-38.2392921447754,146.387298583984,2020-01-25,Visibility Reduction,0.45
Morwell South,-38.2392921447754,146.387298583984,2020-01-26,PM2.5,7.73
Morwell South,-38.2392921447754,146.387298583984,2020-01-26,Visibility Reduction,0.7
Morwell South,-38.2392921447754,146.387298583984,2020-01-27,PM2.5,5.03
Morwell South,-38.2392921447754,146.387298583984,2020-01-27,Visibility Reduction,0.42
Morwell South,-38.2392921447754,146.387298583984,2020-01-28,PM2.5,5.57
Morwell South,-38.2392921447754,146.387298583984,2020-01-29,PM2.5,4.72
Morwell South,-38.2392921447754,146.387298583984,2020-01-30,PM2.5,4.52
Morwell South,-38.2392921447754,146.387298583984,2020-01-31,PM2.5,19.53
Morwell South,-38.2392921447754,146.387298583984,2020-01-31,Visibility Reduction,1.33
Morwell South,-38.2392921447754,146.387298583984,2020-02-01,PM2.5,8.08
Morwell South,-38.2392921447754,146.387298583984,2020-02-01,Visibility Reduction,0.4
Morwell South,-38.2392921447754,146.387298583984,2020-02-02,PM2.5,2.1
Morwell South,-38.2392921447754,146.387298583984,2020-02-02,Visibility Reduction,0.39
Morwell South,-38.2392921447754,146.387298583984,2020-02-03,PM2.5,4.39
Morwell South,-38.2392921447754,146.387298583984,2020-02-03,Visibility Reduction,0.36
Morwell South,-38.2392921447754,146.387298583984,2020-02-04,PM2.5,3.79
Morwell South,-38.2392921447754,146.387298583984,2020-02-04,Visibility Reduction,0.38
Morwell South,-38.2392921447754,146.387298583984,2020-02-05,PM2.5,8.2
Morwell South,-38.2392921447754,146.387298583984,2020-02-05,Visibility Reduction,0.6
Morwell South,-38.2392921447754,146.387298583984,2020-02-06,PM2.5,30.58
Morwell South,-38.2392921447754,146.387298583984,2020-02-06,Visibility Reduction,2.62
Morwell South,-38.2392921447754,146.387298583984,2020-02-07,PM2.5,30.33
Morwell South,-38.2392921447754,146.387298583984,2020-02-07,Visibility Reduction,2.05
Morwell South,-38.2392921447754,146.387298583984,2020-02-08,PM2.5,8.48
Morwell South,-38.2392921447754,146.387298583984,2020-02-08,Visibility Reduction,0.92
Morwell South,-38.2392921447754,146.387298583984,2020-02-09,PM2.5,8.45
Morwell South,-38.2392921447754,146.387298583984,2020-02-09,Visibility Reduction,0.68
Morwell South,-38.2392921447754,146.387298583984,2020-02-10,PM2.5,4.12
Morwell South,-38.2392921447754,146.387298583984,2020-02-10,Visibility Reduction,0.56
Morwell South,-38.2392921447754,146.387298583984,2020-02-11,PM2.5,5.45
Morwell South,-38.2392921447754,146.387298583984,2020-02-11,Visibility Reduction,0.59
Morwell South,-38.2392921447754,146.387298583984,2020-02-12,PM2.5,2.82
Morwell South,-38.2392921447754,146.387298583984,2020-02-12,Visibility Reduction,0.31
Morwell South,-38.2392921447754,146.387298583984,2020-02-13,PM2.5,0.83
Morwell South,-38.2392921447754,146.387298583984,2020-02-13,Visibility Reduction,0.29
Morwell South,-38.2392921447754,146.387298583984,2020-02-14,PM2.5,7.86
Morwell South,-38.2392921447754,146.387298583984,2020-02-14,Visibility Reduction,0.51
Morwell South,-38.2392921447754,146.387298583984,2020-02-15,PM2.5,4.87
Morwell South,-38.2392921447754,146.387298583984,2020-02-15,Visibility Reduction,0.42
Morwell South,-38.2392921447754,146.387298583984,2020-02-16,PM2.5,4.11
Morwell South,-38.2392921447754,146.387298583984,2020-02-16,Visibility Reduction,0.46
Morwell South,-38.2392921447754,146.387298583984,2020-02-17,PM2.5,3.9
Morwell South,-38.2392921447754,146.387298583984,2020-02-17,Visibility Reduction,0.45
Morwell South,-38.2392921447754,146.387298583984,2020-02-18,PM2.5,3.72
Morwell South,-38.2392921447754,146.387298583984,2020-02-18,Visibility Reduction,0.43
Morwell South,-38.2392921447754,146.387298583984,2020-02-19,PM2.5,4.21
Morwell South,-38.2392921447754,146.387298583984,2020-02-19,Visibility Reduction,0.39
Morwell South,-38.2392921447754,146.387298583984,2020-02-20,PM2.5,4.59
Morwell South,-38.2392921447754,146.387298583984,2020-02-20,Visibility Reduction,0.37
Morwell South,-38.2392921447754,146.387298583984,2020-02-21,PM2.5,0.71
Morwell South,-38.2392921447754,146.387298583984,2020-02-21,Visibility Reduction,0.29
Morwell South,-38.2392921447754,146.387298583984,2020-02-22,PM2.5,4.71
Morwell South,-38.2392921447754,146.387298583984,2020-02-22,Visibility Reduction,0.4
Morwell South,-38.2392921447754,146.387298583984,2020-02-23,PM2.5,7.48
Morwell South,-38.2392921447754,146.387298583984,2020-02-23,Visibility Reduction,0.56
Morwell South,-38.2392921447754,146.387298583984,2020-02-24,PM2.5,8.16
Morwell South,-38.2392921447754,146.387298583984,2020-02-24,Visibility Reduction,0.64
Morwell South,-38.2392921447754,146.387298583984,2020-02-25,PM2.5,7.47
Morwell South,-38.2392921447754,146.387298583984,2020-02-25,Visibility Reduction,0.55
Morwell South,-38.2392921447754,146.387298583984,2020-02-26,PM2.5,2.69
Morwell South,-38.2392921447754,146.387298583984,2020-02-26,Visibility Reduction,0.35
Morwell South,-38.2392921447754,146.387298583984,2020-02-27,PM2.5,4.42
Morwell South,-38.2392921447754,146.387298583984,2020-02-27,Visibility Reduction,0.35
Morwell South,-38.2392921447754,146.387298583984,2020-02-28,PM2.5,2.63
Morwell South,-38.2392921447754,146.387298583984,2020-02-28,Visibility Reduction,0.32
Morwell South,-38.2392921447754,146.387298583984,2020-02-29,PM2.5,2.91
Morwell South,-38.2392921447754,146.387298583984,2020-02-29,Visibility Reduction,0.34
Morwell South,-38.23929214,146.3872986,2019-09-01,PM2.5,8.64
Morwell South,-38.23929214,146.3872986,2019-09-01,Visibility Reduction,0.55
Morwell South,-38.23929214,146.3872986,2019-09-02,PM2.5,4.42
Morwell South,-38.23929214,146.3872986,2019-09-02,Visibility Reduction,0.49
Morwell South,-38.23929214,146.3872986,2019-09-03,PM2.5,5.29
Morwell South,-38.23929214,146.3872986,2019-09-03,Visibility Reduction,0.47
Morwell South,-38.23929214,146.3872986,2019-09-04,PM2.5,6.6
Morwell South,-38.23929214,146.3872986,2019-09-04,Visibility Reduction,0.8
Morwell South,-38.23929214,146.3872986,2019-09-05,PM2.5,5.56
Morwell South,-38.23929214,146.3872986,2019-09-05,Visibility Reduction,0.55
Morwell South,-38.23929214,146.3872986,2019-09-06,PM2.5,2.02
Morwell South,-38.23929214,146.3872986,2019-09-06,Visibility Reduction,0.36
Morwell South,-38.23929214,146.3872986,2019-09-07,PM2.5,4.36
Morwell South,-38.23929214,146.3872986,2019-09-07,Visibility Reduction,0.34
Morwell South,-38.23929214,146.3872986,2019-09-08,PM2.5,3.1
Morwell South,-38.23929214,146.3872986,2019-09-08,Visibility Reduction,0.36
Morwell South,-38.23929214,146.3872986,2019-09-09,PM2.5,6.2
Morwell South,-38.23929214,146.3872986,2019-09-09,Visibility Reduction,0.39
Morwell South,-38.23929214,146.3872986,2019-09-10,PM2.5,5.79
Morwell South,-38.23929214,146.3872986,2019-09-10,Visibility Reduction,0.4
Morwell South,-38.23929214,146.3872986,2019-09-11,PM2.5,6.14
Morwell South,-38.23929214,146.3872986,2019-09-11,Visibility Reduction,0.49
Morwell South,-38.23929214,146.3872986,2019-09-12,PM2.5,6.12
Morwell South,-38.23929214,146.3872986,2019-09-12,Visibility Reduction,0.41
Morwell South,-38.23929214,146.3872986,2019-09-13,PM2.5,7.82
Morwell South,-38.23929214,146.3872986,2019-09-13,Visibility Reduction,0.49
Morwell South,-38.23929214,146.3872986,2019-09-14,PM2.5,11.3
Morwell South,-38.23929214,146.3872986,2019-09-14,Visibility Reduction,0.72
Morwell South,-38.23929214,146.3872986,2019-09-15,PM2.5,3.88
Morwell South,-38.23929214,146.3872986,2019-09-15,Visibility Reduction,0.37
Morwell South,-38.23929214,146.3872986,2019-09-16,PM2.5,7.14
Morwell South,-38.23929214,146.3872986,2019-09-16,Visibility Reduction,0.48
Morwell South,-38.23929214,146.3872986,2019-09-17,PM2.5,5.17
Morwell South,-38.23929214,146.3872986,2019-09-17,Visibility Reduction,0.38
Morwell South,-38.23929214,146.3872986,2019-09-18,PM2.5,3.77
Morwell South,-38.23929214,146.3872986,2019-09-18,Visibility Reduction,0.47
Morwell South,-38.23929214,146.3872986,2019-09-19,PM2.5,3.84
Morwell South,-38.23929214,146.3872986,2019-09-19,Visibility Reduction,0.38
Morwell South,-38.23929214,146.3872986,2019-09-20,PM2.5,7.05
Morwell South,-38.23929214,146.3872986,2019-09-20,Visibility Reduction,0.53
Morwell South,-38.23929214,146.3872986,2019-09-21,PM2.5,7.42
Morwell South,-38.23929214,146.3872986,2019-09-21,Visibility Reduction,0.47
Morwell South,-38.23929214,146.3872986,2019-09-22,PM2.5,3.19
Morwell South,-38.23929214,146.3872986,2019-09-22,Visibility Reduction,0.32
Morwell South,-38.23929214,146.3872986,2019-09-23,PM2.5,5.71
Morwell South,-38.23929214,146.3872986,2019-09-23,Visibility Reduction,0.37
Morwell South,-38.23929214,146.3872986,2019-09-24,PM2.5,4.35
Morwell South,-38.23929214,146.3872986,2019-09-24,Visibility Reduction,0.34
Morwell South,-38.23929214,146.3872986,2019-09-25,PM2.5,4.37
Morwell South,-38.23929214,146.3872986,2019-09-25,Visibility Reduction,0.42
Morwell South,-38.23929214,146.3872986,2019-09-26,PM2.5,4.28
Morwell South,-38.23929214,146.3872986,2019-09-26,Visibility Reduction,0.4
Morwell South,-38.23929214,146.3872986,2019-09-27,PM2.5,5.62
Morwell South,-38.23929214,146.3872986,2019-09-27,Visibility Reduction,0.5
Morwell South,-38.23929214,146.3872986,2019-09-28,PM2.5,6.42
Morwell South,-38.23929214,146.3872986,2019-09-28,Visibility Reduction,0.46
Morwell South,-38.23929214,146.3872986,2019-09-29,PM2.5,5.51
Morwell South,-38.23929214,146.3872986,2019-09-29,Visibility Reduction,0.38
Morwell South,-38.23929214,146.3872986,2019-09-30,PM2.5,3.93
Morwell South,-38.23929214,146.3872986,2019-09-30,Visibility Reduction,0.33
Morwell South,-38.23929214,146.3872986,2019-10-01,PM2.5,5.1
Morwell South,-38.23929214,146.3872986,2019-10-01,Visibility Reduction,0.45
Morwell South,-38.23929214,146.3872986,2019-10-02,PM2.5,6.81
Morwell South,-38.23929214,146.3872986,2019-10-02,Visibility Reduction,0.47
Morwell South,-38.23929214,146.3872986,2019-10-03,PM2.5,6.81
Morwell South,-38.23929214,146.3872986,2019-10-03,Visibility Reduction,0.53
Morwell South,-38.23929214,146.3872986,2019-10-04,PM2.5,2.52
Morwell South,-38.23929214,146.3872986,2019-10-04,Visibility Reduction,0.36
Morwell South,-38.23929214,146.3872986,2019-10-05,PM2.5,2.3
Morwell South,-38.23929214,146.3872986,2019-10-05,Visibility Reduction,0.44
Morwell South,-38.23929214,146.3872986,2019-10-06,PM2.5,5.23
Morwell South,-38.23929214,146.3872986,2019-10-06,Visibility Reduction,0.47
Morwell South,-38.23929214,146.3872986,2019-10-07,PM2.5,4.27
Morwell South,-38.23929214,146.3872986,2019-10-07,Visibility Reduction,0.37
Morwell South,-38.23929214,146.3872986,2019-10-08,PM2.5,4.4
Morwell South,-38.23929214,146.3872986,2019-10-08,Visibility Reduction,0.33
Morwell South,-38.23929214,146.3872986,2019-10-09,PM2.5,3.77
Morwell South,-38.23929214,146.3872986,2019-10-09,Visibility Reduction,0.34
Morwell South,-38.23929214,146.3872986,2019-10-10,PM2.5,1.8
Morwell South,-38.23929214,146.3872986,2019-10-10,Visibility Reduction,0.33
Morwell South,-38.23929214,146.3872986,2019-10-11,PM2.5,2.05
Morwell South,-38.23929214,146.3872986,2019-10-11,Visibility Reduction,0.31
Morwell South,-38.23929214,146.3872986,2019-10-12,PM2.5,1.65
Morwell South,-38.23929214,146.3872986,2019-10-12,Visibility Reduction,0.32
Morwell South,-38.23929214,146.3872986,2019-10-13,PM2.5,3.5
Morwell South,-38.23929214,146.3872986,2019-10-13,Visibility Reduction,0.34
Morwell South,-38.23929214,146.3872986,2019-10-14,PM2.5,5.29
Morwell South,-38.23929214,146.3872986,2019-10-14,Visibility Reduction,0.43
Morwell South,-38.23929214,146.3872986,2019-10-15,PM2.5,5.48
Morwell South,-38.23929214,146.3872986,2019-10-15,Visibility Reduction,0.47
Morwell South,-38.23929214,146.3872986,2019-10-16,PM2.5,4.72
Morwell South,-38.23929214,146.3872986,2019-10-16,Visibility Reduction,0.47
Morwell South,-38.23929214,146.3872986,2019-10-17,PM2.5,3.2
Morwell South,-38.23929214,146.3872986,2019-10-17,Visibility Reduction,0.41
Morwell South,-38.23929214,146.3872986,2019-10-18,PM2.5,5.74
Morwell South,-38.23929214,146.3872986,2019-10-19,PM2.5,4.95
Morwell South,-38.23929214,146.3872986,2019-10-20,PM2.5,5.5
Morwell South,-38.23929214,146.3872986,2019-10-21,PM2.5,3.64
Morwell South,-38.23929214,146.3872986,2019-10-22,PM2.5,3.39
Morwell South,-38.23929214,146.3872986,2019-10-23,PM2.5,5.01
Morwell South,-38.23929214,146.3872986,2019-10-24,PM2.5,6.47
Morwell South,-38.23929214,146.3872986,2019-10-25,PM2.5,6.56
Morwell South,-38.23929214,146.3872986,2019-10-26,PM2.5,5.05
Morwell South,-38.23929214,146.3872986,2019-10-27,PM2.5,4.86
Morwell South,-38.23929214,146.3872986,2019-10-28,PM2.5,3.65
Morwell South,-38.23929214,146.3872986,2019-10-29,PM2.5,3.0
Morwell South,-38.23929214,146.3872986,2019-10-30,PM2.5,6.08
Morwell South,-38.23929214,146.3872986,2019-10-31,PM2.5,6.6
Morwell South,-38.23929214,146.3872986,2019-11-01,PM2.5,11.88
Morwell South,-38.23929214,146.3872986,2019-11-01,Visibility Reduction,0.75
Morwell South,-38.23929214,146.3872986,2019-11-02,PM2.5,10.02
Morwell South,-38.23929214,146.3872986,2019-11-02,Visibility Reduction,0.51
Morwell South,-38.23929214,146.3872986,2019-11-03,PM2.5,5.65
Morwell South,-38.23929214,146.3872986,2019-11-03,Visibility Reduction,0.56
Morwell South,-38.23929214,146.3872986,2019-11-04,PM2.5,2.68
Morwell South,-38.23929214,146.3872986,2019-11-04,Visibility Reduction,0.36
Morwell South,-38.23929214,146.3872986,2019-11-05,PM2.5,2.77
Morwell South,-38.23929214,146.3872986,2019-11-05,Visibility Reduction,0.33
Morwell South,-38.23929214,146.3872986,2019-11-06,PM2.5,4.47
Morwell South,-38.23929214,146.3872986,2019-11-06,Visibility Reduction,0.36
Morwell South,-38.23929214,146.3872986,2019-11-07,PM2.5,2.93
Morwell South,-38.23929214,146.3872986,2019-11-07,Visibility Reduction,0.33
Morwell South,-38.23929214,146.3872986,2019-11-08,PM2.5,2.96
Morwell South,-38.23929214,146.3872986,2019-11-08,Visibility Reduction,0.29
Morwell South,-38.23929214,146.3872986,2019-11-09,PM2.5,1.62
Morwell South,-38.23929214,146.3872986,2019-11-09,Visibility Reduction,0.32
Morwell South,-38.23929214,146.3872986,2019-11-10,PM2.5,3.18
Morwell South,-38.23929214,146.3872986,2019-11-10,Visibility Reduction,0.28
Morwell South,-38.23929214,146.3872986,2019-11-11,PM2.5,3.64
Morwell South,-38.23929214,146.3872986,2019-11-11,Visibility Reduction,0.37
Morwell South,-38.23929214,146.3872986,2019-11-12,PM2.5,5.65
Morwell South,-38.23929214,146.3872986,2019-11-12,Visibility Reduction,0.36
Morwell South,-38.23929214,146.3872986,2019-11-13,PM2.5,4.67
Morwell South,-38.23929214,146.3872986,2019-11-13,Visibility Reduction,0.35
Morwell South,-38.23929214,146.3872986,2019-11-14,PM2.5,2.21
Morwell South,-38.23929214,146.3872986,2019-11-14,Visibility Reduction,0.32
Morwell South,-38.23929214,146.3872986,2019-11-15,PM2.5,4.32
Morwell South,-38.23929214,146.3872986,2019-11-15,Visibility Reduction,0.34
Morwell South,-38.23929214,146.3872986,2019-11-16,PM2.5,7.05
Morwell South,-38.23929214,146.3872986,2019-11-16,Visibility Reduction,0.43
Morwell South,-38.23929214,146.3872986,2019-11-17,PM2.5,4.83
Morwell South,-38.23929214,146.3872986,2019-11-17,Visibility Reduction,0.37
Morwell South,-38.23929214,146.3872986,2019-11-18,PM2.5,4.64
Morwell South,-38.23929214,146.3872986,2019-11-18,Visibility Reduction,0.38
Morwell South,-38.23929214,146.3872986,2019-11-19,PM2.5,5.02
Morwell South,-38.23929214,146.3872986,2019-11-19,Visibility Reduction,0.39
Morwell South,-38.23929214,146.3872986,2019-11-20,PM2.5,4.85
Morwell South,-38.23929214,146.3872986,2019-11-20,Visibility Reduction,0.4
Morwell South,-38.23929214,146.3872986,2019-11-21,PM2.5,14.78
Morwell South,-38.23929214,146.3872986,2019-11-21,Visibility Reduction,0.91
Morwell South,-38.23929214,146.3872986,2019-11-22,PM2.5,4.23
Morwell South,-38.23929214,146.3872986,2019-11-22,Visibility Reduction,0.36
Morwell South,-38.23929214,146.3872986,2019-11-23,PM2.5,5.46
Morwell South,-38.23929214,146.3872986,2019-11-23,Visibility Reduction,0.41
Morwell South,-38.23929214,146.3872986,2019-11-24,PM2.5,9.0
Morwell South,-38.23929214,146.3872986,2019-11-24,Visibility Reduction,0.59
Morwell South,-38.23929214,146.3872986,2019-11-25,PM2.5,5.8
Morwell South,-38.23929214,146.3872986,2019-11-25,Visibility Reduction,0.5
Morwell South,-38.23929214,146.3872986,2019-11-26,PM2.5,27.22
Morwell South,-38.23929214,146.3872986,2019-11-26,Visibility Reduction,1.73
Morwell South,-38.23929214,146.3872986,2019-11-27,PM2.5,6.07
Morwell South,-38.23929214,146.3872986,2019-11-27,Visibility Reduction,0.42
Morwell South,-38.23929214,146.3872986,2019-11-28,PM2.5,6.13
Morwell South,-38.23929214,146.3872986,2019-11-28,Visibility Reduction,0.44
Morwell South,-38.23929214,146.3872986,2019-11-29,PM2.5,13.34
Morwell South,-38.23929214,146.3872986,2019-11-29,Visibility Reduction,1.1
Morwell South,-38.23929214,146.3872986,2019-11-30,PM2.5,1.84
Morwell South,-38.23929214,146.3872986,2019-11-30,Visibility Reduction,0.32
Morwell South,-38.23929214,146.3872986,2019-12-01,PM2.5,3.61
Morwell South,-38.23929214,146.3872986,2019-12-01,Visibility Reduction,0.34
Morwell South,-38.23929214,146.3872986,2019-12-02,PM2.5,3.11
Morwell South,-38.23929214,146.3872986,2019-12-02,Visibility Reduction,0.35
Morwell South,-38.23929214,146.3872986,2019-12-03,PM2.5,4.93
Morwell South,-38.23929214,146.3872986,2019-12-03,Visibility Reduction,0.36
Morwell South,-38.23929214,146.3872986,2019-12-04,PM2.5,2.9
Morwell South,-38.23929214,146.3872986,2019-12-04,Visibility Reduction,0.34
Morwell South,-38.23929214,146.3872986,2019-12-05,PM2.5,5.58
Morwell South,-38.23929214,146.3872986,2019-12-05,Visibility Reduction,0.41
Morwell South,-38.23929214,146.3872986,2019-12-06,PM2.5,6.2
Morwell South,-38.23929214,146.3872986,2019-12-06,Visibility Reduction,0.42
Morwell South,-38.23929214,146.3872986,2019-12-07,PM2.5,8.23
Morwell South,-38.23929214,146.3872986,2019-12-07,Visibility Reduction,0.54
Morwell South,-38.23929214,146.3872986,2019-12-08,PM2.5,5.74
Morwell South,-38.23929214,146.3872986,2019-12-08,Visibility Reduction,0.39
Morwell South,-38.23929214,146.3872986,2019-12-09,PM2.5,6.96
Morwell South,-38.23929214,146.3872986,2019-12-09,Visibility Reduction,0.56
Morwell South,-38.23929214,146.3872986,2019-12-10,PM2.5,5.54
Morwell South,-38.23929214,146.3872986,2019-12-10,Visibility Reduction,0.44
Morwell South,-38.23929214,146.3872986,2019-12-11,PM2.5,8.87
Morwell South,-38.23929214,146.3872986,2019-12-11,Visibility Reduction,0.63
Morwell South,-38.23929214,146.3872986,2019-12-12,PM2.5,3.94
Morwell South,-38.23929214,146.3872986,2019-12-12,Visibility Reduction,0.39
Morwell South,-38.23929214,146.3872986,2019-12-13,PM2.5,4.76
Morwell South,-38.23929214,146.3872986,2019-12-13,Visibility Reduction,0.41
Morwell South,-38.23929214,146.3872986,2019-12-14,PM2.5,1.88
Morwell South,-38.23929214,146.3872986,2019-12-14,Visibility Reduction,0.31
Morwell South,-38.23929214,146.3872986,2019-12-15,PM2.5,4.6
Morwell South,-38.23929214,146.3872986,2019-12-15,Visibility Reduction,0.51
Morwell South,-38.23929214,146.3872986,2019-12-16,PM2.5,3.55
Morwell South,-38.23929214,146.3872986,2019-12-16,Visibility Reduction,0.38
Morwell South,-38.23929214,146.3872986,2019-12-17,PM2.5,6.52
Morwell South,-38.23929214,146.3872986,2019-12-17,Visibility Reduction,0.57
Morwell South,-38.23929214,146.3872986,2019-12-18,PM2.5,12.21
Morwell South,-38.23929214,146.3872986,2019-12-18,Visibility Reduction,0.93
Morwell South,-38.23929214,146.3872986,2019-12-19,PM2.5,8.54
Morwell South,-38.23929214,146.3872986,2019-12-19,Visibility Reduction,0.5
Morwell South,-38.23929214,146.3872986,2019-12-20,PM2.5,32.38
Morwell South,-38.23929214,146.3872986,2019-12-20,Visibility Reduction,2.47
Morwell South,-38.23929214,146.3872986,2019-12-21,PM2.5,12.65
Morwell South,-38.23929214,146.3872986,2019-12-21,Visibility Reduction,0.68
Morwell South,-38.23929214,146.3872986,2019-12-22,PM2.5,10.47
Morwell South,-38.23929214,146.3872986,2019-12-22,Visibility Reduction,0.56
Morwell South,-38.23929214,146.3872986,2019-12-23,PM2.5,16.7
Morwell South,-38.23929214,146.3872986,2019-12-23,Visibility Reduction,1.18
Morwell South,-38.23929214,146.3872986,2019-12-24,PM2.5,7.33
Morwell South,-38.23929214,146.3872986,2019-12-24,Visibility Reduction,0.6
Morwell South,-38.23929214,146.3872986,2019-12-25,PM2.5,9.62
Morwell South,-38.23929214,146.3872986,2019-12-25,Visibility Reduction,0.75
Morwell South,-38.23929214,146.3872986,2019-12-26,PM2.5,13.45
Morwell South,-38.23929214,146.3872986,2019-12-26,Visibility Reduction,0.96
Morwell South,-38.23929214,146.3872986,2019-12-27,PM2.5,10.52
Morwell South,-38.23929214,146.3872986,2019-12-27,Visibility Reduction,0.93
Morwell South,-38.23929214,146.3872986,2019-12-28,PM2.5,14.88
Morwell South,-38.23929214,146.3872986,2019-12-28,Visibility Reduction,1.17
Morwell South,-38.23929214,146.3872986,2019-12-29,PM2.5,13.37
Morwell South,-38.23929214,146.3872986,2019-12-29,Visibility Reduction,0.96
Morwell South,-38.23929214,146.3872986,2019-12-30,PM2.5,13.36
Morwell South,-38.23929214,146.3872986,2019-12-30,Visibility Reduction,0.89
Morwell South,-38.23929214,146.3872986,2019-12-31,PM2.5,8.3
Morwell South,-38.23929214,146.3872986,2019-12-31,Visibility Reduction,0.54
Newborough,-38.1875190734863,146.292694091797,2020-01-29,PM2.5,4.5
Newborough,-38.1875190734863,146.292694091797,2020-01-30,PM2.5,6.2
Newborough,-38.1875190734863,146.292694091797,2020-01-31,PM2.5,13.85
Newborough,-38.1875190734863,146.292694091797,2020-02-01,PM2.5,5.32
Newborough,-38.1875190734863,146.292694091797,2020-02-02,PM2.5,3.22
Newborough,-38.1875190734863,146.292694091797,2020-02-03,PM2.5,4.19
Newborough,-38.1875190734863,146.292694091797,2020-02-04,PM2.5,5.37
Newborough,-38.1875190734863,146.292694091797,2020-02-05,PM2.5,7.85
Newborough,-38.1875190734863,146.292694091797,2020-02-06,PM2.5,33.1
Newborough,-38.1875190734863,146.292694091797,2020-02-07,PM2.5,24.23
Newborough,-38.1875190734863,146.292694091797,2020-02-08,PM2.5,10.07
Newborough,-38.1875190734863,146.292694091797,2020-02-09,PM2.5,7.72
Newborough,-38.1875190734863,146.292694091797,2020-02-10,PM2.5,5.56
Newborough,-38.1875190734863,146.292694091797,2020-02-11,PM2.5,5.88
Newborough,-38.1875190734863,146.292694091797,2020-02-12,PM2.5,2.46
Newborough,-38.1875190734863,146.292694091797,2020-02-13,PM2.5,1.79
Newborough,-38.1875190734863,146.292694091797,2020-02-14,PM2.5,5.94
Newborough,-38.1875190734863,146.292694091797,2020-02-15,PM2.5,2.6
Newborough,-38.1875190734863,146.292694091797,2020-02-16,PM2.5,3.68
Newborough,-38.1875190734863,146.292694091797,2020-02-17,PM2.5,4.9
Newborough,-38.1875190734863,146.292694091797,2020-02-18,PM2.5,2.81
Newborough,-38.1875190734863,146.292694091797,2020-02-19,PM2.5,3.06
Newborough,-38.1875190734863,146.292694091797,2020-02-20,PM2.5,3.44
Newborough,-38.1875190734863,146.292694091797,2020-02-21,PM2.5,1.47
Newborough,-38.1875190734863,146.292694091797,2020-02-22,PM2.5,3.63
Newborough,-38.1875190734863,146.292694091797,2020-02-23,PM2.5,5.95
Newborough,-38.1875190734863,146.292694091797,2020-02-24,PM2.5,6.68
Newborough,-38.1875190734863,146.292694091797,2020-02-25,PM2.5,5.6
Newborough,-38.1875190734863,146.292694091797,2020-02-26,PM2.5,2.14
Newborough,-38.1875190734863,146.292694091797,2020-02-27,PM2.5,5.03
Newborough,-38.1875190734863,146.292694091797,2020-02-28,PM2.5,1.79
Newborough,-38.1875190734863,146.292694091797,2020-02-29,PM2.5,3.55
Point Cook,-37.92631531,144.7566986,2019-09-01,Visibility Reduction,0.29
Point Cook,-37.92631531,144.7566986,2019-09-02,Visibility Reduction,0.35
Point Cook,-37.92631531,144.7566986,2019-09-03,Visibility Reduction,0.36
Point Cook,-37.92631531,144.7566986,2019-09-04,Visibility Reduction,0.46
Point Cook,-37.92631531,144.7566986,2019-09-05,Visibility Reduction,0.59
Point Cook,-37.92631531,144.7566986,2019-09-06,Visibility Reduction,0.35
Point Cook,-37.92631531,144.7566986,2019-09-07,Visibility Reduction,0.3
Point Cook,-37.92631531,144.7566986,2019-09-08,Visibility Reduction,0.31
Point Cook,-37.92631531,144.7566986,2019-09-09,Visibility Reduction,0.36
Point Cook,-37.92631531,144.7566986,2019-09-10,Visibility Reduction,0.42
Point Cook,-37.92631531,144.7566986,2019-09-11,Visibility Reduction,0.39
Point Cook,-37.92631531,144.7566986,2019-09-12,Visibility Reduction,0.47
Point Cook,-37.92631531,144.7566986,2019-09-13,Visibility Reduction,0.39
Point Cook,-37.92631531,144.7566986,2019-09-14,Visibility Reduction,0.62
Point Cook,-37.92631531,144.7566986,2019-09-15,Visibility Reduction,0.41
Point Cook,-37.92631531,144.7566986,2019-09-17,Visibility Reduction,0.31
Point Cook,-37.92631531,144.7566986,2019-09-18,Visibility Reduction,0.47
Point Cook,-37.92631531,144.7566986,2019-09-19,Visibility Reduction,0.4
Point Cook,-37.92631531,144.7566986,2019-09-20,Visibility Reduction,0.51
Point Cook,-37.92631531,144.7566986,2019-09-21,Visibility Reduction,0.42
Point Cook,-37.92631531,144.7566986,2019-09-22,Visibility Reduction,0.27
Point Cook,-37.92631531,144.7566986,2019-09-23,Visibility Reduction,0.27
Point Cook,-37.92631531,144.7566986,2019-09-24,Visibility Reduction,0.29
Point Cook,-37.92631531,144.7566986,2019-09-25,Visibility Reduction,0.3
Point Cook,-37.92631531,144.7566986,2019-09-26,Visibility Reduction,0.42
Point Cook,-37.92631531,144.7566986,2019-09-27,Visibility Reduction,0.34
Point Cook,-37.92631531,144.7566986,2019-09-28,Visibility Reduction,0.37
Point Cook,-37.92631531,144.7566986,2019-09-29,Visibility Reduction,0.36
Point Cook,-37.92631531,144.7566986,2019-09-30,Visibility Reduction,0.3
Point Cook,-37.92631531,144.7566986,2019-10-01,Visibility Reduction,0.5
Point Cook,-37.92631531,144.7566986,2019-10-02,Visibility Reduction,0.52
Point Cook,-37.92631531,144.7566986,2019-10-03,Visibility Reduction,0.58
Point Cook,-37.92631531,144.7566986,2019-10-04,Visibility Reduction,0.31
Point Cook,-37.92631531,144.7566986,2019-10-05,Visibility Reduction,0.53
Point Cook,-37.92631531,144.7566986,2019-10-06,Visibility Reduction,0.41
Point Cook,-37.92631531,144.7566986,2019-10-07,Visibility Reduction,0.32
Point Cook,-37.92631531,144.7566986,2019-10-08,Visibility Reduction,0.28
Point Cook,-37.92631531,144.7566986,2019-10-09,Visibility Reduction,0.27
Point Cook,-37.92631531,144.7566986,2019-10-10,Visibility Reduction,0.26
Point Cook,-37.92631531,144.7566986,2019-10-11,Visibility Reduction,0.35
Point Cook,-37.92631531,144.7566986,2019-10-12,Visibility Reduction,0.35
Point Cook,-37.92631531,144.7566986,2019-10-13,Visibility Reduction,0.38
Point Cook,-37.92631531,144.7566986,2019-10-14,Visibility Reduction,0.43
Point Cook,-37.92631531,144.7566986,2019-10-15,Visibility Reduction,0.37
Point Cook,-37.92631531,144.7566986,2019-10-16,Visibility Reduction,0.32
Point Cook,-37.92631531,144.7566986,2019-10-17,Visibility Reduction,0.29
Point Cook,-37.92631531,144.7566986,2019-10-18,Visibility Reduction,0.37
Point Cook,-37.92631531,144.7566986,2019-10-19,Visibility Reduction,0.33
Point Cook,-37.92631531,144.7566986,2019-10-20,Visibility Reduction,0.4
Point Cook,-37.92631531,144.7566986,2019-10-21,Visibility Reduction,0.37
Point Cook,-37.92631531,144.7566986,2019-10-22,Visibility Reduction,0.55
Point Cook,-37.92631531,144.7566986,2019-10-23,Visibility Reduction,0.67
Point Cook,-37.92631531,144.7566986,2019-10-24,Visibility Reduction,0.5
Point Cook,-37.92631531,144.7566986,2019-10-25,Visibility Reduction,0.68
Traralgon,-38.1942825317383,146.531463623047,2020-01-01,PM10,14.23
Traralgon,-38.1942825317383,146.531463623047,2020-01-01,PM2.5,5.87
Traralgon,-38.1942825317383,146.531463623047,2020-01-01,Visibility Reduction,0.4
Traralgon,-38.1942825317383,146.531463623047,2020-01-02,PM10,15.94
Traralgon,-38.1942825317383,146.531463623047,2020-01-02,PM2.5,6.21
Traralgon,-38.1942825317383,146.531463623047,2020-01-02,Visibility Reduction,0.46
Traralgon,-38.1942825317383,146.531463623047,2020-01-03,PM10,112.62
Traralgon,-38.1942825317383,146.531463623047,2020-01-03,PM2.5,85.58
Traralgon,-38.1942825317383,146.531463623047,2020-01-03,Visibility Reduction,9.46
Traralgon,-38.1942825317383,146.531463623047,2020-01-04,PM10,77.13
Traralgon,-38.1942825317383,146.531463623047,2020-01-04,PM2.5,93.91
Traralgon,-38.1942825317383,146.531463623047,2020-01-04,Visibility Reduction,5.12
Traralgon,-38.1942825317383,146.531463623047,2020-01-05,PM10,13.79
Traralgon,-38.1942825317383,146.531463623047,2020-01-05,Visibility Reduction,0.46
Traralgon,-38.1942825317383,146.531463623047,2020-01-06,PM10,161.02
Traralgon,-38.1942825317383,146.531463623047,2020-01-06,PM2.5,210.54
Traralgon,-38.1942825317383,146.531463623047,2020-01-06,Visibility Reduction,17.54
Traralgon,-38.1942825317383,146.531463623047,2020-01-07,PM10,59.53
Traralgon,-38.1942825317383,146.531463623047,2020-01-07,PM2.5,85.31
Traralgon,-38.1942825317383,146.531463623047,2020-01-07,Visibility Reduction,5.95
Traralgon,-38.1942825317383,146.531463623047,2020-01-08,PM10,8.75
Traralgon,-38.1942825317383,146.531463623047,2020-01-08,PM2.5,15.68
Traralgon,-38.1942825317383,146.531463623047,2020-01-08,Visibility Reduction,1.04
Traralgon,-38.1942825317383,146.531463623047,2020-01-09,PM10,19.25
Traralgon,-38.1942825317383,146.531463623047,2020-01-09,PM2.5,10.02
Traralgon,-38.1942825317383,146.531463623047,2020-01-09,Visibility Reduction,0.95
Traralgon,-38.1942825317383,146.531463623047,2020-01-10,PM10,38.04
Traralgon,-38.1942825317383,146.531463623047,2020-01-10,PM2.5,22.55
Traralgon,-38.1942825317383,146.531463623047,2020-01-10,Visibility Reduction,1.5
Traralgon,-38.1942825317383,146.531463623047,2020-01-11,PM10,16.5
Traralgon,-38.1942825317383,146.531463623047,2020-01-11,PM2.5,5.7
Traralgon,-38.1942825317383,146.531463623047,2020-01-11,Visibility Reduction,0.43
Traralgon,-38.1942825317383,146.531463623047,2020-01-12,PM10,11.32
Traralgon,-38.1942825317383,146.531463623047,2020-01-12,PM2.5,4.65
Traralgon,-38.1942825317383,146.531463623047,2020-01-12,Visibility Reduction,0.36
Traralgon,-38.1942825317383,146.531463623047,2020-01-13,PM10,191.37
Traralgon,-38.1942825317383,146.531463623047,2020-01-13,PM2.5,53.53
Traralgon,-38.1942825317383,146.531463623047,2020-01-13,Visibility Reduction,15.26
Traralgon,-38.1942825317383,146.531463623047,2020-01-14,PM10,224.92
Traralgon,-38.1942825317383,146.531463623047,2020-01-14,PM2.5,186.42
Traralgon,-38.1942825317383,146.531463623047,2020-01-14,Visibility Reduction,16.47
Traralgon,-38.1942825317383,146.531463623047,2020-01-15,PM10,248.72
Traralgon,-38.1942825317383,146.531463623047,2020-01-15,PM2.5,244.36
Traralgon,-38.1942825317383,146.531463623047,2020-01-15,Visibility Reduction,21.67
Traralgon,-38.1942825317383,146.531463623047,2020-01-16,PM10,14.47
Traralgon,-38.1942825317383,146.531463623047,2020-01-16,PM2.5,21.61
Traralgon,-38.1942825317383,146.531463623047,2020-01-16,Visibility Reduction,1.67
Traralgon,-38.1942825317383,146.531463623047,2020-01-17,PM10,14.64
Traralgon,-38.1942825317383,146.531463623047,2020-01-17,PM2.5,7.42
Traralgon,-38.1942825317383,146.531463623047,2020-01-17,Visibility Reduction,0.62
Traralgon,-38.1942825317383,146.531463623047,2020-01-18,PM10,22.86
Traralgon,-38.1942825317383,146.531463623047,2020-01-18,PM2.5,10.03
Traralgon,-38.1942825317383,146.531463623047,2020-01-18,Visibility Reduction,0.9
Traralgon,-38.1942825317383,146.531463623047,2020-01-19,PM10,17.36
Traralgon,-38.1942825317383,146.531463623047,2020-01-19,PM2.5,13.68
Traralgon,-38.1942825317383,146.531463623047,2020-01-19,Visibility Reduction,1.15
Traralgon,-38.1942825317383,146.531463623047,2020-01-20,PM10,0.67
Traralgon,-38.1942825317383,146.531463623047,2020-01-20,PM2.5,2.21
Traralgon,-38.1942825317383,146.531463623047,2020-01-20,Visibility Reduction,0.33
Traralgon,-38.1942825317383,146.531463623047,2020-01-21,PM10,15.03
Traralgon,-38.1942825317383,146.531463623047,2020-01-21,PM2.5,6.7
Traralgon,-38.1942825317383,146.531463623047,2020-01-21,Visibility Reduction,0.55
Traralgon,-38.1942825317383,146.531463623047,2020-01-22,PM10,33.09
Traralgon,-38.1942825317383,146.531463623047,2020-01-22,PM2.5,7.36
Traralgon,-38.1942825317383,146.531463623047,2020-01-22,Visibility Reduction,0.6
Traralgon,-38.1942825317383,146.531463623047,2020-01-23,PM10,8.87
Traralgon,-38.1942825317383,146.531463623047,2020-01-23,PM2.5,5.35
Traralgon,-38.1942825317383,146.531463623047,2020-01-23,Visibility Reduction,0.32
Traralgon,-38.1942825317383,146.531463623047,2020-01-24,PM10,17.99
Traralgon,-38.1942825317383,146.531463623047,2020-01-24,PM2.5,5.91
Traralgon,-38.1942825317383,146.531463623047,2020-01-24,Visibility Reduction,0.4
Traralgon,-38.1942825317383,146.531463623047,2020-01-25,PM10,17.09
Traralgon,-38.1942825317383,146.531463623047,2020-01-25,PM2.5,6.04
Traralgon,-38.1942825317383,146.531463623047,2020-01-25,Visibility Reduction,0.43
Traralgon,-38.1942825317383,146.531463623047,2020-01-26,PM10,19.24
Traralgon,-38.1942825317383,146.531463623047,2020-01-26,PM2.5,9.63
Traralgon,-38.1942825317383,146.531463623047,2020-01-26,Visibility Reduction,0.76
Traralgon,-38.1942825317383,146.531463623047,2020-01-27,PM10,16.51
Traralgon,-38.1942825317383,146.531463623047,2020-01-27,PM2.5,4.79
Traralgon,-38.1942825317383,146.531463623047,2020-01-27,Visibility Reduction,0.44
Traralgon,-38.1942825317383,146.531463623047,2020-01-28,PM10,17.98
Traralgon,-38.1942825317383,146.531463623047,2020-01-28,PM2.5,6.76
Traralgon,-38.1942825317383,146.531463623047,2020-01-28,Visibility Reduction,0.46
Traralgon,-38.1942825317383,146.531463623047,2020-01-29,PM10,18.9
Traralgon,-38.1942825317383,146.531463623047,2020-01-29,PM2.5,5.75
Traralgon,-38.1942825317383,146.531463623047,2020-01-29,Visibility Reduction,0.46
Traralgon,-38.1942825317383,146.531463623047,2020-01-30,PM10,41.98
Traralgon,-38.1942825317383,146.531463623047,2020-01-30,PM2.5,6.71
Traralgon,-38.1942825317383,146.531463623047,2020-01-30,Visibility Reduction,0.57
Traralgon,-38.1942825317383,146.531463623047,2020-01-31,PM10,57.15
Traralgon,-38.1942825317383,146.531463623047,2020-01-31,PM2.5,24.75
Traralgon,-38.1942825317383,146.531463623047,2020-01-31,Visibility Reduction,1.77
Traralgon,-38.1942825317383,146.531463623047,2020-02-01,PM10,25.02
Traralgon,-38.1942825317383,146.531463623047,2020-02-01,PM2.5,10.72
Traralgon,-38.1942825317383,146.531463623047,2020-02-01,Visibility Reduction,0.44
Traralgon,-38.1942825317383,146.531463623047,2020-02-02,PM10,9.7
Traralgon,-38.1942825317383,146.531463623047,2020-02-02,PM2.5,2.55
Traralgon,-38.1942825317383,146.531463623047,2020-02-02,Visibility Reduction,0.36
Traralgon,-38.1942825317383,146.531463623047,2020-02-03,PM10,14.43
Traralgon,-38.1942825317383,146.531463623047,2020-02-03,PM2.5,4.76
Traralgon,-38.1942825317383,146.531463623047,2020-02-03,Visibility Reduction,0.36
Traralgon,-38.1942825317383,146.531463623047,2020-02-04,PM10,18.72
Traralgon,-38.1942825317383,146.531463623047,2020-02-04,PM2.5,5.7
Traralgon,-38.1942825317383,146.531463623047,2020-02-04,Visibility Reduction,0.39
Traralgon,-38.1942825317383,146.531463623047,2020-02-05,PM10,20.82
Traralgon,-38.1942825317383,146.531463623047,2020-02-05,PM2.5,7.7
Traralgon,-38.1942825317383,146.531463623047,2020-02-05,Visibility Reduction,0.55
Traralgon,-38.1942825317383,146.531463623047,2020-02-06,PM10,69.99
Traralgon,-38.1942825317383,146.531463623047,2020-02-06,PM2.5,32.47
Traralgon,-38.1942825317383,146.531463623047,2020-02-06,Visibility Reduction,2.52
Traralgon,-38.1942825317383,146.531463623047,2020-02-07,PM10,50.68
Traralgon,-38.1942825317383,146.531463623047,2020-02-07,PM2.5,34.21
Traralgon,-38.1942825317383,146.531463623047,2020-02-07,Visibility Reduction,2.3
Traralgon,-38.1942825317383,146.531463623047,2020-02-08,PM10,32.46
Traralgon,-38.1942825317383,146.531463623047,2020-02-08,PM2.5,9.25
Traralgon,-38.1942825317383,146.531463623047,2020-02-08,Visibility Reduction,0.87
Traralgon,-38.1942825317383,146.531463623047,2020-02-09,PM10,20.78
Traralgon,-38.1942825317383,146.531463623047,2020-02-09,PM2.5,8.31
Traralgon,-38.1942825317383,146.531463623047,2020-02-09,Visibility Reduction,0.71
Traralgon,-38.1942825317383,146.531463623047,2020-02-10,PM10,14.63
Traralgon,-38.1942825317383,146.531463623047,2020-02-10,PM2.5,4.34
Traralgon,-38.1942825317383,146.531463623047,2020-02-10,Visibility Reduction,0.66
Traralgon,-38.1942825317383,146.531463623047,2020-02-11,PM10,9.23
Traralgon,-38.1942825317383,146.531463623047,2020-02-11,PM2.5,3.86
Traralgon,-38.1942825317383,146.531463623047,2020-02-11,Visibility Reduction,0.63
Traralgon,-38.1942825317383,146.531463623047,2020-02-12,PM10,10.28
Traralgon,-38.1942825317383,146.531463623047,2020-02-12,PM2.5,5.31
Traralgon,-38.1942825317383,146.531463623047,2020-02-12,Visibility Reduction,0.41
Traralgon,-38.1942825317383,146.531463623047,2020-02-13,PM10,6.23
Traralgon,-38.1942825317383,146.531463623047,2020-02-13,PM2.5,2.66
Traralgon,-38.1942825317383,146.531463623047,2020-02-13,Visibility Reduction,0.32
Traralgon,-38.1942825317383,146.531463623047,2020-02-14,PM10,18.21
Traralgon,-38.1942825317383,146.531463623047,2020-02-14,PM2.5,4.19
Traralgon,-38.1942825317383,146.531463623047,2020-02-14,Visibility Reduction,0.6
Traralgon,-38.1942825317383,146.531463623047,2020-02-17,PM10,17.5
Traralgon,-38.1942825317383,146.531463623047,2020-02-17,PM2.5,5.26
Traralgon,-38.1942825317383,146.531463623047,2020-02-17,Visibility Reduction,0.47
Traralgon,-38.1942825317383,146.531463623047,2020-02-18,PM10,12.71
Traralgon,-38.1942825317383,146.531463623047,2020-02-18,PM2.5,4.38
Traralgon,-38.1942825317383,146.531463623047,2020-02-18,Visibility Reduction,0.44
Traralgon,-38.1942825317383,146.531463623047,2020-02-19,PM10,10.27
Traralgon,-38.1942825317383,146.531463623047,2020-02-19,PM2.5,3.7
Traralgon,-38.1942825317383,146.531463623047,2020-02-19,Visibility Reduction,0.41
Traralgon,-38.1942825317383,146.531463623047,2020-02-20,PM10,12.42
Traralgon,-38.1942825317383,146.531463623047,2020-02-20,PM2.5,5.13
Traralgon,-38.1942825317383,146.531463623047,2020-02-20,Visibility Reduction,0.41
Traralgon,-38.1942825317383,146.531463623047,2020-02-21,PM10,8.82
Traralgon,-38.1942825317383,146.531463623047,2020-02-21,PM2.5,2.91
Traralgon,-38.1942825317383,146.531463623047,2020-02-21,Visibility Reduction,0.32
Traralgon,-38.1942825317383,146.531463623047,2020-02-22,PM10,13.65
Traralgon,-38.1942825317383,146.531463623047,2020-02-22,PM2.5,4.25
Traralgon,-38.1942825317383,146.531463623047,2020-02-22,Visibility Reduction,0.38
Traralgon,-38.1942825317383,146.531463623047,2020-02-23,PM10,19.7
Traralgon,-38.1942825317383,146.531463623047,2020-02-23,PM2.5,6.03
Traralgon,-38.1942825317383,146.531463623047,2020-02-23,Visibility Reduction,0.53
Traralgon,-38.1942825317383,146.531463623047,2020-02-24,PM10,18.91
Traralgon,-38.1942825317383,146.531463623047,2020-02-24,PM2.5,8.14
Traralgon,-38.1942825317383,146.531463623047,2020-02-24,Visibility Reduction,0.64
Traralgon,-38.1942825317383,146.531463623047,2020-02-25,PM10,16.25
Traralgon,-38.1942825317383,146.531463623047,2020-02-25,PM2.5,7.71
Traralgon,-38.1942825317383,146.531463623047,2020-02-25,Visibility Reduction,0.58
Traralgon,-38.1942825317383,146.531463623047,2020-02-26,PM10,9.68
Traralgon,-38.1942825317383,146.531463623047,2020-02-26,PM2.5,2.98
Traralgon,-38.1942825317383,146.531463623047,2020-02-26,Visibility Reduction,0.37
Traralgon,-38.1942825317383,146.531463623047,2020-02-27,PM10,13.92
Traralgon,-38.1942825317383,146.531463623047,2020-02-27,PM2.5,4.35
Traralgon,-38.1942825317383,146.531463623047,2020-02-27,Visibility Reduction,0.37
Traralgon,-38.1942825317383,146.531463623047,2020-02-28,PM10,8.31
Traralgon,-38.1942825317383,146.531463623047,2020-02-28,PM2.5,4.18
Traralgon,-38.1942825317383,146.531463623047,2020-02-28,Visibility Reduction,0.34
Traralgon,-38.1942825317383,146.531463623047,2020-02-29,PM10,10.62
Traralgon,-38.1942825317383,146.531463623047,2020-02-29,PM2.5,4.54
Traralgon,-38.1942825317383,146.531463623047,2020-02-29,Visibility Reduction,0.38
Traralgon,-38.19428253,146.5314636,2019-09-01,PM10,13.83
Traralgon,-38.19428253,146.5314636,2019-09-01,PM2.5,12.95
Traralgon,-38.19428253,146.5314636,2019-09-01,Visibility Reduction,0.74
Traralgon,-38.19428253,146.5314636,2019-09-02,PM10,10.59
Traralgon,-38.19428253,146.5314636,2019-09-02,PM2.5,6.81
Traralgon,-38.19428253,146.5314636,2019-09-02,Visibility Reduction,0.58
Traralgon,-38.19428253,146.5314636,2019-09-03,PM10,10.97
Traralgon,-38.19428253,146.5314636,2019-09-03,PM2.5,6.8
Traralgon,-38.19428253,146.5314636,2019-09-03,Visibility Reduction,0.55
Traralgon,-38.19428253,146.5314636,2019-09-04,PM10,13.2
Traralgon,-38.19428253,146.5314636,2019-09-04,PM2.5,8.48
Traralgon,-38.19428253,146.5314636,2019-09-04,Visibility Reduction,0.75
Traralgon,-38.19428253,146.5314636,2019-09-05,PM10,13.54
Traralgon,-38.19428253,146.5314636,2019-09-05,PM2.5,7.8
Traralgon,-38.19428253,146.5314636,2019-09-05,Visibility Reduction,0.57
Traralgon,-38.19428253,146.5314636,2019-09-06,PM10,6.41
Traralgon,-38.19428253,146.5314636,2019-09-06,PM2.5,2.37
Traralgon,-38.19428253,146.5314636,2019-09-06,Visibility Reduction,0.45
Traralgon,-38.19428253,146.5314636,2019-09-07,PM10,10.22
Traralgon,-38.19428253,146.5314636,2019-09-07,PM2.5,6.46
Traralgon,-38.19428253,146.5314636,2019-09-07,Visibility Reduction,0.42
Traralgon,-38.19428253,146.5314636,2019-09-08,PM10,9.07
Traralgon,-38.19428253,146.5314636,2019-09-08,PM2.5,5.58
Traralgon,-38.19428253,146.5314636,2019-09-08,Visibility Reduction,0.42
Traralgon,-38.19428253,146.5314636,2019-09-09,PM10,16.23
Traralgon,-38.19428253,146.5314636,2019-09-09,PM2.5,10.29
Traralgon,-38.19428253,146.5314636,2019-09-09,Visibility Reduction,0.57
Traralgon,-38.19428253,146.5314636,2019-09-10,PM10,16.0
Traralgon,-38.19428253,146.5314636,2019-09-10,PM2.5,8.95
Traralgon,-38.19428253,146.5314636,2019-09-10,Visibility Reduction,0.68
Traralgon,-38.19428253,146.5314636,2019-09-11,PM10,16.33
Traralgon,-38.19428253,146.5314636,2019-09-11,PM2.5,11.21
Traralgon,-38.19428253,146.5314636,2019-09-11,Visibility Reduction,0.61
Traralgon,-38.19428253,146.5314636,2019-09-12,PM10,20.41
Traralgon,-38.19428253,146.5314636,2019-09-12,PM2.5,10.2
Traralgon,-38.19428253,146.5314636,2019-09-12,Visibility Reduction,0.57
Traralgon,-38.19428253,146.5314636,2019-09-13,PM10,21.75
Traralgon,-38.19428253,146.5314636,2019-09-13,PM2.5,10.31
Traralgon,-38.19428253,146.5314636,2019-09-13,Visibility Reduction,0.6
Traralgon,-38.19428253,146.5314636,2019-09-14,PM10,28.75
Traralgon,-38.19428253,146.5314636,2019-09-14,PM2.5,15.93
Traralgon,-38.19428253,146.5314636,2019-09-14,Visibility Reduction,0.97
Traralgon,-38.19428253,146.5314636,2019-09-15,PM10,11.63
Traralgon,-38.19428253,146.5314636,2019-09-15,PM2.5,10.1
Traralgon,-38.19428253,146.5314636,2019-09-15,Visibility Reduction,0.48
Traralgon,-38.19428253,146.5314636,2019-09-16,PM10,16.53
Traralgon,-38.19428253,146.5314636,2019-09-16,PM2.5,9.9
Traralgon,-38.19428253,146.5314636,2019-09-16,Visibility Reduction,0.63
Traralgon,-38.19428253,146.5314636,2019-09-17,PM10,11.58
Traralgon,-38.19428253,146.5314636,2019-09-17,PM2.5,8.07
Traralgon,-38.19428253,146.5314636,2019-09-17,Visibility Reduction,0.52
Traralgon,-38.19428253,146.5314636,2019-09-18,PM10,13.42
Traralgon,-38.19428253,146.5314636,2019-09-18,PM2.5,7.66
Traralgon,-38.19428253,146.5314636,2019-09-18,Visibility Reduction,0.56
Traralgon,-38.19428253,146.5314636,2019-09-19,PM10,14.9
Traralgon,-38.19428253,146.5314636,2019-09-19,PM2.5,7.2
Traralgon,-38.19428253,146.5314636,2019-09-19,Visibility Reduction,0.5
Traralgon,-38.19428253,146.5314636,2019-09-20,PM10,21.01
Traralgon,-38.19428253,146.5314636,2019-09-20,PM2.5,8.7
Traralgon,-38.19428253,146.5314636,2019-09-20,Visibility Reduction,0.6
Traralgon,-38.19428253,146.5314636,2019-09-21,PM10,21.22
Traralgon,-38.19428253,146.5314636,2019-09-21,PM2.5,7.67
Traralgon,-38.19428253,146.5314636,2019-09-21,Visibility Reduction,0.53
Traralgon,-38.19428253,146.5314636,2019-09-22,PM10,7.44
Traralgon,-38.19428253,146.5314636,2019-09-22,PM2.5,5.0
Traralgon,-38.19428253,146.5314636,2019-09-22,Visibility Reduction,0.43
Traralgon,-38.19428253,146.5314636,2019-09-23,PM10,9.38
Traralgon,-38.19428253,146.5314636,2019-09-23,PM2.5,8.08
Traralgon,-38.19428253,146.5314636,2019-09-23,Visibility Reduction,0.52
Traralgon,-38.19428253,146.5314636,2019-09-24,PM10,7.61
Traralgon,-38.19428253,146.5314636,2019-09-24,PM2.5,5.19
Traralgon,-38.19428253,146.5314636,2019-09-24,Visibility Reduction,0.44
Traralgon,-38.19428253,146.5314636,2019-09-25,PM10,6.62
Traralgon,-38.19428253,146.5314636,2019-09-25,PM2.5,6.98
Traralgon,-38.19428253,146.5314636,2019-09-25,Visibility Reduction,0.53
Traralgon,-38.19428253,146.5314636,2019-09-26,PM10,12.74
Traralgon,-38.19428253,146.5314636,2019-09-26,PM2.5,6.37
Traralgon,-38.19428253,146.5314636,2019-09-26,Visibility Reduction,0.45
Traralgon,-38.19428253,146.5314636,2019-09-27,PM10,17.27
Traralgon,-38.19428253,146.5314636,2019-09-27,PM2.5,5.15
Traralgon,-38.19428253,146.5314636,2019-09-27,Visibility Reduction,0.48
Traralgon,-38.19428253,146.5314636,2019-09-28,PM10,16.39
Traralgon,-38.19428253,146.5314636,2019-09-28,PM2.5,7.07
Traralgon,-38.19428253,146.5314636,2019-09-28,Visibility Reduction,0.5
Traralgon,-38.19428253,146.5314636,2019-09-29,PM10,14.83
Traralgon,-38.19428253,146.5314636,2019-09-29,PM2.5,7.56
Traralgon,-38.19428253,146.5314636,2019-09-29,Visibility Reduction,0.52
Traralgon,-38.19428253,146.5314636,2019-09-30,PM10,16.77
Traralgon,-38.19428253,146.5314636,2019-09-30,PM2.5,9.05
Traralgon,-38.19428253,146.5314636,2019-09-30,Visibility Reduction,0.51
Traralgon,-38.19428253,146.5314636,2019-10-01,PM10,20.0
Traralgon,-38.19428253,146.5314636,2019-10-01,PM2.5,9.37
Traralgon,-38.19428253,146.5314636,2019-10-01,Visibility Reduction,0.54
Traralgon,-38.19428253,146.5314636,2019-10-02,PM10,28.1
Traralgon,-38.19428253,146.5314636,2019-10-02,PM2.5,10.5
Traralgon,-38.19428253,146.5314636,2019-10-02,Visibility Reduction,0.63
Traralgon,-38.19428253,146.5314636,2019-10-03,PM10,27.58
Traralgon,-38.19428253,146.5314636,2019-10-03,PM2.5,9.07
Traralgon,-38.19428253,146.5314636,2019-10-03,Visibility Reduction,0.57
Traralgon,-38.19428253,146.5314636,2019-10-04,PM10,17.59
Traralgon,-38.19428253,146.5314636,2019-10-04,PM2.5,8.18
Traralgon,-38.19428253,146.5314636,2019-10-04,Visibility Reduction,0.53
Traralgon,-38.19428253,146.5314636,2019-10-05,PM10,13.56
Traralgon,-38.19428253,146.5314636,2019-10-05,PM2.5,4.72
Traralgon,-38.19428253,146.5314636,2019-10-05,Visibility Reduction,0.46
Traralgon,-38.19428253,146.5314636,2019-10-06,PM10,21.07
Traralgon,-38.19428253,146.5314636,2019-10-06,PM2.5,5.97
Traralgon,-38.19428253,146.5314636,2019-10-06,Visibility Reduction,0.51
Traralgon,-38.19428253,146.5314636,2019-10-07,PM10,11.02
Traralgon,-38.19428253,146.5314636,2019-10-07,PM2.5,4.57
Traralgon,-38.19428253,146.5314636,2019-10-07,Visibility Reduction,0.4
Traralgon,-38.19428253,146.5314636,2019-10-08,PM10,12.64
Traralgon,-38.19428253,146.5314636,2019-10-08,PM2.5,5.08
Traralgon,-38.19428253,146.5314636,2019-10-08,Visibility Reduction,0.4
Traralgon,-38.19428253,146.5314636,2019-10-09,PM10,14.6
Traralgon,-38.19428253,146.5314636,2019-10-09,PM2.5,6.2
Traralgon,-38.19428253,146.5314636,2019-10-09,Visibility Reduction,0.45
Traralgon,-38.19428253,146.5314636,2019-10-10,PM10,11.83
Traralgon,-38.19428253,146.5314636,2019-10-10,PM2.5,6.1
Traralgon,-38.19428253,146.5314636,2019-10-10,Visibility Reduction,0.44
Traralgon,-38.19428253,146.5314636,2019-10-11,PM10,12.77
Traralgon,-38.19428253,146.5314636,2019-10-11,PM2.5,2.96
Traralgon,-38.19428253,146.5314636,2019-10-11,Visibility Reduction,0.33
Traralgon,-38.19428253,146.5314636,2019-10-12,PM10,10.6
Traralgon,-38.19428253,146.5314636,2019-10-12,PM2.5,3.88
Traralgon,-38.19428253,146.5314636,2019-10-12,Visibility Reduction,0.33
Traralgon,-38.19428253,146.5314636,2019-10-13,PM10,9.06
Traralgon,-38.19428253,146.5314636,2019-10-13,PM2.5,4.28
Traralgon,-38.19428253,146.5314636,2019-10-13,Visibility Reduction,0.35
Traralgon,-38.19428253,146.5314636,2019-10-14,PM10,16.95
Traralgon,-38.19428253,146.5314636,2019-10-14,PM2.5,5.97
Traralgon,-38.19428253,146.5314636,2019-10-14,Visibility Reduction,0.43
Traralgon,-38.19428253,146.5314636,2019-10-15,PM10,18.83
Traralgon,-38.19428253,146.5314636,2019-10-15,Visibility Reduction,0.56
Traralgon,-38.19428253,146.5314636,2019-10-16,PM10,14.94
Traralgon,-38.19428253,146.5314636,2019-10-16,PM2.5,6.52
Traralgon,-38.19428253,146.5314636,2019-10-16,Visibility Reduction,0.48
Traralgon,-38.19428253,146.5314636,2019-10-17,PM10,8.65
Traralgon,-38.19428253,146.5314636,2019-10-17,PM2.5,5.55
Traralgon,-38.19428253,146.5314636,2019-10-17,Visibility Reduction,0.41
Traralgon,-38.19428253,146.5314636,2019-10-18,PM10,15.42
Traralgon,-38.19428253,146.5314636,2019-10-18,PM2.5,4.77
Traralgon,-38.19428253,146.5314636,2019-10-18,Visibility Reduction,0.4
Traralgon,-38.19428253,146.5314636,2019-10-19,PM10,14.42
Traralgon,-38.19428253,146.5314636,2019-10-19,PM2.5,6.37
Traralgon,-38.19428253,146.5314636,2019-10-19,Visibility Reduction,0.42
Traralgon,-38.19428253,146.5314636,2019-10-20,PM10,15.16
Traralgon,-38.19428253,146.5314636,2019-10-20,PM2.5,7.25
Traralgon,-38.19428253,146.5314636,2019-10-20,Visibility Reduction,0.49
Traralgon,-38.19428253,146.5314636,2019-10-21,PM10,11.99
Traralgon,-38.19428253,146.5314636,2019-10-21,PM2.5,5.66
Traralgon,-38.19428253,146.5314636,2019-10-21,Visibility Reduction,0.41
Traralgon,-38.19428253,146.5314636,2019-10-22,PM10,13.31
Traralgon,-38.19428253,146.5314636,2019-10-22,PM2.5,6.52
Traralgon,-38.19428253,146.5314636,2019-10-22,Visibility Reduction,0.46
Traralgon,-38.19428253,146.5314636,2019-10-23,PM10,16.39
Traralgon,-38.19428253,146.5314636,2019-10-23,PM2.5,6.29
Traralgon,-38.19428253,146.5314636,2019-10-23,Visibility Reduction,0.5
Traralgon,-38.19428253,146.5314636,2019-10-24,PM10,23.1
Traralgon,-38.19428253,146.5314636,2019-10-24,PM2.5,9.01
Traralgon,-38.19428253,146.5314636,2019-10-24,Visibility Reduction,0.5
Traralgon,-38.19428253,146.5314636,2019-10-25,PM10,35.62
Traralgon,-38.19428253,146.5314636,2019-10-25,PM2.5,11.15
Traralgon,-38.19428253,146.5314636,2019-10-25,Visibility Reduction,0.55
Traralgon,-38.19428253,146.5314636,2019-10-26,PM10,12.65
Traralgon,-38.19428253,146.5314636,2019-10-26,PM2.5,6.37
Traralgon,-38.19428253,146.5314636,2019-10-26,Visibility Reduction,0.42
Traralgon,-38.19428253,146.5314636,2019-10-27,PM10,11.17
Traralgon,-38.19428253,146.5314636,2019-10-27,PM2.5,7.74
Traralgon,-38.19428253,146.5314636,2019-10-27,Visibility Reduction,0.41
Traralgon,-38.19428253,146.5314636,2019-10-28,PM10,12.14
Traralgon,-38.19428253,146.5314636,2019-10-28,PM2.5,4.78
Traralgon,-38.19428253,146.5314636,2019-10-28,Visibility Reduction,0.41
Traralgon,-38.19428253,146.5314636,2019-10-29,PM10,18.33
Traralgon,-38.19428253,146.5314636,2019-10-29,PM2.5,6.1
Traralgon,-38.19428253,146.5314636,2019-10-29,Visibility Reduction,0.42
Traralgon,-38.19428253,146.5314636,2019-10-30,PM10,29.83
Traralgon,-38.19428253,146.5314636,2019-10-30,PM2.5,10.55
Traralgon,-38.19428253,146.5314636,2019-10-30,Visibility Reduction,0.5
Traralgon,-38.19428253,146.5314636,2019-10-31,PM10,36.08
Traralgon,-38.19428253,146.5314636,2019-10-31,PM2.5,12.25
Traralgon,-38.19428253,146.5314636,2019-10-31,Visibility Reduction,0.57
Traralgon,-38.19428253,146.5314636,2019-11-01,PM10,39.6
Traralgon,-38.19428253,146.5314636,2019-11-01,PM2.5,12.82
Traralgon,-38.19428253,146.5314636,2019-11-01,Visibility Reduction,0.84
Traralgon,-38.19428253,146.5314636,2019-11-02,PM10,26.52
Traralgon,-38.19428253,146.5314636,2019-11-02,PM2.5,14.38
Traralgon,-38.19428253,146.5314636,2019-11-02,Visibility Reduction,0.7
Traralgon,-38.19428253,146.5314636,2019-11-03,PM10,8.65
Traralgon,-38.19428253,146.5314636,2019-11-03,PM2.5,4.72
Traralgon,-38.19428253,146.5314636,2019-11-03,Visibility Reduction,0.62
Traralgon,-38.19428253,146.5314636,2019-11-04,PM10,7.9
Traralgon,-38.19428253,146.5314636,2019-11-04,PM2.5,3.15
Traralgon,-38.19428253,146.5314636,2019-11-04,Visibility Reduction,0.37
Traralgon,-38.19428253,146.5314636,2019-11-05,PM10,9.62
Traralgon,-38.19428253,146.5314636,2019-11-05,PM2.5,4.04
Traralgon,-38.19428253,146.5314636,2019-11-05,Visibility Reduction,0.36
Traralgon,-38.19428253,146.5314636,2019-11-06,PM10,18.75
Traralgon,-38.19428253,146.5314636,2019-11-06,PM2.5,8.91
Traralgon,-38.19428253,146.5314636,2019-11-06,Visibility Reduction,0.46
Traralgon,-38.19428253,146.5314636,2019-11-07,PM10,19.6
Traralgon,-38.19428253,146.5314636,2019-11-07,PM2.5,13.69
Traralgon,-38.19428253,146.5314636,2019-11-07,Visibility Reduction,0.57
Traralgon,-38.19428253,146.5314636,2019-11-08,PM10,10.9
Traralgon,-38.19428253,146.5314636,2019-11-08,PM2.5,6.56
Traralgon,-38.19428253,146.5314636,2019-11-08,Visibility Reduction,0.41
Traralgon,-38.19428253,146.5314636,2019-11-09,PM10,15.49
Traralgon,-38.19428253,146.5314636,2019-11-09,PM2.5,10.39
Traralgon,-38.19428253,146.5314636,2019-11-09,Visibility Reduction,0.58
Traralgon,-38.19428253,146.5314636,2019-11-10,PM10,9.73
Traralgon,-38.19428253,146.5314636,2019-11-10,PM2.5,6.7
Traralgon,-38.19428253,146.5314636,2019-11-10,Visibility Reduction,0.44
Traralgon,-38.19428253,146.5314636,2019-11-11,PM10,10.62
Traralgon,-38.19428253,146.5314636,2019-11-11,PM2.5,4.97
Traralgon,-38.19428253,146.5314636,2019-11-11,Visibility Reduction,0.41
Traralgon,-38.19428253,146.5314636,2019-11-12,PM10,22.43
Traralgon,-38.19428253,146.5314636,2019-11-12,PM2.5,7.17
Traralgon,-38.19428253,146.5314636,2019-11-12,Visibility Reduction,0.41
Traralgon,-38.19428253,146.5314636,2019-11-13,PM10,13.9
Traralgon,-38.19428253,146.5314636,2019-11-13,PM2.5,7.75
Traralgon,-38.19428253,146.5314636,2019-11-13,Visibility Reduction,0.44
Traralgon,-38.19428253,146.5314636,2019-11-14,PM10,11.71
Traralgon,-38.19428253,146.5314636,2019-11-14,PM2.5,3.08
Traralgon,-38.19428253,146.5314636,2019-11-14,Visibility Reduction,0.33
Traralgon,-38.19428253,146.5314636,2019-11-15,PM10,16.38
Traralgon,-38.19428253,146.5314636,2019-11-15,PM2.5,4.17
Traralgon,-38.19428253,146.5314636,2019-11-15,Visibility Reduction,0.37
Traralgon,-38.19428253,146.5314636,2019-11-16,PM10,17.85
Traralgon,-38.19428253,146.5314636,2019-11-16,PM2.5,7.01
Traralgon,-38.19428253,146.5314636,2019-11-16,Visibility Reduction,0.51
Traralgon,-38.19428253,146.5314636,2019-11-17,PM10,13.11
Traralgon,-38.19428253,146.5314636,2019-11-17,PM2.5,4.87
Traralgon,-38.19428253,146.5314636,2019-11-17,Visibility Reduction,0.41
Traralgon,-38.19428253,146.5314636,2019-11-18,PM10,18.48
Traralgon,-38.19428253,146.5314636,2019-11-18,PM2.5,6.4
Traralgon,-38.19428253,146.5314636,2019-11-18,Visibility Reduction,0.44
Traralgon,-38.19428253,146.5314636,2019-11-19,PM10,25.37
Traralgon,-38.19428253,146.5314636,2019-11-19,PM2.5,4.33
Traralgon,-38.19428253,146.5314636,2019-11-19,Visibility Reduction,0.4
Traralgon,-38.19428253,146.5314636,2019-11-20,PM10,26.72
Traralgon,-38.19428253,146.5314636,2019-11-20,PM2.5,6.65
Traralgon,-38.19428253,146.5314636,2019-11-20,Visibility Reduction,0.44
Traralgon,-38.19428253,146.5314636,2019-11-21,PM10,77.98
Traralgon,-38.19428253,146.5314636,2019-11-21,PM2.5,15.94
Traralgon,-38.19428253,146.5314636,2019-11-21,Visibility Reduction,0.95
Traralgon,-38.19428253,146.5314636,2019-11-22,PM10,17.93
Traralgon,-38.19428253,146.5314636,2019-11-22,PM2.5,4.85
Traralgon,-38.19428253,146.5314636,2019-11-22,Visibility Reduction,0.35
Traralgon,-38.19428253,146.5314636,2019-11-23,PM10,27.98
Traralgon,-38.19428253,146.5314636,2019-11-23,PM2.5,6.43
Traralgon,-38.19428253,146.5314636,2019-11-23,Visibility Reduction,0.43
Traralgon,-38.19428253,146.5314636,2019-11-24,PM10,23.25
Traralgon,-38.19428253,146.5314636,2019-11-24,PM2.5,9.78
Traralgon,-38.19428253,146.5314636,2019-11-24,Visibility Reduction,0.66
Traralgon,-38.19428253,146.5314636,2019-11-25,PM10,25.47
Traralgon,-38.19428253,146.5314636,2019-11-25,PM2.5,4.82
Traralgon,-38.19428253,146.5314636,2019-11-25,Visibility Reduction,0.46
Traralgon,-38.19428253,146.5314636,2019-11-26,PM10,42.7
Traralgon,-38.19428253,146.5314636,2019-11-26,PM2.5,29.77
Traralgon,-38.19428253,146.5314636,2019-11-26,Visibility Reduction,2.01
Traralgon,-38.19428253,146.5314636,2019-11-27,PM10,27.73
Traralgon,-38.19428253,146.5314636,2019-11-27,PM2.5,7.58
Traralgon,-38.19428253,146.5314636,2019-11-27,Visibility Reduction,0.44
Traralgon,-38.19428253,146.5314636,2019-11-28,PM10,28.87
Traralgon,-38.19428253,146.5314636,2019-11-28,PM2.5,7.61
Traralgon,-38.19428253,146.5314636,2019-11-28,Visibility Reduction,0.48
Traralgon,-38.19428253,146.5314636,2019-11-29,PM10,15.69
Traralgon,-38.19428253,146.5314636,2019-11-29,PM2.5,5.39
Traralgon,-38.19428253,146.5314636,2019-11-29,Visibility Reduction,0.54
Traralgon,-38.19428253,146.5314636,2019-12-02,PM10,11.2
Traralgon,-38.19428253,146.5314636,2019-12-02,PM2.5,4.45
Traralgon,-38.19428253,146.5314636,2019-12-02,Visibility Reduction,0.38
Traralgon,-38.19428253,146.5314636,2019-12-03,PM10,12.59
Traralgon,-38.19428253,146.5314636,2019-12-03,PM2.5,3.76
Traralgon,-38.19428253,146.5314636,2019-12-03,Visibility Reduction,0.35
Traralgon,-38.19428253,146.5314636,2019-12-04,PM10,10.78
Traralgon,-38.19428253,146.5314636,2019-12-04,PM2.5,5.05
Traralgon,-38.19428253,146.5314636,2019-12-04,Visibility Reduction,0.37
Traralgon,-38.19428253,146.5314636,2019-12-05,PM10,15.39
Traralgon,-38.19428253,146.5314636,2019-12-05,PM2.5,5.48
Traralgon,-38.19428253,146.5314636,2019-12-05,Visibility Reduction,0.4
Traralgon,-38.19428253,146.5314636,2019-12-06,PM10,20.42
Traralgon,-38.19428253,146.5314636,2019-12-06,PM2.5,6.36
Traralgon,-38.19428253,146.5314636,2019-12-06,Visibility Reduction,0.43
Traralgon,-38.19428253,146.5314636,2019-12-07,PM10,25.12
Traralgon,-38.19428253,146.5314636,2019-12-07,PM2.5,10.11
Traralgon,-38.19428253,146.5314636,2019-12-07,Visibility Reduction,0.57
Traralgon,-38.19428253,146.5314636,2019-12-08,PM10,14.14
Traralgon,-38.19428253,146.5314636,2019-12-08,PM2.5,5.83
Traralgon,-38.19428253,146.5314636,2019-12-08,Visibility Reduction,0.41
Traralgon,-38.19428253,146.5314636,2019-12-09,PM10,25.25
Traralgon,-38.19428253,146.5314636,2019-12-09,PM2.5,7.41
Traralgon,-38.19428253,146.5314636,2019-12-09,Visibility Reduction,0.58
Traralgon,-38.19428253,146.5314636,2019-12-10,PM10,13.38
Traralgon,-38.19428253,146.5314636,2019-12-10,PM2.5,5.24
Traralgon,-38.19428253,146.5314636,2019-12-10,Visibility Reduction,0.43
Traralgon,-38.19428253,146.5314636,2019-12-11,PM10,29.15
Traralgon,-38.19428253,146.5314636,2019-12-11,PM2.5,8.7
Traralgon,-38.19428253,146.5314636,2019-12-11,Visibility Reduction,0.6
Traralgon,-38.19428253,146.5314636,2019-12-12,PM10,20.58
Traralgon,-38.19428253,146.5314636,2019-12-12,PM2.5,4.96
Traralgon,-38.19428253,146.5314636,2019-12-12,Visibility Reduction,0.39
Traralgon,-38.19428253,146.5314636,2019-12-13,PM10,19.81
Traralgon,-38.19428253,146.5314636,2019-12-13,PM2.5,6.86
Traralgon,-38.19428253,146.5314636,2019-12-13,Visibility Reduction,0.43
Traralgon,-38.19428253,146.5314636,2019-12-14,PM10,7.34
Traralgon,-38.19428253,146.5314636,2019-12-14,PM2.5,4.43
Traralgon,-38.19428253,146.5314636,2019-12-14,Visibility Reduction,0.41
Traralgon,-38.19428253,146.5314636,2019-12-15,PM10,12.04
Traralgon,-38.19428253,146.5314636,2019-12-15,PM2.5,4.68
Traralgon,-38.19428253,146.5314636,2019-12-15,Visibility Reduction,0.52
Traralgon,-38.19428253,146.5314636,2019-12-16,PM10,12.05
Traralgon,-38.19428253,146.5314636,2019-12-16,PM2.5,3.75
Traralgon,-38.19428253,146.5314636,2019-12-16,Visibility Reduction,0.37
Traralgon,-38.19428253,146.5314636,2019-12-17,PM10,24.11
Traralgon,-38.19428253,146.5314636,2019-12-17,PM2.5,8.6
Traralgon,-38.19428253,146.5314636,2019-12-17,Visibility Reduction,0.63
Traralgon,-38.19428253,146.5314636,2019-12-18,PM10,35.25
Traralgon,-38.19428253,146.5314636,2019-12-18,PM2.5,15.55
Traralgon,-38.19428253,146.5314636,2019-12-18,Visibility Reduction,1.1
Traralgon,-38.19428253,146.5314636,2019-12-19,PM10,23.52
Traralgon,-38.19428253,146.5314636,2019-12-19,PM2.5,7.71
Traralgon,-38.19428253,146.5314636,2019-12-19,Visibility Reduction,0.48
Traralgon,-38.19428253,146.5314636,2019-12-20,PM10,59.29
Traralgon,-38.19428253,146.5314636,2019-12-20,PM2.5,34.4
Traralgon,-38.19428253,146.5314636,2019-12-20,Visibility Reduction,2.8
Traralgon,-38.19428253,146.5314636,2019-12-21,PM10,35.87
Traralgon,-38.19428253,146.5314636,2019-12-21,PM2.5,14.05
Traralgon,-38.19428253,146.5314636,2019-12-21,Visibility Reduction,0.68
Traralgon,-38.19428253,146.5314636,2019-12-22,PM10,29.37
Traralgon,-38.19428253,146.5314636,2019-12-22,PM2.5,10.89
Traralgon,-38.19428253,146.5314636,2019-12-22,Visibility Reduction,0.57
Traralgon,-38.19428253,146.5314636,2019-12-23,PM10,56.99
Traralgon,-38.19428253,146.5314636,2019-12-23,PM2.5,18.46
Traralgon,-38.19428253,146.5314636,2019-12-23,Visibility Reduction,1.26
Traralgon,-38.19428253,146.5314636,2019-12-24,PM10,21.18
Traralgon,-38.19428253,146.5314636,2019-12-24,PM2.5,8.43
Traralgon,-38.19428253,146.5314636,2019-12-24,Visibility Reduction,0.62
Traralgon,-38.19428253,146.5314636,2019-12-25,PM10,19.45
Traralgon,-38.19428253,146.5314636,2019-12-25,PM2.5,9.5
Traralgon,-38.19428253,146.5314636,2019-12-25,Visibility Reduction,0.77
Traralgon,-38.19428253,146.5314636,2019-12-26,PM10,20.97
Traralgon,-38.19428253,146.5314636,2019-12-26,PM2.5,11.82
Traralgon,-38.19428253,146.5314636,2019-12-26,Visibility Reduction,1.01
Traralgon,-38.19428253,146.5314636,2019-12-27,PM10,22.89
Traralgon,-38.19428253,146.5314636,2019-12-27,PM2.5,11.72
Traralgon,-38.19428253,146.5314636,2019-12-27,Visibility Reduction,0.94
Traralgon,-38.19428253,146.5314636,2019-12-28,PM10,31.7
Traralgon,-38.19428253,146.5314636,2019-12-28,PM2.5,16.37
Traralgon,-38.19428253,146.5314636,2019-12-28,Visibility Reduction,1.32
Traralgon,-38.19428253,146.5314636,2019-12-29,PM10,27.93
Traralgon,-38.19428253,146.5314636,2019-12-29,PM2.5,13.02
Traralgon,-38.19428253,146.5314636,2019-12-29,Visibility Reduction,1.02
Traralgon,-38.19428253,146.5314636,2019-12-30,PM10,48.54
Traralgon,-38.19428253,146.5314636,2019-12-30,PM2.5,13.47
Traralgon,-38.19428253,146.5314636,2019-12-30,Visibility Reduction,0.97
Traralgon,-38.19428253,146.5314636,2019-12-31,PM10,20.91
Traralgon,-38.19428253,146.5314636,2019-12-31,PM2.5,9.81
Traralgon,-38.19428253,146.5314636,2019-12-31,Visibility Reduction,0.53
