date,latitude,longitude,confidence,frp,daynight
2019-09-01,-12.4983,142.0457,58,71.9,D
2019-09-01,-27.208,149.7929,70,9.9,D
2019-09-01,-12.3625,134.2239,50,24.5,D
2019-09-01,-12.5128,133.8655,82,64.9,D
2019-09-01,-13.3304,130.9812,99,105.0,D
2019-09-01,-14.1203,130.0282,70,18.2,D
2019-09-01,-25.4326,152.1617,66,76.9,D
2019-09-01,-17.1699,142.7119,86,76.3,D
2019-09-01,-13.6283,135.7333,86,33.1,D
2019-09-01,-16.3726,136.4656,81,21.6,D
2019-09-01,-14.8068,142.1597,81,54.0,D
2019-09-01,-14.1949,136.5124,56,11.6,D
2019-09-01,-13.015,134.9429,87,27.9,D
2019-09-01,-13.2399,131.0286,68,48.6,D
2019-09-01,-12.3555,135.5656,84,25.1,D
2019-09-01,-12.4643,134.4124,71,21.7,D
2019-09-01,-12.3221,134.8371,58,7.7,D
2019-09-01,-12.2363,134.7896,54,12.4,D
2019-09-01,-12.1738,134.4555,88,34.8,D
2019-09-01,-11.7853,132.7472,96,54.5,D
2019-09-01,-12.7772,132.0367,100,35.0,N
2019-09-02,-12.0109,142.523,62,6.5,D
2019-09-02,-12.3594,142.0719,95,50.6,D
2019-09-02,-13.4707,143.0373,67,12.2,D
2019-09-02,-16.9189,142.7758,86,35.0,D
2019-09-02,-33.9224,143.2269,57,17.2,D
2019-09-02,-32.0762,147.0906,65,15.5,D
2019-09-02,-26.366,150.7555,98,76.1,D
2019-09-02,-22.4769,148.9025,66,13.9,D
2019-09-02,-12.8653,141.838,68,45.2,D
2019-09-02,-34.2196,142.2875,55,62.7,D
2019-09-02,-16.4095,136.3926,100,1269.2,D
2019-09-02,-14.5407,132.9161,65,58.3,D
2019-09-02,-13.1334,130.7493,64,37.5,D
2019-09-02,-32.2181,146.9974,100,41.3,N
2019-09-02,-14.5359,143.8623,100,25.9,N
2019-09-02,-15.4584,133.2019,87,22.7,N
2019-09-03,-26.1556,151.1016,68,10.9,D
2019-09-03,-31.6091,148.5022,66,7.4,D
2019-09-03,-11.8114,132.7619,59,20.1,D
2019-09-03,-12.5649,134.4888,89,51.3,D
2019-09-03,-12.7919,131.5692,69,17.0,D
2019-09-03,-13.3415,130.7291,92,40.5,D
2019-09-03,-15.4281,135.6248,82,52.4,D
2019-09-03,-16.4408,136.3652,88,102.3,D
2019-09-03,-37.3816,142.1259,55,5.1,D
2019-09-03,-34.3602,140.5961,56,11.6,D
2019-09-03,-32.9813,146.4412,94,67.0,D
2019-09-03,-26.1557,151.1129,84,162.6,D
2019-09-03,-16.9048,142.7634,54,16.6,D
2019-09-03,-12.7929,132.0638,71,42.0,D
2019-09-03,-12.5151,133.8267,80,41.9,D
2019-09-03,-15.4217,135.6333,59,25.3,D
2019-09-03,-13.4094,141.9583,79,28.2,D
2019-09-03,-12.6438,142.619,82,45.3,D
2019-09-03,-12.703,136.3872,81,27.5,D
2019-09-03,-12.3465,134.1705,57,12.1,D
2019-09-03,-12.1716,134.436,100,184.4,D
2019-09-03,-27.1071,126.483,92,217.7,D
2019-09-03,-27.0354,126.4899,59,21.5,N
2019-09-03,-12.7466,131.9969,91,17.1,N
2019-09-04,-11.0998,142.4721,58,23.0,D
2019-09-04,-16.0294,144.4287,83,22.5,D
2019-09-04,-16.9277,142.7811,79,16.3,D
2019-09-04,-30.1499,152.2549,88,320.6,D
2019-09-04,-14.5194,126.6947,100,320.5,D
2019-09-04,-30.18,152.2331,72,57.3,D
2019-09-04,-26.1504,151.0936,72,21.4,D
2019-09-04,-26.3121,151.0851,65,18.0,D
2019-09-04,-17.9655,145.541,100,398.6,D
2019-09-04,-14.5114,144.2477,61,41.0,D
2019-09-04,-21.6853,135.4681,69,27.9,D
2019-09-04,-15.2807,134.4703,68,37.1,D
2019-09-04,-13.3124,130.735,95,66.9,D
2019-09-04,-12.4829,134.0715,53,28.1,D
2019-09-04,-11.6856,130.9911,85,40.0,D
2019-09-04,-25.8827,150.8288,66,19.2,N
2019-09-04,-16.0579,144.4069,100,34.9,N
2019-09-04,-14.513,126.7088,100,180.4,N
2019-09-04,-25.8908,150.8442,79,38.2,D
2019-09-05,-12.4246,135.6007,92,45.6,D
2019-09-05,-12.4971,134.0553,93,48.3,D
2019-09-05,-15.2827,134.493,79,19.9,D
2019-09-05,-17.1618,125.2654,69,49.9,D
2019-09-05,-30.9065,147.5918,61,8.3,D
2019-09-05,-28.4406,147.5665,65,11.8,D
2019-09-05,-26.3285,150.7112,63,28.2,D
2019-09-05,-23.2586,146.4016,67,15.5,D
2019-09-05,-19.2873,146.701,59,11.5,D
2019-09-05,-17.1927,145.0737,87,38.2,D
2019-09-05,-16.272,144.6675,84,29.9,D
2019-09-05,-12.8305,142.76,90,37.4,D
2019-09-05,-12.985,141.8349,50,8.7,D
2019-09-05,-12.7973,141.86,71,13.3,D
2019-09-05,-12.5459,142.322,74,21.8,D
2019-09-05,-12.5034,134.0661,65,42.9,D
2019-09-05,-11.0823,142.4533,97,64.5,D
2019-09-05,-14.5352,126.7347,80,133.0,D
2019-09-05,-17.1958,142.6112,96,69.9,N
2019-09-05,-11.636,130.733,69,9.3,N
2019-09-05,-28.11,153.1305,100,27.2,N
2019-09-06,-12.6623,142.3081,83,48.4,D
2019-09-06,-16.1641,144.4306,86,30.3,D
2019-09-06,-17.2427,145.0591,69,10.0,D
2019-09-06,-17.1525,142.9509,100,138.3,D
2019-09-06,-21.4332,148.3971,94,64.0,D
2019-09-06,-25.9174,150.8717,100,256.4,D
2019-09-06,-30.1049,152.2284,68,62.2,D
2019-09-06,-14.0785,130.8209,86,139.8,D
2019-09-06,-14.5656,126.5784,96,95.6,D
2019-09-06,-23.5603,129.302,66,47.0,D
2019-09-06,-30.1712,152.201,100,539.6,D
2019-09-06,-29.708,152.4598,82,78.3,D
2019-09-06,-27.496,150.8497,77,68.5,D
2019-09-06,-25.9511,150.8997,100,1028.5,D
2019-09-06,-25.7335,149.3844,87,141.4,D
2019-09-06,-19.4003,146.4657,70,83.4,D
2019-09-06,-17.2182,125.3826,70,35.5,D
2019-09-06,-14.0414,130.8146,100,75.9,D
2019-09-06,-14.5405,126.8482,61,24.2,D
2019-09-06,-12.8751,136.039,68,32.7,D
2019-09-06,-13.0068,130.9084,99,63.1,D
2019-09-06,-13.1726,130.8425,89,36.1,D
2019-09-06,-12.1114,134.4323,73,27.1,D
2019-09-06,-31.7684,151.8977,100,22.0,N
2019-09-06,-29.717,152.4771,89,22.9,N
2019-09-06,-29.0806,152.3616,89,23.2,N
2019-09-06,-29.1012,152.0346,60,29.6,N
2019-09-06,-29.0169,152.4132,100,24.2,N
2019-09-06,-29.0131,152.3846,100,117.7,N
2019-09-06,-28.9981,152.3602,100,465.8,N
2019-09-06,-28.9862,152.3148,94,30.1,N
2019-09-06,-28.4407,152.3313,100,27.6,N
2019-09-06,-26.2646,150.9881,100,31.6,N
2019-09-06,-25.9606,150.8639,91,24.0,N
2019-09-06,-25.875,150.8831,100,29.4,N
2019-09-06,-22.7453,150.6472,100,30.4,N
2019-09-06,-17.2123,145.103,52,16.9,N
2019-09-06,-30.1609,152.3537,100,242.0,N
2019-09-06,-25.9669,129.3651,100,35.5,N
2019-09-06,-16.1264,144.4276,96,17.7,N
2019-09-06,-22.744,150.645,91,70.4,N
2019-09-06,-29.0224,152.4364,100,388.4,N
2019-09-06,-30.1964,152.4525,100,446.1,N
2019-09-06,-25.8841,150.8766,64,44.5,D
2019-09-06,-29.0084,152.3895,100,170.4,D
2019-09-06,-29.5539,153.204,82,32.7,D
2019-09-06,-30.1487,152.1638,71,66.1,D
2019-09-06,-30.2827,152.2541,92,81.9,D
2019-09-07,-12.806,142.772,62,28.8,D
2019-09-07,-13.2675,130.7521,86,83.7,D
2019-09-07,-16.1237,144.4341,66,61.3,D
2019-09-07,-17.4105,145.1384,85,187.0,D
2019-09-07,-32.7954,150.8895,91,43.7,D
2019-09-07,-30.3235,152.259,54,27.9,D
2019-09-07,-29.0189,152.4344,56,35.1,D
2019-09-07,-28.978,152.3898,79,117.3,D
2019-09-07,-30.2453,152.4849,78,50.6,D
2019-09-07,-30.192,152.4872,51,50.5,D
2019-09-07,-30.1081,152.2056,79,41.6,D
2019-09-07,-29.7381,152.4932,67,38.5,D
2019-09-07,-29.1012,152.3747,95,81.4,D
2019-09-07,-29.0323,152.4816,100,288.7,D
2019-09-07,-28.6301,151.8929,52,24.2,D
2019-09-07,-26.3565,150.7027,88,43.8,D
2019-09-07,-26.4226,150.9895,74,19.7,D
2019-09-07,-22.7578,150.6404,92,71.4,D
2019-09-07,-17.7923,145.4645,79,21.7,D
2019-09-07,-18.0839,144.6986,74,16.6,D
2019-09-07,-17.2322,145.0711,84,24.2,D
2019-09-07,-17.1937,143.0057,81,29.2,D
2019-09-07,-16.1112,144.4188,100,97.0,D
2019-09-07,-14.5028,144.2923,100,142.0,D
2019-09-07,-12.8256,143.0042,64,11.3,D
2019-09-07,-13.8372,134.1806,87,215.6,D
2019-09-07,-12.5235,142.2688,74,19.9,D
2019-09-07,-11.0865,142.5025,59,15.9,D
2019-09-07,-17.082,125.2481,72,30.3,D
2019-09-07,-14.5858,126.8158,80,40.8,D
2019-09-07,-29.5564,153.2372,96,175.8,N
2019-09-07,-17.1614,143.0862,97,33.0,N
2019-09-07,-12.5166,134.0421,82,12.7,N
2019-09-07,-26.8187,152.4218,52,9.4,N
2019-09-07,-28.9948,152.5316,53,23.2,N
2019-09-07,-28.1644,153.1659,78,12.1,N
2019-09-07,-29.0338,152.5349,100,62.1,N
2019-09-07,-29.0901,152.4277,69,42.4,N
2019-09-07,-29.5664,153.2167,56,11.0,N
2019-09-07,-30.1455,152.3199,100,45.0,N
2019-09-07,-30.2225,152.6371,86,15.1,N
2019-09-07,-30.273,152.5369,83,30.5,N
2019-09-07,-12.514,134.048,74,8.0,N
2019-09-07,-17.1039,143.1187,87,111.6,N
2019-09-08,-16.2172,144.6734,82,42.4,D
2019-09-08,-17.0902,143.0319,75,84.9,D
2019-09-08,-22.6535,150.5013,56,11.1,D
2019-09-08,-26.4217,150.9984,58,8.8,D
2019-09-08,-28.6105,151.8921,74,25.6,D
2019-09-08,-29.0403,152.5235,76,41.5,D
2019-09-08,-30.2351,152.559,61,61.3,D
2019-09-08,-13.2432,130.8486,81,53.2,D
2019-09-08,-14.0955,130.7158,68,37.1,D
2019-09-08,-14.6958,126.5809,100,105.7,D
2019-09-08,-30.076,152.2579,91,242.1,D
2019-09-08,-29.1141,152.3862,58,152.6,D
2019-09-08,-31.8005,148.4882,71,47.1,D
2019-09-08,-17.1988,143.1087,87,137.6,D
2019-09-08,-17.0383,142.9823,97,245.8,D
2019-09-08,-17.1554,125.3586,73,96.0,D
2019-09-08,-16.2136,136.5731,100,132.0,D
2019-09-08,-16.0252,136.3746,70,20.6,D
2019-09-08,-13.8159,134.2023,75,23.8,D
2019-09-08,-14.5882,126.5965,63,44.9,D
2019-09-08,-13.9913,130.7596,87,44.4,D
2019-09-08,-12.8279,132.7372,81,23.9,D
2019-09-08,-13.1923,130.718,100,141.5,D
2019-09-08,-12.9584,130.8618,74,17.5,D
2019-09-08,-13.0055,130.2781,95,85.2,D
2019-09-08,-12.2407,134.9035,70,11.2,D
2019-09-08,-11.6495,130.751,100,496.3,D
2019-09-08,-11.0908,132.5469,91,33.3,D
2019-09-08,-32.2047,115.9305,75,15.3,D
2019-09-08,-30.2069,152.6159,100,54.4,N
2019-09-08,-30.1353,152.3004,57,10.6,N
2019-09-08,-29.7255,152.4212,100,30.7,N
2019-09-08,-29.0843,152.3148,65,14.8,N
2019-09-08,-29.0397,152.5125,100,37.9,N
2019-09-08,-28.95,152.4237,100,134.4,N
2019-09-08,-28.9572,152.3677,100,43.0,N
2019-09-08,-22.5323,150.2711,68,11.2,N
2019-09-08,-16.9477,142.9841,100,99.9,N
2019-09-08,-12.7997,132.0886,57,13.8,N
2019-09-08,-17.0775,143.0971,100,60.7,N
2019-09-08,-19.3588,146.4998,95,16.1,N
2019-09-08,-16.9898,142.8653,100,279.5,N
2019-09-08,-16.9229,142.8957,100,67.4,N
2019-09-08,-29.1156,152.3835,82,57.6,N
2019-09-08,-28.9523,152.3963,92,172.8,D
2019-09-08,-29.1258,152.3674,71,73.5,D
2019-09-08,-30.2931,152.2368,92,161.1,D
2019-09-09,-12.2183,136.799,63,9.1,D
2019-09-09,-12.9181,136.0577,66,12.5,D
2019-09-09,-15.9532,144.4125,88,80.7,D
2019-09-09,-15.9551,144.4282,86,73.9,D
2019-09-09,-16.5641,139.2341,76,11.2,D
2019-09-09,-16.8247,138.6921,76,16.0,D
2019-09-09,-16.033,136.6811,50,7.4,D
2019-09-09,-19.5656,144.0328,97,160.9,D
2019-09-09,-30.2351,152.5246,57,15.8,D
2019-09-09,-30.0546,152.2498,80,30.0,D
2019-09-09,-30.1271,152.377,94,462.9,D
2019-09-09,-30.0879,152.2134,81,29.8,D
2019-09-09,-29.7191,152.4064,82,32.6,D
2019-09-09,-29.5197,153.3373,94,1195.6,D
2019-09-09,-26.2243,150.8982,91,41.9,D
2019-09-09,-29.0791,152.49,100,161.8,D
2019-09-09,-29.0645,152.4697,78,24.2,D
2019-09-09,-29.0008,152.4569,98,73.8,D
2019-09-09,-28.9596,152.4971,99,76.9,D
2019-09-09,-28.9513,152.3656,100,91.4,D
2019-09-09,-28.4423,147.5722,66,11.7,D
2019-09-09,-26.5747,152.497,75,15.0,D
2019-09-09,-25.9341,150.9293,69,11.6,D
2019-09-09,-22.6438,150.6616,100,97.2,D
2019-09-09,-22.5288,150.2573,75,17.2,D
2019-09-09,-19.4165,147.0234,68,36.9,D
2019-09-09,-19.5194,143.9974,100,207.7,D
2019-09-09,-17.0087,143.0838,71,47.8,D
2019-09-09,-16.8634,142.7759,82,52.3,D
2019-09-09,-15.513,142.113,84,54.1,D
2019-09-09,-13.1815,142.8489,70,38.4,D
2019-09-09,-12.7778,142.0366,74,28.4,D
2019-09-09,-12.3512,141.9006,87,63.5,D
2019-09-09,-21.1002,118.8875,72,33.6,D
2019-09-09,-14.902,133.4385,62,68.9,D
2019-09-09,-12.9583,130.3137,81,109.6,D
2019-09-09,-30.0885,152.3808,100,115.0,N
2019-09-09,-28.9568,152.2896,61,40.8,N
2019-09-09,-22.6217,150.648,100,223.9,N
2019-09-09,-19.5483,143.9585,95,25.3,N
2019-09-09,-17.2444,145.1191,69,21.3,N
2019-09-09,-15.4899,142.1906,100,38.4,N
2019-09-09,-12.9173,141.6688,100,28.1,N
2019-09-09,-22.6077,150.6635,100,121.2,N
2019-09-09,-28.9183,152.4433,100,56.7,N
2019-09-09,-29.0641,152.4775,100,61.0,N
2019-09-09,-30.1829,152.5686,74,35.0,N
2019-09-09,-13.9616,130.7198,84,23.6,N
2019-09-09,-14.4315,126.7917,100,218.8,N
2019-09-10,-16.8601,142.8424,59,36.7,D
2019-09-10,-22.6612,150.7035,95,56.3,D
2019-09-10,-22.6205,149.3909,71,21.1,D
2019-09-10,-27.238,152.4309,91,44.6,D
2019-09-10,-30.1906,152.6087,73,56.9,D
2019-09-10,-28.9048,152.417,91,49.7,D
2019-09-10,-29.0609,152.511,50,26.8,D
2019-09-10,-34.9536,145.7979,84,27.0,D
2019-09-10,-11.4329,130.8336,76,14.7,D
2019-09-10,-11.7257,130.5579,96,60.9,D
2019-09-10,-12.2042,133.0496,82,31.0,D
2019-09-10,-13.2692,130.8907,88,36.7,D
2019-09-10,-12.9464,134.8004,63,29.3,D
2019-09-10,-13.5394,130.3791,65,9.7,D
2019-09-10,-14.13,130.7226,58,11.6,D
2019-09-10,-14.0676,129.8961,98,70.8,D
2019-09-10,-15.4068,135.3429,61,32.6,D
2019-09-10,-14.5736,126.6946,84,26.8,D
2019-09-10,-17.1003,125.2066,73,18.9,D
2019-09-10,-35.556,145.9179,69,10.6,D
2019-09-10,-30.5002,148.7117,69,37.1,D
2019-09-10,-19.5242,143.9592,82,47.1,D
2019-09-10,-17.2889,142.6363,85,47.5,D
2019-09-10,-15.9428,144.4517,82,84.6,D
2019-09-10,-15.5557,141.7782,82,35.3,D
2019-09-10,-15.6852,136.075,72,23.6,D
2019-09-10,-14.2896,135.4865,63,10.7,D
2019-09-10,-12.8098,141.8051,83,48.5,D
2019-09-10,-12.4115,141.9313,68,18.4,D
2019-09-10,-13.9136,130.6943,70,37.5,D
2019-09-10,-12.6002,136.5886,88,32.0,D
2019-09-10,-11.6168,130.7644,76,53.1,D
2019-09-10,-11.6284,132.8083,96,81.4,D
2019-09-10,-13.2477,130.7296,50,31.7,D
2019-09-10,-12.1181,136.3581,66,10.8,D
2019-09-10,-12.3079,134.935,64,15.0,D
2019-09-10,-11.0241,142.5782,97,181.6,D
2019-09-10,-12.1934,134.2856,89,40.9,D
2019-09-10,-33.4707,120.7368,60,11.8,D
2019-09-10,-23.4378,114.2043,100,103.1,D
2019-09-10,-30.0894,152.1399,54,29.0,N
2019-09-10,-24.504,151.7679,71,23.0,N
2019-09-10,-14.1453,130.7223,57,6.6,N
2019-09-10,-14.4275,126.816,50,10.9,N
2019-09-10,-12.2215,133.0952,54,8.3,N
2019-09-10,-22.4837,150.6333,55,18.3,N
2019-09-10,-28.9632,152.2628,90,35.7,N
2019-09-10,-13.3871,131.1007,53,12.9,N
2019-09-10,-14.4289,126.8287,100,32.4,N
2019-09-11,-10.7964,142.4182,72,12.8,D
2019-09-11,-12.7297,142.0434,89,34.7,D
2019-09-11,-15.9623,144.4828,64,15.9,D
2019-09-11,-12.4767,133.9415,92,247.8,D
2019-09-11,-15.3078,144.1928,90,43.1,D
2019-09-11,-15.6734,136.0464,89,96.4,D
2019-09-11,-16.1775,136.5927,72,50.6,D
2019-09-11,-27.3281,148.3918,100,376.8,D
2019-09-11,-35.7952,140.224,56,4.5,D
2019-09-11,-32.9857,146.4378,61,31.3,D
2019-09-11,-30.0929,152.3509,64,35.9,D
2019-09-11,-29.6672,152.4416,84,33.1,D
2019-09-11,-28.9205,152.4452,60,16.0,D
2019-09-11,-22.5659,150.6128,67,19.8,D
2019-09-11,-22.484,150.232,51,13.1,D
2019-09-11,-15.169,141.8702,65,58.3,D
2019-09-11,-12.1591,141.8392,66,40.2,D
2019-09-11,-20.4763,119.0184,74,75.4,D
2019-09-11,-17.2944,125.4585,96,59.7,D
2019-09-11,-14.1654,129.8695,100,416.3,D
2019-09-11,-14.0383,129.8935,90,63.8,D
2019-09-11,-14.0646,129.7961,56,23.9,D
2019-09-11,-13.7891,130.701,53,14.2,D
2019-09-11,-13.6182,130.1055,63,35.0,D
2019-09-11,-12.3672,134.8448,59,50.3,D
2019-09-11,-11.3926,132.4087,95,182.2,D
2019-09-11,-12.3025,131.1292,53,13.8,D
2019-09-11,-27.0755,149.7966,92,24.7,N
2019-09-11,-17.3605,142.7277,95,15.5,N
2019-09-11,-12.7399,143.3087,88,19.6,N
2019-09-11,-21.1082,118.7504,75,10.2,N
2019-09-11,-13.3006,130.8503,50,38.7,N
2019-09-11,-29.0727,152.5045,88,30.8,D
2019-09-11,-27.612,148.9672,93,78.9,D
2019-09-12,-30.0796,152.401,55,15.6,D
2019-09-12,-32.637,147.6608,76,19.4,D
2019-09-12,-11.6067,132.8037,92,42.6,D
2019-09-12,-11.5786,130.7626,65,16.7,D
2019-09-12,-12.1278,132.9054,51,13.8,D
2019-09-12,-14.6595,132.6631,59,15.8,D
2019-09-12,-14.1729,129.8402,100,164.3,D
2019-09-12,-12.5984,132.7866,100,103.6,D
2019-09-12,-13.2874,130.918,70,12.2,D
2019-09-12,-13.898,130.6917,80,20.7,D
2019-09-12,-14.02,129.9187,88,40.1,D
2019-09-12,-15.7033,136.0251,83,45.4,D
2019-09-12,-26.2963,130.1366,87,30.3,D
2019-09-12,-30.1455,152.3798,81,89.5,D
2019-09-12,-30.0768,152.3279,56,34.7,D
2019-09-12,-29.8187,152.1003,100,2701.4,D
2019-09-12,-29.0925,152.2865,63,50.4,D
2019-09-12,-28.6819,148.1543,82,35.3,D
2019-09-12,-17.9436,145.4873,69,37.9,D
2019-09-12,-15.6272,135.9815,100,177.9,D
2019-09-12,-12.19,134.7222,64,78.9,D
2019-09-12,-15.1122,135.0577,70,48.3,D
2019-09-12,-12.75,142.0705,81,20.7,D
2019-09-12,-13.7932,130.6692,65,55.3,D
2019-09-12,-12.5317,136.7037,78,26.9,D
2019-09-12,-11.3765,132.4728,79,76.0,D
2019-09-12,-33.7268,121.4818,78,17.6,D
2019-09-12,-27.9282,123.1841,85,45.2,D
2019-09-12,-28.9337,152.3099,88,58.4,N
2019-09-12,-14.7728,126.4814,58,26.4,N
2019-09-12,-13.8604,130.7231,60,6.0,N
2019-09-12,-13.3184,130.868,100,29.7,N
2019-09-12,-29.7801,152.067,100,48.9,N
2019-09-12,-29.8333,152.0762,91,19.2,N
2019-09-12,-12.4925,132.7424,71,13.0,N
2019-09-12,-15.3757,135.2673,58,26.4,N
2019-09-12,-14.7548,126.4461,77,10.4,N
2019-09-13,-11.8264,142.6937,71,25.1,D
2019-09-13,-15.7842,142.2092,79,53.3,D
2019-09-13,-17.9392,145.5055,79,19.6,D
2019-09-13,-27.4911,150.0053,70,34.4,D
2019-09-13,-30.4156,148.5402,66,15.9,D
2019-09-13,-11.368,132.4756,75,161.9,D
2019-09-13,-13.9778,130.6928,63,38.9,D
2019-09-13,-14.7428,126.486,59,90.2,D
2019-09-13,-17.3121,125.4605,55,18.7,D
2019-09-13,-33.8154,122.7036,88,83.4,D
2019-09-13,-29.7942,152.1825,100,637.0,D
2019-09-13,-28.9298,152.4293,85,58.6,D
2019-09-13,-30.0782,152.4172,89,80.3,D
2019-09-13,-26.642,147.8097,71,50.7,D
2019-09-13,-29.3987,130.2735,98,69.1,D
2019-09-13,-26.3417,130.008,100,151.3,D
2019-09-13,-15.4471,135.243,52,34.7,D
2019-09-13,-14.7598,126.4313,68,15.9,D
2019-09-13,-14.1179,129.8435,54,18.9,D
2019-09-13,-14.4822,126.904,59,26.1,D
2019-09-13,-12.1795,132.8803,77,20.9,D
2019-09-13,-12.9184,134.765,86,68.2,D
2019-09-13,-13.3927,130.8345,66,17.4,D
2019-09-13,-12.5267,131.0945,55,30.8,D
2019-09-13,-12.6639,131.277,84,22.3,D
2019-09-13,-14.6326,129.9062,55,9.9,D
2019-09-13,-11.3599,132.4465,64,36.4,D
2019-09-13,-11.6665,130.7872,61,16.6,D
2019-09-13,-30.2945,115.1108,54,41.8,D
2019-09-13,-28.9256,152.2884,100,29.1,N
2019-09-13,-29.8263,152.1206,59,28.1,N
2019-09-13,-27.5425,147.182,71,12.3,N
2019-09-13,-14.4333,126.9195,100,117.7,N
2019-09-13,-14.3472,126.8269,78,35.0,N
2019-09-13,-26.1136,153.061,72,22.9,D
2019-09-13,-28.9347,152.3073,81,28.6,D
2019-09-13,-29.8103,152.1422,100,219.4,D
2019-09-13,-30.0493,152.3327,94,74.2,D
2019-09-13,-30.2378,152.1779,84,32.4,D
2019-09-14,-12.2409,132.8791,64,19.0,D
2019-09-14,-11.3635,132.3871,89,37.1,D
2019-09-14,-11.6182,133.0862,77,19.1,D
2019-09-14,-12.2508,134.739,100,76.7,D
2019-09-14,-13.0316,130.3752,99,152.0,D
2019-09-14,-13.3375,130.8361,82,37.3,D
2019-09-14,-13.9127,130.6795,63,15.0,D
2019-09-14,-14.1877,130.7601,89,65.1,D
2019-09-14,-15.1789,131.644,80,27.2,D
2019-09-14,-26.3569,129.9437,61,11.2,D
2019-09-14,-31.5899,151.7316,92,74.5,D
2019-09-14,-31.2238,152.7055,72,30.3,D
2019-09-14,-28.6472,152.6523,91,101.2,D
2019-09-14,-30.0519,152.4016,94,105.6,D
2019-09-14,-29.8383,152.1085,88,64.2,D
2019-09-14,-30.1974,152.6812,85,67.9,D
2019-09-14,-29.7649,152.0709,89,85.9,D
2019-09-14,-25.5198,150.4511,88,62.7,D
2019-09-14,-27.3264,148.4455,93,50.9,D
2019-09-14,-19.4351,143.9674,78,18.0,D
2019-09-14,-15.4248,135.1179,100,392.3,D
2019-09-14,-15.3653,144.1926,54,15.5,D
2019-09-14,-12.7281,143.102,96,60.4,D
2019-09-14,-11.0202,142.3778,64,15.7,D
2019-09-14,-12.3994,132.8193,52,62.3,D
2019-09-14,-12.0959,132.804,57,71.2,D
2019-09-14,-21.4852,119.4655,94,45.9,D
2019-09-14,-15.9391,144.4749,54,32.0,N
2019-09-14,-13.5924,130.1503,52,13.1,N
2019-09-14,-13.6042,130.1518,58,14.8,N
2019-09-14,-14.8103,130.0772,72,16.3,N
2019-09-14,-29.7336,152.1016,88,23.3,N
2019-09-14,-20.7754,115.444,94,21.2,N
2019-09-14,-12.8216,130.5657,100,37.9,N
2019-09-14,-15.6116,131.298,100,19.7,N
2019-09-15,-12.8454,143.0255,55,21.5,D
2019-09-15,-14.5741,144.2688,85,42.0,D
2019-09-15,-28.8982,152.309,51,54.8,D
2019-09-15,-12.8287,130.5977,61,56.0,D
2019-09-15,-11.4261,132.4306,64,51.8,D
2019-09-15,-14.3648,133.0593,63,70.1,D
2019-09-15,-15.6004,131.2763,73,51.9,D
2019-09-15,-17.2895,125.5044,77,21.8,D
2019-09-15,-26.4251,130.152,81,138.9,D
2019-09-15,-28.4407,122.6305,52,12.7,D
2019-09-15,-26.2704,130.0102,100,196.6,D
2019-09-15,-16.1526,136.6128,75,26.7,D
2019-09-15,-15.7744,130.5611,61,12.7,D
2019-09-15,-15.6254,131.2063,100,136.3,D
2019-09-15,-13.435,130.8388,86,27.8,D
2019-09-15,-12.4197,134.1078,94,81.5,D
2019-09-15,-14.3661,133.0302,100,70.4,D
2019-09-15,-14.1579,129.9887,70,26.7,D
2019-09-15,-13.4295,131.1507,79,20.4,D
2019-09-15,-13.0511,130.3511,80,34.8,D
2019-09-15,-12.8379,130.5,94,55.3,D
2019-09-15,-12.7995,130.5288,100,227.1,D
2019-09-15,-12.5688,131.1892,97,56.2,D
2019-09-15,-11.4204,132.413,76,20.0,D
2019-09-15,-11.327,132.3547,70,19.4,D
2019-09-15,-14.1343,132.7299,55,15.5,D
2019-09-15,-31.5892,151.7345,52,8.0,N
2019-09-15,-29.8335,152.1343,99,19.2,N
2019-09-15,-29.7293,152.0876,98,29.3,N
2019-09-15,-28.9468,152.4419,63,8.2,N
2019-09-15,-27.0747,149.7982,100,35.0,N
2019-09-15,-28.3932,122.5997,100,53.7,N
2019-09-15,-14.8243,130.0999,100,170.3,N
2019-09-15,-12.8524,130.4917,65,18.7,N
2019-09-15,-28.3718,122.5055,100,61.3,N
2019-09-15,-29.8394,152.1481,94,145.0,D
2019-09-16,-12.496,130.7053,71,47.0,D
2019-09-16,-16.5197,139.3883,62,6.5,D
2019-09-16,-16.3267,133.7909,76,36.2,D
2019-09-16,-31.7333,151.901,69,16.7,D
2019-09-16,-30.037,152.3489,99,87.0,D
2019-09-16,-30.05,152.3291,92,50.8,D
2019-09-16,-29.8472,152.1744,62,21.7,D
2019-09-16,-29.7714,152.4049,61,17.9,D
2019-09-16,-29.7453,152.109,100,96.4,D
2019-09-16,-29.6692,152.4008,63,18.7,D
2019-09-16,-29.0966,152.3354,79,29.6,D
2019-09-16,-28.9087,152.3548,100,2056.7,D
2019-09-16,-25.5203,150.4752,92,47.3,D
2019-09-16,-17.1955,143.2231,93,64.1,D
2019-09-16,-14.6183,141.6389,100,149.9,D
2019-09-16,-16.4829,142.0616,73,24.6,D
2019-09-16,-17.3004,125.5152,81,33.8,D
2019-09-16,-28.8779,152.2975,100,117.7,N
2019-09-16,-28.8885,152.3493,50,33.3,N
2019-09-16,-29.7164,152.3752,80,15.7,N
2019-09-16,-30.0875,152.4398,75,16.3,N
2019-09-16,-15.65,131.3204,66,8.3,N
2019-09-17,-26.1291,153.0639,57,15.5,D
2019-09-17,-32.0853,145.5609,61,6.1,D
2019-09-17,-12.1663,133.1007,54,25.6,D
2019-09-17,-12.8793,130.4788,100,222.6,D
2019-09-17,-14.3271,135.4349,88,171.0,D
2019-09-17,-16.2455,136.1869,64,61.3,D
2019-09-17,-26.2679,129.8575,65,55.3,D
2019-09-17,-19.0107,144.6977,54,32.1,D
2019-09-17,-12.7336,141.8529,56,32.6,D
2019-09-17,-16.0632,136.2965,84,26.3,D
2019-09-17,-16.3029,133.7039,100,97.8,D
2019-09-17,-16.2525,136.1954,91,39.0,D
2019-09-17,-13.0493,141.9267,61,42.0,D
2019-09-17,-12.6952,135.7917,85,40.4,D
2019-09-17,-12.3946,134.8162,70,23.4,D
2019-09-17,-12.1557,133.092,58,14.4,D
2019-09-17,-11.5654,130.7909,64,29.0,D
2019-09-17,-20.5999,116.7802,76,24.0,D
2019-09-17,-12.7462,130.5388,66,7.9,N
2019-09-18,-11.0544,142.353,87,25.6,D
2019-09-18,-12.3349,141.7914,83,21.1,D
2019-09-18,-12.0388,133.1548,50,58.9,D
2019-09-18,-16.3515,133.7198,61,32.5,D
2019-09-18,-28.5538,149.8459,72,14.4,D
2019-09-18,-26.2774,150.8645,60,10.6,D
2019-09-18,-22.4418,150.5937,79,31.2,D
2019-09-18,-12.6699,143.0754,90,102.5,D
2019-09-18,-13.0297,141.9347,86,95.3,D
2019-09-18,-11.8334,142.59,80,48.4,D
2019-09-18,-26.0963,125.5131,61,10.8,D
2019-09-18,-13.9714,132.8093,97,279.8,D
2019-09-18,-13.0558,130.4123,86,81.3,D
2019-09-18,-11.3231,132.3787,53,45.3,D
2019-09-18,-17.2442,143.2345,86,10.8,N
2019-09-18,-12.6269,142.5277,81,9.7,N
2019-09-18,-16.2089,136.0903,90,14.5,N
2019-09-19,-29.0885,152.3485,61,8.2,D
2019-09-19,-32.0697,146.1398,66,17.4,D
2019-09-19,-33.9162,143.2322,66,23.7,D
2019-09-19,-42.6264,145.5722,50,26.1,D
2019-09-19,-37.3898,140.4825,73,16.9,D
2019-09-19,-26.4477,147.2022,80,39.6,D
2019-09-19,-21.7072,134.5181,100,343.2,D
2019-09-19,-16.0105,136.097,87,40.3,D
2019-09-19,-12.1736,141.857,84,37.4,D
2019-09-19,-11.7738,142.6946,50,14.3,D
2019-09-19,-14.3707,135.4127,96,79.0,D
2019-09-19,-12.611,142.5027,86,45.7,D
2019-09-19,-12.0869,133.0163,60,21.0,D
2019-09-19,-11.0201,142.2946,81,30.2,D
2019-09-19,-23.9784,151.3235,78,29.6,N
2019-09-19,-12.9013,130.5849,68,7.4,N
2019-09-19,-27.0312,148.1663,80,12.6,N
2019-09-20,-15.967,144.5463,86,27.7,D
2019-09-20,-26.432,147.1957,85,56.2,D
2019-09-20,-16.7865,122.7859,56,16.0,D
2019-09-20,-27.3439,152.2104,90,54.6,D
2019-09-20,-21.8205,134.5666,100,209.3,D
2019-09-20,-21.8293,134.5136,54,19.0,D
2019-09-20,-21.7877,134.5533,95,92.8,D
2019-09-20,-21.9191,134.5922,100,297.7,D
2019-09-20,-21.8939,134.6034,71,42.7,D
2019-09-20,-21.8599,134.607,96,95.8,D
2019-09-20,-12.5448,130.661,78,31.3,D
2019-09-20,-13.4688,132.2252,76,27.2,D
2019-09-20,-11.6694,130.302,82,29.8,D
2019-09-20,-14.3321,143.6429,100,20.5,N
2019-09-20,-27.4282,153.4489,61,21.1,D
2019-09-21,-12.5298,130.6538,67,17.8,D
2019-09-21,-17.6489,128.8061,77,26.6,D
2019-09-21,-17.2035,143.2972,79,16.8,D
2019-09-21,-16.3681,136.0456,68,67.4,D
2019-09-21,-12.0272,142.7705,81,20.2,D
2019-09-21,-11.8435,133.3677,76,58.7,D
2019-09-21,-16.8003,122.8075,88,97.3,D
2019-09-21,-13.9231,132.811,61,5.5,N
2019-09-21,-29.6628,152.3535,61,10.0,N
2019-09-22,-29.9149,152.1922,90,157.1,D
2019-09-22,-17.0753,122.4089,100,89.9,D
2019-09-22,-29.8659,152.0009,71,52.4,D
2019-09-22,-16.3882,136.0015,93,87.7,D
2019-09-22,-13.9928,132.8975,50,21.3,D
2019-09-22,-11.5836,132.7992,77,17.2,D
2019-09-22,-27.9311,152.3004,85,13.2,N
2019-09-22,-11.7469,142.4053,94,33.6,N
2019-09-22,-16.5033,124.0404,89,10.3,N
2019-09-22,-29.8927,152.2628,66,19.9,D
2019-09-23,-11.7985,142.3991,80,41.8,D
2019-09-23,-12.3279,141.7229,88,56.2,D
2019-09-23,-13.9352,132.8584,77,24.1,D
2019-09-23,-31.3941,151.6919,65,12.0,D
2019-09-23,-29.899,152.149,100,187.7,D
2019-09-23,-29.6604,152.4615,77,30.9,D
2019-09-23,-29.9926,152.2538,98,103.0,D
2019-09-23,-29.2686,149.4088,67,9.7,D
2019-09-23,-14.3556,143.6743,75,15.1,D
2019-09-23,-12.0304,142.7447,68,9.3,D
2019-09-23,-12.0278,142.6947,84,25.7,D
2019-09-23,-11.7443,142.4291,89,29.1,D
2019-09-23,-29.8711,152.1481,87,106.5,N
2019-09-23,-12.7392,130.5941,81,23.6,N
2019-09-23,-29.0956,152.2976,65,11.7,N
2019-09-23,-13.9244,132.8642,61,7.8,N
2019-09-24,-14.3375,143.6756,84,76.8,D
2019-09-24,-27.6077,148.9921,95,57.9,D
2019-09-24,-33.2285,147.3552,70,8.0,D
2019-09-24,-13.928,132.8717,54,32.4,D
2019-09-24,-16.3882,123.9367,74,32.1,D
2019-09-24,-16.6039,124.8812,68,13.0,D
2019-09-24,-32.273,146.968,66,30.1,D
2019-09-24,-16.0619,136.5984,82,23.6,D
2019-09-24,-15.5397,134.924,83,23.8,D
2019-09-24,-13.9301,132.8674,89,33.7,D
2019-09-24,-14.3096,126.896,67,46.4,D
2019-09-24,-13.3634,132.172,100,177.0,D
2019-09-24,-12.1442,133.856,58,8.7,D
2019-09-24,-33.3923,115.9608,72,17.6,D
2019-09-24,-33.3099,122.972,91,160.7,D
2019-09-24,-15.6016,134.9801,54,19.7,N
2019-09-24,-12.6534,142.0805,80,22.4,N
2019-09-25,-11.7737,142.3218,67,23.3,D
2019-09-25,-12.364,141.7403,89,33.6,D
2019-09-25,-15.5643,134.9259,52,14.7,D
2019-09-25,-16.091,136.0914,62,11.2,D
2019-09-25,-27.6075,148.9808,100,105.5,D
2019-09-25,-14.7927,141.9155,70,26.8,D
2019-09-25,-11.8042,142.2896,96,116.4,D
2019-09-25,-33.3641,122.9158,83,34.9,D
2019-09-25,-16.4559,124.1316,86,27.5,D
2019-09-25,-13.352,132.1795,99,413.2,D
2019-09-25,-13.3547,132.3536,97,57.5,N
2019-09-26,-22.4166,150.61,56,12.2,D
2019-09-26,-34.7234,143.1744,52,13.3,D
2019-09-26,-13.3354,132.214,82,30.1,D
2019-09-26,-13.8812,132.8097,54,13.3,D
2019-09-26,-15.5907,134.8639,85,77.6,D
2019-09-26,-32.0746,146.1245,77,32.2,D
2019-09-26,-14.1778,126.5389,53,45.8,D
2019-09-26,-15.6369,134.7844,82,45.8,D
2019-09-26,-12.6384,130.7205,88,81.2,D
2019-09-26,-13.331,132.4004,93,74.5,D
2019-09-26,-31.3574,115.7464,74,28.4,D
2019-09-26,-15.483,130.0781,92,11.6,N
2019-09-26,-16.5553,124.8931,71,10.0,N
2019-09-26,-13.3421,132.2486,54,13.6,N
2019-09-27,-14.313,143.6893,71,13.5,D
2019-09-27,-16.116,136.7237,78,36.9,D
2019-09-27,-31.3866,115.8126,90,42.5,D
2019-09-27,-30.764,152.0917,67,44.1,D
2019-09-27,-30.4953,152.2018,100,233.2,D
2019-09-27,-29.8109,152.4012,51,9.4,D
2019-09-27,-15.9493,144.586,78,61.9,D
2019-09-27,-33.7235,142.9958,78,101.0,D
2019-09-27,-16.4619,124.1125,64,16.1,D
2019-09-27,-13.9169,132.8961,82,75.1,D
2019-09-27,-13.355,132.1088,100,504.8,D
2019-09-27,-12.6241,130.7559,100,199.7,D
2019-09-27,-29.8114,152.3516,100,45.1,N
2019-09-27,-14.2881,143.5654,66,8.4,N
2019-09-27,-29.9886,152.4051,82,41.5,N
2019-09-27,-15.477,126.8815,80,41.9,N
2019-09-27,-29.7205,152.3123,50,7.8,D
2019-09-28,-30.0427,152.4329,54,7.2,D
2019-09-28,-12.0333,136.3995,71,16.0,D
2019-09-28,-13.9068,132.9118,91,41.9,D
2019-09-28,-14.3622,126.9402,53,24.7,D
2019-09-28,-12.9311,130.799,68,12.0,D
2019-09-28,-15.4789,126.8658,80,38.2,D
2019-09-28,-31.7785,145.6178,68,11.4,D
2019-09-28,-30.0128,152.248,62,34.7,D
2019-09-28,-17.1961,143.3796,82,35.8,D
2019-09-28,-17.0865,143.2815,100,88.1,D
2019-09-28,-14.5561,134.5077,85,59.5,D
2019-09-28,-15.5863,134.7291,100,922.8,D
2019-09-28,-13.0806,141.7696,55,12.1,D
2019-09-28,-11.8563,142.2999,94,134.9,D
2019-09-28,-12.6409,135.8066,69,20.5,D
2019-09-28,-12.5562,132.0796,80,90.3,D
2019-09-28,-33.8903,115.6365,68,26.7,D
2019-09-28,-16.844,138.4217,63,12.9,N
2019-09-28,-13.4076,132.3903,100,55.5,N
2019-09-28,-13.8998,132.9184,67,10.1,N
2019-09-29,-13.3171,141.9874,98,107.4,D
2019-09-29,-17.0311,143.2811,96,59.1,D
2019-09-29,-15.554,134.7443,83,212.8,D
2019-09-29,-15.496,126.9528,82,76.9,D
2019-09-29,-16.4328,123.8967,75,34.5,D
2019-09-29,-29.8832,152.2274,78,39.5,D
2019-09-29,-12.0516,142.7454,77,172.2,D
2019-09-29,-15.52,134.7279,100,256.1,D
2019-09-29,-15.5173,135.0851,80,46.4,D
2019-09-29,-13.3981,132.3909,95,55.7,D
2019-09-29,-16.4606,124.172,73,33.3,D
2019-09-29,-13.3487,132.3109,98,90.9,D
2019-09-29,-12.1545,136.3195,68,65.7,D
2019-09-29,-15.4767,126.9014,58,25.9,D
2019-09-29,-33.1308,116.0508,70,57.1,D
2019-09-29,-28.3994,150.5618,53,7.5,N
2019-09-29,-17.1473,143.3886,73,14.6,N
2019-09-29,-12.022,142.8089,73,9.1,N
2019-09-29,-12.9936,141.7351,74,16.0,N
2019-09-29,-11.6786,142.2084,82,9.3,N
2019-09-29,-17.1774,143.392,93,14.1,N
2019-09-30,-12.6009,135.8094,75,18.2,D
2019-09-30,-12.4323,142.1951,88,114.5,D
2019-09-30,-13.3222,132.3516,85,32.1,D
2019-09-30,-15.5407,134.6382,100,826.2,D
2019-09-30,-15.5981,134.5915,97,53.8,D
2019-09-30,-17.0026,143.2604,88,183.6,D
2019-09-30,-15.9508,144.6285,77,149.1,D
2019-09-30,-28.2968,128.4805,81,25.1,D
2019-09-30,-31.4133,148.8968,88,35.3,D
2019-09-30,-26.2032,146.6428,67,10.4,D
2019-09-30,-15.919,144.6195,100,111.0,D
2019-09-30,-16.994,143.2207,99,68.6,D
2019-09-30,-16.0761,136.4033,85,93.5,D
2019-09-30,-15.6722,135.0357,100,760.4,D
2019-09-30,-14.3039,143.7109,61,13.1,D
2019-09-30,-14.288,143.5665,86,26.6,D
2019-09-30,-14.183,132.8088,70,60.2,D
2019-09-30,-12.4359,141.7103,64,19.9,D
2019-09-30,-12.1084,142.2797,72,10.8,D
2019-09-30,-12.1701,136.358,77,51.5,D
2019-09-30,-13.298,141.9848,72,17.4,D
2019-09-30,-32.3524,116.0905,72,46.2,D
2019-09-30,-28.2737,128.3568,100,246.3,D
2019-09-30,-28.0545,131.6591,94,266.2,D
2019-09-30,-28.0717,131.6149,98,49.8,N
2019-09-30,-15.5576,135.0896,77,7.4,N
2019-09-30,-13.292,132.3259,53,6.6,N
2019-09-30,-14.9333,133.917,67,11.1,N
2019-09-30,-28.0557,131.6349,63,7.9,N
2019-10-01,-13.3498,141.9725,80,64.1,D
2019-10-01,-16.9605,143.2654,76,34.6,D
2019-10-01,-18.3175,142.4372,54,23.1,D
2019-10-01,-34.9854,146.807,62,8.2,D
2019-10-01,-12.4165,132.7368,56,33.7,D
2019-10-01,-14.194,132.849,67,51.0,D
2019-10-01,-15.537,126.7455,86,29.5,D
2019-10-01,-16.5083,123.8747,51,13.9,D
2019-10-01,-28.2749,128.3337,83,76.0,D
2019-10-01,-28.3197,128.4998,100,235.9,D
2019-10-01,-15.5029,134.5081,100,231.5,D
2019-10-01,-15.5687,135.0927,55,19.0,D
2019-10-01,-15.5153,134.4894,100,879.8,D
2019-10-01,-15.5246,134.491,89,34.5,D
2019-10-01,-16.751,124.78,83,135.7,D
2019-10-01,-16.6924,124.7743,100,423.3,D
2019-10-01,-15.4895,129.9805,81,39.3,D
2019-10-01,-13.2944,141.9464,91,247.1,D
2019-10-01,-14.1418,131.3963,81,20.0,D
2019-10-01,-14.1211,131.3449,100,391.5,D
2019-10-01,-14.1344,129.832,100,132.1,D
2019-10-01,-13.2838,132.3207,100,96.1,D
2019-10-01,-15.5789,126.6765,100,620.7,D
2019-10-01,-13.0081,132.514,100,308.8,D
2019-10-01,-12.9771,132.5375,98,56.1,D
2019-10-01,-12.4676,132.4979,88,27.0,D
2019-10-01,-12.3779,132.7322,100,94.0,D
2019-10-01,-12.064,134.241,82,33.4,D
2019-10-01,-15.8934,144.5695,64,21.7,N
2019-10-01,-16.8116,124.8599,100,39.5,N
2019-10-01,-16.7678,124.8436,100,28.9,N
2019-10-01,-15.5053,130.0359,79,13.6,N
2019-10-01,-15.5068,127.0054,75,8.1,N
2019-10-01,-13.27,132.2968,83,36.9,N
2019-10-01,-18.2423,142.5095,99,17.6,N
2019-10-01,-18.3279,142.4389,98,18.3,N
2019-10-01,-16.8342,124.8758,88,18.8,N
2019-10-02,-12.4253,134.5098,61,16.1,D
2019-10-02,-13.8698,132.9383,84,52.8,D
2019-10-02,-15.6282,134.478,58,17.6,D
2019-10-02,-16.0475,136.4116,50,8.0,D
2019-10-02,-15.8941,144.5383,85,101.4,D
2019-10-02,-15.4537,134.3507,100,142.1,D
2019-10-02,-28.1178,150.481,78,14.6,D
2019-10-02,-17.0305,143.3544,97,82.3,D
2019-10-02,-16.0547,136.4167,69,47.5,D
2019-10-02,-15.647,131.1518,77,110.2,D
2019-10-02,-15.3024,131.4648,100,583.5,D
2019-10-02,-15.4233,126.9099,100,204.8,D
2019-10-02,-11.8263,130.9275,67,57.9,D
2019-10-02,-15.2093,131.3941,100,115.8,N
2019-10-02,-15.2816,131.3787,100,98.8,N
2019-10-02,-31.62,150.1552,67,18.6,N
2019-10-03,-27.3037,148.0576,78,15.8,D
2019-10-03,-31.6235,150.1469,75,15.8,D
2019-10-03,-12.5438,136.2999,64,74.6,D
2019-10-03,-15.4622,126.9943,100,68.9,D
2019-10-03,-16.5765,124.7945,95,55.4,D
2019-10-03,-15.5292,129.9798,59,21.6,D
2019-10-03,-14.2787,126.8979,100,308.9,D
2019-10-03,-15.523,129.9335,96,70.0,D
2019-10-03,-15.5392,129.9785,100,379.8,D
2019-10-03,-16.6685,124.7318,99,71.6,D
2019-10-03,-28.1945,128.4127,91,67.5,D
2019-10-03,-31.6121,145.9474,69,29.9,D
2019-10-03,-15.7028,134.4882,76,32.5,D
2019-10-03,-15.2728,131.5084,82,44.2,D
2019-10-03,-15.499,126.6013,69,160.4,D
2019-10-03,-15.3923,126.801,96,382.8,D
2019-10-03,-13.8892,132.9786,71,77.9,D
2019-10-03,-14.2709,126.8208,75,187.1,D
2019-10-03,-12.7635,135.8948,100,179.5,D
2019-10-03,-12.7337,135.9091,76,20.2,D
2019-10-03,-11.5988,142.2288,100,335.9,D
2019-10-03,-12.4,136.4254,73,12.0,D
2019-10-03,-12.1185,136.2758,100,118.3,D
2019-10-03,-11.9084,135.8215,61,9.2,D
2019-10-03,-15.5726,129.9725,78,11.4,N
2019-10-03,-15.7182,126.8349,87,11.3,N
2019-10-03,-15.6474,126.818,54,13.8,N
2019-10-03,-15.4575,126.6583,92,12.7,N
2019-10-03,-15.5699,130.0299,100,51.0,N
2019-10-03,-15.6649,131.1208,77,10.9,N
2019-10-03,-26.4686,149.2868,62,11.9,N
2019-10-04,-11.6126,142.2548,85,37.3,D
2019-10-04,-12.6412,141.923,84,22.2,D
2019-10-04,-12.3479,132.6511,85,153.2,D
2019-10-04,-13.2381,132.3249,60,50.2,D
2019-10-04,-16.825,143.0476,76,21.0,D
2019-10-04,-17.2037,143.4397,70,23.7,D
2019-10-04,-22.2979,130.1827,79,97.6,D
2019-10-04,-28.4505,129.5786,82,80.1,D
2019-10-04,-15.689,126.7878,81,179.6,D
2019-10-04,-29.7894,152.3311,98,72.9,D
2019-10-04,-26.2122,146.6663,87,63.8,D
2019-10-04,-28.5735,129.7579,100,193.2,D
2019-10-04,-28.5264,129.7084,100,75.1,D
2019-10-04,-28.4443,129.5865,78,19.7,D
2019-10-04,-28.3742,128.6459,100,186.6,D
2019-10-04,-28.3561,128.6424,74,18.8,D
2019-10-04,-28.3608,128.4853,94,89.7,D
2019-10-04,-15.6447,126.8324,100,98.2,D
2019-10-04,-15.3525,126.7084,81,36.2,D
2019-10-04,-15.69,131.0414,100,242.7,D
2019-10-04,-15.5207,129.7645,92,83.1,D
2019-10-04,-16.5298,123.8244,81,24.5,D
2019-10-04,-15.7097,126.7812,84,44.6,D
2019-10-04,-12.3373,132.6563,75,116.6,D
2019-10-04,-23.8104,148.5844,99,33.1,N
2019-10-04,-15.8524,144.4643,52,6.6,N
2019-10-04,-12.074,142.7542,82,9.9,N
2019-10-04,-14.4843,143.1462,66,6.2,N
2019-10-04,-12.9589,142.994,100,21.5,N
2019-10-04,-11.6058,142.1219,59,4.8,N
2019-10-04,-28.6003,129.7564,81,48.4,N
2019-10-04,-28.4648,128.6923,100,58.1,N
2019-10-04,-28.7011,129.7927,100,244.4,N
2019-10-04,-11.6278,142.2541,66,13.1,N
2019-10-04,-13.0769,132.6194,53,15.4,N
2019-10-04,-15.6693,131.0087,100,87.2,N
2019-10-04,-28.4216,129.5049,69,10.7,N
2019-10-04,-28.6028,129.7425,100,72.1,N
2019-10-04,-28.6618,129.7597,100,76.9,N
2019-10-04,-28.4744,128.6851,100,44.3,N
2019-10-05,-15.8415,144.5412,54,120.0,D
2019-10-05,-27.6171,149.0025,74,20.0,D
2019-10-05,-13.4316,132.4592,67,21.6,D
2019-10-05,-13.8175,132.9477,60,23.6,D
2019-10-05,-14.2432,133.4635,89,75.1,D
2019-10-05,-11.9602,132.7255,100,117.3,D
2019-10-05,-11.9616,132.7356,82,26.3,D
2019-10-05,-12.9536,131.3032,100,68.3,D
2019-10-05,-15.689,131.1393,100,92.1,D
2019-10-05,-15.7064,130.9993,87,31.1,D
2019-10-05,-15.3437,126.7144,61,14.9,D
2019-10-05,-15.6708,126.8377,80,21.5,D
2019-10-05,-28.4764,129.7731,100,217.1,D
2019-10-05,-28.4058,129.5296,83,27.6,D
2019-10-05,-28.3253,128.6241,100,82.5,D
2019-10-05,-28.4939,129.8322,100,141.5,D
2019-10-05,-28.3774,128.7542,57,13.8,D
2019-10-05,-28.5272,129.8462,100,259.4,D
2019-10-05,-28.3791,128.5539,98,61.6,D
2019-10-05,-28.432,128.7341,96,68.0,D
2019-10-05,-28.6448,129.8962,97,77.8,D
2019-10-05,-28.693,129.8705,100,178.9,D
2019-10-05,-42.3876,147.4014,61,4.6,D
2019-10-05,-28.6872,129.9134,89,450.6,D
2019-10-05,-22.3433,144.9826,55,14.8,D
2019-10-05,-16.8577,143.1618,89,47.1,D
2019-10-05,-16.9056,138.877,100,98.5,D
2019-10-05,-15.6829,135.9577,68,18.5,D
2019-10-05,-15.7071,130.9351,93,200.7,D
2019-10-05,-13.7972,132.9254,76,54.9,D
2019-10-05,-11.6331,142.3542,71,29.9,D
2019-10-05,-12.1394,136.4743,85,28.6,D
2019-10-05,-12.4019,136.7783,100,90.7,D
2019-10-05,-12.1053,136.3336,51,8.3,D
2019-10-05,-28.7297,129.8156,78,174.1,D
2019-10-05,-28.4948,128.7831,92,365.9,D
2019-10-05,-28.4588,128.763,100,1509.6,D
2019-10-05,-28.1883,128.4768,53,55.7,D
2019-10-05,-28.4619,128.6323,92,26.4,N
2019-10-05,-28.3559,128.6657,96,31.8,N
2019-10-05,-28.6819,129.9472,100,37.1,N
2019-10-05,-28.4462,129.8427,90,23.2,N
2019-10-05,-28.3973,129.5568,100,49.1,N
2019-10-05,-15.6451,130.9762,100,14.5,N
2019-10-05,-15.6422,129.7276,88,10.9,N
2019-10-05,-14.2388,133.4696,64,10.5,N
2019-10-05,-13.0648,131.2071,87,10.9,N
2019-10-05,-11.961,132.6401,99,20.0,N
2019-10-05,-13.0448,131.214,100,33.9,N
2019-10-05,-16.5069,128.214,66,6.2,N
2019-10-05,-28.3596,129.7,100,117.1,N
2019-10-05,-28.3705,128.5435,78,18.5,N
2019-10-06,-11.9565,142.5827,62,12.0,D
2019-10-06,-11.8138,142.3165,68,12.6,D
2019-10-06,-13.0117,141.7872,51,12.3,D
2019-10-06,-15.9579,144.6524,61,9.5,D
2019-10-06,-16.8008,143.1201,60,9.3,D
2019-10-06,-14.2158,133.4486,59,68.6,D
2019-10-06,-15.9152,144.6779,65,12.7,D
2019-10-06,-18.295,142.5822,66,11.2,D
2019-10-06,-28.6696,129.6959,58,107.1,D
2019-10-06,-21.6827,119.0785,58,10.0,D
2019-10-06,-18.2982,142.5585,59,67.8,D
2019-10-06,-12.9774,142.9747,68,52.5,D
2019-10-06,-28.6896,129.7064,79,26.6,D
2019-10-06,-28.3845,129.5815,95,49.3,D
2019-10-06,-27.6247,127.5199,55,18.4,D
2019-10-06,-15.462,128.8927,73,21.9,D
2019-10-06,-14.2065,133.4378,100,382.8,D
2019-10-06,-13.7807,132.9355,77,65.3,D
2019-10-06,-12.7121,135.8969,63,89.1,D
2019-10-06,-13.0632,132.6261,65,27.1,D
2019-10-06,-12.2865,132.6546,100,259.6,D
2019-10-06,-11.4113,132.5261,53,20.9,D
2019-10-06,-18.3416,142.5822,100,31.5,N
2019-10-06,-17.16,143.4585,66,6.6,N
2019-10-06,-13.3502,141.9085,54,5.0,N
2019-10-06,-11.5642,142.2288,73,7.5,N
2019-10-06,-18.3433,142.5892,67,7.4,N
2019-10-06,-29.7813,152.3397,53,11.1,D
2019-10-07,-11.5484,142.1875,76,66.0,D
2019-10-07,-11.9335,132.7721,78,22.7,D
2019-10-07,-13.1262,136.0694,93,60.4,D
2019-10-07,-15.7834,134.5575,80,23.1,D
2019-10-07,-13.2052,132.6522,78,15.6,D
2019-10-07,-14.1658,133.4123,75,22.1,D
2019-10-07,-29.8005,152.3415,90,105.9,D
2019-10-07,-29.6094,152.3674,94,148.2,D
2019-10-07,-25.316,152.4086,62,60.5,D
2019-10-07,-19.7739,147.1605,83,45.1,D
2019-10-07,-17.2131,143.4669,61,27.4,D
2019-10-07,-15.8087,144.4821,67,15.1,D
2019-10-07,-12.2313,135.402,81,56.8,D
2019-10-07,-14.4911,141.627,88,34.1,D
2019-10-07,-14.162,133.3836,100,903.8,D
2019-10-07,-13.1508,132.7047,100,387.2,D
2019-10-07,-12.5997,136.3064,84,54.6,D
2019-10-07,-12.2476,136.8242,56,15.5,D
2019-10-07,-28.4639,128.87,65,40.5,D
2019-10-07,-29.0794,152.7849,55,31.4,N
2019-10-07,-14.2326,133.3749,100,21.4,N
2019-10-07,-11.8681,131.0044,59,8.7,N
2019-10-07,-29.0747,152.7894,100,24.0,N
2019-10-07,-29.7602,152.3674,100,18.9,N
2019-10-07,-29.9906,152.3181,99,17.4,N
2019-10-07,-15.7112,131.1333,80,7.4,N
2019-10-08,-11.5522,142.1834,89,75.6,D
2019-10-08,-14.2189,143.5947,91,63.6,D
2019-10-08,-15.7983,144.4846,100,96.2,D
2019-10-08,-19.8517,147.5127,88,34.8,D
2019-10-08,-27.3213,148.0327,96,81.1,D
2019-10-08,-29.7654,152.325,65,125.4,D
2019-10-08,-12.6959,132.5431,65,128.3,D
2019-10-08,-16.5814,124.7082,60,13.0,D
2019-10-08,-29.7928,152.4146,89,99.9,D
2019-10-08,-29.7499,152.3201,94,138.8,D
2019-10-08,-29.1055,152.8089,83,106.6,D
2019-10-08,-27.629,149.0033,98,376.0,D
2019-10-08,-28.6329,129.658,72,29.0,D
2019-10-08,-22.8277,142.5419,92,242.9,D
2019-10-08,-15.4306,134.6568,89,45.8,D
2019-10-08,-15.7718,126.8188,100,601.6,D
2019-10-08,-14.2224,133.4841,98,68.7,D
2019-10-08,-12.7792,135.9082,61,26.1,D
2019-10-08,-12.3106,132.7974,92,59.2,D
2019-10-08,-11.9754,132.9201,54,22.9,D
2019-10-08,-11.767,130.9287,55,16.3,D
2019-10-08,-31.5378,151.8002,74,11.0,N
2019-10-08,-29.0758,153.0193,80,17.9,N
2019-10-08,-29.0934,153.0899,71,61.8,N
2019-10-08,-29.6261,152.3647,80,12.2,N
2019-10-08,-29.8128,152.5978,99,18.1,N
2019-10-08,-29.612,152.7083,100,38.5,N
2019-10-08,-29.0943,152.7146,100,40.6,N
2019-10-08,-29.0908,152.5011,68,13.5,N
2019-10-08,-29.018,152.8574,100,125.1,N
2019-10-08,-29.0121,152.8341,100,173.3,N
2019-10-08,-28.1832,152.5252,100,23.9,N
2019-10-08,-29.0482,153.0137,100,56.1,N
2019-10-08,-28.1489,152.3925,89,23.4,N
2019-10-08,-29.0799,152.9316,100,21.9,N
2019-10-08,-29.1002,152.7376,100,152.7,N
2019-10-08,-29.0949,152.6494,53,20.3,N
2019-10-08,-29.0745,152.7214,100,52.0,N
2019-10-08,-29.0275,152.9811,100,88.5,N
2019-10-08,-27.8828,152.3875,71,7.9,N
2019-10-08,-27.856,152.3171,100,27.1,N
2019-10-08,-27.833,152.2317,96,15.8,N
2019-10-08,-25.8553,150.4005,98,17.0,N
2019-10-08,-15.8775,144.6565,89,18.5,N
2019-10-08,-28.6458,129.6244,91,19.8,N
2019-10-08,-15.8516,144.5972,100,58.7,N
2019-10-08,-25.3102,152.4348,94,129.5,D
2019-10-08,-29.0149,152.9353,100,196.5,D
2019-10-08,-29.0628,152.7684,58,27.3,D
2019-10-08,-29.0622,151.9531,100,252.7,D
2019-10-08,-30.4892,148.7183,57,41.7,D
2019-10-09,-12.0713,142.7709,95,144.3,D
2019-10-09,-12.2491,136.8376,59,6.7,D
2019-10-09,-11.9405,132.8872,91,60.4,D
2019-10-09,-12.2722,132.7935,100,126.1,D
2019-10-09,-15.4885,135.1562,56,14.5,D
2019-10-09,-15.8697,144.6223,75,88.3,D
2019-10-09,-16.8144,143.1852,65,72.7,D
2019-10-09,-17.1983,143.5083,94,195.4,D
2019-10-09,-28.6244,129.6844,51,11.9,D
2019-10-09,-30.0548,152.4946,59,34.7,D
2019-10-09,-29.1284,153.0511,89,55.9,D
2019-10-09,-29.168,152.6265,100,158.9,D
2019-10-09,-29.0848,152.7252,61,27.5,D
2019-10-09,-28.9988,152.9292,99,131.8,D
2019-10-09,-27.3103,148.0301,76,15.9,D
2019-10-09,-19.6363,147.2059,79,24.7,D
2019-10-09,-15.7773,144.4373,97,58.7,D
2019-10-09,-14.8856,142.0732,82,27.8,D
2019-10-09,-14.2548,143.6271,54,17.2,D
2019-10-09,-13.6891,143.1393,90,39.3,D
2019-10-09,-17.0465,143.4269,85,35.5,D
2019-10-09,-15.964,144.6787,71,14.5,D
2019-10-09,-12.0525,142.4155,94,49.3,D
2019-10-09,-12.6784,135.4527,75,83.6,D
2019-10-09,-11.6024,142.3517,59,15.3,D
2019-10-09,-12.1239,133.5341,74,176.2,D
2019-10-09,-13.3747,141.859,69,15.6,D
2019-10-09,-12.6821,142.1649,59,11.2,D
2019-10-09,-28.6873,129.6335,78,46.7,D
2019-10-09,-27.6383,127.4604,92,72.2,D
2019-10-09,-15.8211,126.6254,71,65.6,D
2019-10-09,-16.8153,143.2568,50,9.4,N
2019-10-09,-15.7672,126.948,67,50.1,N
2019-10-09,-28.1993,152.4369,100,68.0,N
2019-10-09,-14.2197,133.4972,56,9.0,N
2019-10-09,-28.483,128.8686,59,7.6,N
2019-10-10,-29.9666,152.3021,65,31.1,D
2019-10-10,-36.1375,143.5989,81,17.7,D
2019-10-10,-12.1256,133.529,100,691.9,D
2019-10-10,-14.1391,133.4305,86,120.7,D
2019-10-10,-14.9333,125.7441,100,96.3,D
2019-10-10,-15.7866,126.9597,85,28.8,D
2019-10-10,-15.8012,126.5401,97,56.5,D
2019-10-10,-16.6215,124.0318,100,108.0,D
2019-10-10,-26.4393,126.1384,68,24.4,D
2019-10-10,-28.2306,148.7522,71,164.2,D
2019-10-10,-16.6766,142.9087,50,38.2,D
2019-10-10,-15.5703,129.9385,97,88.6,D
2019-10-10,-16.6074,124.0328,78,156.2,D
2019-10-10,-16.6992,124.0051,82,188.3,D
2019-10-10,-14.2676,136.8474,62,14.6,D
2019-10-10,-14.1091,133.3721,90,37.2,D
2019-10-10,-12.3679,134.7309,88,30.2,D
2019-10-10,-12.3303,131.8235,84,28.9,D
2019-10-10,-14.9318,125.7129,97,286.0,D
2019-10-10,-14.1233,129.8139,100,293.1,D
2019-10-10,-13.0596,136.0612,83,25.5,D
2019-10-10,-12.9215,135.8876,100,102.9,D
2019-10-10,-11.5624,142.3003,95,274.3,D
2019-10-10,-11.5229,142.194,76,83.6,D
2019-10-10,-12.5562,132.9734,98,64.2,D
2019-10-10,-12.1469,133.5297,94,43.5,D
2019-10-10,-11.5418,132.8686,63,9.2,D
2019-10-10,-11.5212,132.8843,68,12.1,D
2019-10-10,-33.4915,115.788,91,44.9,D
2019-10-10,-20.3868,128.789,77,9.3,N
2019-10-10,-13.3093,134.6748,95,80.8,N
2019-10-10,-15.7781,131.1752,56,29.4,N
2019-10-11,-11.5232,142.2493,64,22.0,D
2019-10-11,-11.9827,136.4445,78,17.7,D
2019-10-11,-12.1183,133.5016,83,70.2,D
2019-10-11,-12.6187,133.054,74,53.0,D
2019-10-11,-13.276,134.725,79,34.6,D
2019-10-11,-14.1164,133.4209,54,37.5,D
2019-10-11,-15.5744,129.9417,66,55.4,D
2019-10-11,-28.6172,129.7119,77,35.1,D
2019-10-11,-37.0915,140.1626,68,86.3,D
2019-10-11,-27.3221,148.0171,100,307.1,D
2019-10-11,-17.2625,143.469,97,102.7,D
2019-10-11,-15.7601,144.4685,83,32.6,D
2019-10-11,-12.3429,141.8332,68,23.9,D
2019-10-11,-11.6751,142.3972,76,29.1,D
2019-10-11,-28.5231,128.9101,54,34.7,D
2019-10-11,-28.4853,128.9614,79,43.8,D
2019-10-11,-28.459,128.9135,99,49.0,D
2019-10-11,-27.6944,127.4382,67,26.8,D
2019-10-11,-21.6969,119.0875,72,31.3,D
2019-10-11,-16.6551,123.9067,71,11.8,D
2019-10-11,-16.5759,123.8219,67,13.8,D
2019-10-11,-15.838,126.4626,79,61.0,D
2019-10-11,-15.3156,126.6518,83,26.0,D
2019-10-11,-14.7944,125.5896,100,75.2,D
2019-10-11,-11.9089,132.8634,91,281.3,D
2019-10-11,-11.9392,132.9168,67,90.4,D
2019-10-11,-17.1313,143.4991,100,24.5,N
2019-10-11,-15.7376,142.2389,100,140.9,N
2019-10-11,-12.0798,142.7555,50,7.0,N
2019-10-11,-12.5791,132.9701,83,30.2,N
2019-10-11,-14.1536,133.4945,100,22.0,N
2019-10-12,-23.1692,145.5416,64,23.1,D
2019-10-12,-12.5884,133.0681,51,19.9,D
2019-10-12,-13.3276,134.7084,100,178.9,D
2019-10-12,-14.1782,133.5175,87,61.1,D
2019-10-12,-12.2377,132.7312,90,47.6,D
2019-10-12,-11.7789,131.016,85,27.6,D
2019-10-12,-15.749,134.5742,68,47.5,D
2019-10-12,-15.697,126.9238,74,22.0,D
2019-10-12,-15.8448,126.4023,100,133.5,D
2019-10-12,-25.768,126.805,67,20.3,D
2019-10-12,-27.6423,127.4107,94,48.1,D
2019-10-12,-19.5298,146.454,66,52.2,D
2019-10-12,-16.008,144.3195,58,26.1,D
2019-10-12,-15.92,126.7218,62,91.8,D
2019-10-12,-15.6074,130.9948,51,22.8,D
2019-10-12,-15.7202,126.5624,100,912.2,D
2019-10-12,-14.2109,133.5132,65,22.8,D
2019-10-12,-12.0881,142.7994,95,165.0,D
2019-10-12,-13.274,134.5312,96,60.0,D
2019-10-12,-12.9559,135.8523,100,68.2,D
2019-10-12,-12.9624,135.0058,87,29.5,D
2019-10-12,-12.6501,135.8645,95,51.9,D
2019-10-12,-12.0303,134.1525,91,53.0,D
2019-10-12,-11.9397,132.9068,65,22.9,D
2019-10-12,-12.6663,135.3614,100,68.8,D
2019-10-12,-12.8208,135.8924,87,29.7,D
2019-10-12,-12.4424,136.4291,95,43.5,D
2019-10-12,-12.3325,135.9697,88,28.1,D
2019-10-12,-12.5352,132.9613,100,129.0,D
2019-10-12,-23.0454,118.8198,100,168.9,D
2019-10-12,-13.2035,132.7536,100,82.8,N
2019-10-12,-13.4917,129.8924,100,18.7,N
2019-10-12,-15.7749,131.1986,86,9.0,N
2019-10-12,-12.5464,132.9436,82,18.0,N
2019-10-12,-24.0174,149.0184,100,105.9,N
2019-10-12,-14.1852,133.5254,78,41.1,N
2019-10-12,-23.0388,118.8979,100,42.5,N
2019-10-13,-10.5881,142.2697,73,11.8,D
2019-10-13,-11.9264,142.5949,88,34.7,D
2019-10-13,-12.6797,142.2738,62,17.0,D
2019-10-13,-13.3337,134.6902,79,78.2,D
2019-10-13,-15.7558,142.2771,89,32.2,D
2019-10-13,-15.8857,134.4684,80,89.5,D
2019-10-13,-27.7339,127.3527,89,327.3,D
2019-10-13,-15.6807,126.9089,80,107.0,D
2019-10-13,-15.9562,126.4,75,76.9,D
2019-10-13,-24.0181,149.033,99,95.6,D
2019-10-13,-13.0466,143.3512,62,26.0,D
2019-10-13,-11.2498,142.3085,97,287.7,D
2019-10-13,-28.6543,122.8572,78,60.1,D
2019-10-13,-27.7704,127.4083,86,31.0,D
2019-10-13,-25.8525,126.8743,77,15.5,D
2019-10-13,-16.6013,123.9465,83,24.3,D
2019-10-13,-15.7798,126.5502,68,14.9,D
2019-10-13,-15.6416,135.1302,81,108.0,D
2019-10-13,-15.8564,134.3732,92,185.9,D
2019-10-13,-15.6565,135.1332,80,108.8,D
2019-10-13,-15.2873,126.7075,52,13.8,D
2019-10-13,-13.3438,134.6249,74,131.1,D
2019-10-13,-13.2568,134.6932,57,43.3,D
2019-10-13,-14.188,127.0519,55,22.2,D
2019-10-13,-14.1894,127.0426,84,40.9,D
2019-10-13,-12.0471,133.9161,84,109.7,D
2019-10-13,-14.83,144.9928,70,6.9,N
2019-10-13,-14.1957,142.2302,100,18.7,N
2019-10-13,-28.6194,122.8116,100,99.3,N
2019-10-13,-14.171,133.5401,99,45.5,N
2019-10-13,-28.5963,122.8112,94,134.3,N
2019-10-14,-12.1655,135.5359,80,26.6,D
2019-10-14,-12.1677,135.5415,65,20.0,D
2019-10-14,-11.7607,131.0164,55,16.9,D
2019-10-14,-12.2834,132.9911,97,56.4,D
2019-10-14,-15.8322,134.5405,91,52.0,D
2019-10-14,-13.472,130.573,100,267.7,D
2019-10-14,-14.1426,131.2345,88,32.4,D
2019-10-14,-14.8727,125.8734,96,134.2,D
2019-10-14,-14.2029,127.0856,83,46.0,D
2019-10-14,-12.5833,134.1933,78,21.6,D
2019-10-14,-13.2335,132.7515,81,21.7,D
2019-10-14,-15.8763,131.1891,75,61.4,D
2019-10-14,-16.5872,123.9574,81,74.6,D
2019-10-14,-28.6461,122.8083,100,347.2,D
2019-10-14,-28.6315,122.7942,91,80.2,D
2019-10-14,-28.6719,122.8197,71,59.3,D
2019-10-14,-24.6014,149.0458,67,33.2,D
2019-10-14,-16.7845,143.1143,81,24.0,D
2019-10-14,-15.8725,134.5978,85,65.1,D
2019-10-14,-15.7197,135.1135,50,17.6,D
2019-10-14,-15.8197,131.1863,54,64.6,D
2019-10-14,-14.2291,133.5424,64,37.7,D
2019-10-14,-13.9955,133.2004,68,84.3,D
2019-10-14,-13.373,134.7042,98,126.0,D
2019-10-14,-13.2898,134.5377,95,102.8,D
2019-10-14,-12.0361,141.8921,65,10.0,D
2019-10-14,-12.7163,135.9382,96,87.9,D
2019-10-14,-12.7327,135.3474,100,149.1,D
2019-10-14,-12.6166,135.8732,73,29.5,D
2019-10-14,-11.4921,142.2413,88,36.7,D
2019-10-14,-12.3935,134.1049,98,147.9,D
2019-10-14,-12.0294,134.1499,71,78.7,D
2019-10-14,-11.9637,133.2304,90,110.4,D
2019-10-14,-11.579,132.8653,96,167.4,D
2019-10-14,-27.9478,127.3171,93,181.4,D
2019-10-14,-28.6247,122.892,65,52.7,D
2019-10-14,-17.8287,122.7044,55,36.9,D
2019-10-14,-15.7881,126.4565,53,88.9,D
2019-10-14,-28.0866,125.0652,53,31.1,N
2019-10-14,-14.0958,131.2343,86,11.0,N
2019-10-14,-14.2389,133.6455,87,10.2,N
2019-10-14,-14.1535,133.5383,77,7.9,N
2019-10-14,-14.2128,131.2443,81,8.8,N
2019-10-14,-14.0921,131.1262,82,12.0,N
2019-10-14,-12.0382,133.9085,63,6.6,N
2019-10-14,-14.2222,133.6854,72,23.1,N
2019-10-14,-28.5734,122.7923,83,12.8,N
2019-10-15,-11.521,142.2882,59,17.7,D
2019-10-15,-11.8979,142.5839,100,197.7,D
2019-10-15,-15.0358,145.0867,86,34.2,D
2019-10-15,-24.021,149.1035,57,26.9,D
2019-10-15,-12.4446,132.1994,80,124.4,D
2019-10-15,-14.1477,131.1041,76,141.3,D
2019-10-15,-15.7557,126.7145,51,26.0,D
2019-10-15,-28.6003,122.7504,52,26.3,D
2019-10-15,-27.4599,150.0126,97,166.6,D
2019-10-15,-24.0202,149.0939,86,117.9,D
2019-10-15,-27.8931,127.3367,92,79.3,D
2019-10-15,-15.8979,134.5962,77,31.1,D
2019-10-15,-12.2652,135.4216,75,55.4,D
2019-10-15,-15.3367,134.6582,72,23.0,D
2019-10-15,-15.4043,133.8992,91,67.0,D
2019-10-15,-14.1982,133.6573,94,75.7,D
2019-10-15,-14.2005,133.6435,96,87.6,D
2019-10-15,-13.981,133.2128,69,22.7,D
2019-10-15,-14.1,131.1918,98,58.6,D
2019-10-15,-13.3633,134.6755,68,22.1,D
2019-10-15,-12.853,136.2307,97,229.5,D
2019-10-15,-12.778,135.8048,59,34.3,D
2019-10-15,-12.3527,132.1776,68,23.5,D
2019-10-15,-11.7718,130.2631,53,19.3,D
2019-10-15,-27.4493,150.0256,58,5.5,N
2019-10-15,-23.9914,149.0753,100,24.5,N
2019-10-15,-23.9687,149.041,100,36.3,N
2019-10-15,-15.8493,131.2522,100,121.3,N
2019-10-15,-15.7658,131.2668,100,155.3,N
2019-10-16,-11.8556,133.2593,83,27.3,D
2019-10-16,-12.1125,133.9139,80,21.3,D
2019-10-16,-12.0605,133.204,91,42.0,D
2019-10-16,-12.7128,135.3331,91,33.9,D
2019-10-16,-12.0999,133.9418,74,24.5,D
2019-10-16,-13.217,134.5107,100,288.9,D
2019-10-16,-14.0538,133.414,65,13.3,D
2019-10-16,-15.3537,134.701,55,11.8,D
2019-10-16,-15.3774,133.9319,100,82.7,D
2019-10-16,-15.8501,134.322,71,12.2,D
2019-10-16,-27.1616,128.8867,62,9.4,D
2019-10-16,-24.0435,149.1198,72,27.2,D
2019-10-16,-15.7026,144.487,62,12.8,D
2019-10-16,-14.236,133.5846,79,144.7,D
2019-10-16,-12.9867,143.4133,92,48.3,D
2019-10-16,-11.9876,142.6187,63,11.0,D
2019-10-16,-11.9642,142.7825,75,20.8,D
2019-10-16,-12.2625,136.6109,69,44.2,D
2019-10-16,-11.4784,142.1895,100,102.6,D
2019-10-16,-11.9872,133.2194,81,129.3,D
2019-10-16,-13.2178,134.4707,79,154.4,D
2019-10-16,-12.8688,136.2268,85,92.2,D
2019-10-16,-11.81,142.7657,65,15.9,D
2019-10-16,-11.6476,142.4225,65,16.4,D
2019-10-16,-28.6788,122.7859,98,64.1,D
2019-10-16,-17.7688,122.7639,71,18.7,D
2019-10-16,-14.9064,125.9211,83,90.8,D
2019-10-16,-14.0806,131.0876,100,170.8,N
2019-10-16,-14.3225,131.1669,100,60.7,N
2019-10-16,-14.1385,131.0867,100,304.4,N
2019-10-16,-13.229,134.4415,93,13.1,N
2019-10-16,-13.3358,134.5208,94,18.1,N
2019-10-16,-14.2569,131.2433,100,48.1,N
2019-10-16,-14.3384,131.1767,100,17.4,N
2019-10-17,-11.558,142.3876,78,60.6,D
2019-10-17,-15.7222,144.4263,71,17.9,D
2019-10-17,-32.1993,146.979,71,11.7,D
2019-10-17,-13.2932,134.7525,52,68.6,D
2019-10-17,-14.3258,131.1206,86,144.4,D
2019-10-17,-15.4734,128.5094,55,20.8,D
2019-10-17,-28.6402,123.0453,74,17.6,D
2019-10-17,-28.7245,122.8393,87,40.8,D
2019-10-17,-17.8021,122.6939,87,247.9,D
2019-10-17,-15.6028,135.1821,73,15.8,D
2019-10-17,-15.8454,134.3134,70,21.3,D
2019-10-17,-14.1436,131.047,97,55.8,D
2019-10-17,-14.3443,131.0594,100,116.8,D
2019-10-17,-14.1698,131.0607,92,53.8,D
2019-10-17,-14.3678,131.0923,96,105.8,D
2019-10-17,-14.2127,133.5967,50,9.5,D
2019-10-17,-14.398,131.0772,89,42.6,D
2019-10-17,-13.3495,134.5356,59,28.8,D
2019-10-17,-13.6499,129.8399,85,45.0,D
2019-10-17,-12.7288,135.8202,100,118.3,D
2019-10-17,-12.454,136.4576,85,53.9,D
2019-10-17,-14.377,131.0938,100,342.2,D
2019-10-17,-12.9597,135.7944,77,32.5,D
2019-10-17,-12.8007,135.2975,90,49.6,D
2019-10-17,-12.2933,135.4077,100,139.1,D
2019-10-17,-12.4591,132.1697,96,55.9,D
2019-10-17,-12.0484,133.2265,79,20.3,D
2019-10-17,-28.7202,122.8486,100,989.6,D
2019-10-17,-30.8687,152.1856,100,51.7,N
2019-10-17,-27.0637,148.2567,100,38.7,N
2019-10-17,-17.8007,122.7997,86,13.5,N
2019-10-17,-14.5116,131.1187,100,55.9,N
2019-10-17,-14.4898,131.0949,100,52.8,N
2019-10-17,-14.0899,130.0619,90,29.7,N
2019-10-17,-14.4712,131.1582,95,169.2,N
2019-10-17,-32.1892,147.0016,88,182.9,D
2019-10-18,-11.506,142.2897,93,61.8,D
2019-10-18,-12.8646,135.7605,69,15.1,D
2019-10-18,-13.2129,134.4646,100,110.8,D
2019-10-18,-14.2403,136.917,59,18.4,D
2019-10-18,-12.4286,142.5849,87,51.8,D
2019-10-18,-12.4746,136.3417,51,11.2,D
2019-10-18,-14.4452,131.1956,86,91.8,D
2019-10-18,-14.4778,131.1619,88,115.2,D
2019-10-18,-14.5753,131.1161,100,482.5,D
2019-10-18,-14.4275,131.0926,98,188.3,D
2019-10-18,-30.7559,151.0239,94,56.0,D
2019-10-18,-32.2243,145.8549,64,13.8,D
2019-10-18,-30.7633,151.0363,52,11.3,D
2019-10-18,-30.2615,150.1331,88,41.1,D
2019-10-18,-25.6365,147.5142,74,18.2,D
2019-10-18,-18.1599,144.3688,74,36.8,D
2019-10-18,-12.3043,135.3648,87,230.4,D
2019-10-18,-11.9036,142.6141,75,34.7,D
2019-10-18,-11.4598,142.2027,92,51.4,D
2019-10-18,-12.3053,135.3724,89,267.9,D
2019-10-18,-11.2705,142.3233,56,17.2,D
2019-10-18,-28.6697,123.0355,66,19.1,D
2019-10-18,-27.1636,128.8481,63,15.5,D
2019-10-18,-15.4177,128.6022,72,50.0,D
2019-10-18,-15.3604,128.6277,88,103.2,D
2019-10-18,-14.4527,131.234,68,85.1,D
2019-10-18,-14.0994,130.045,70,74.7,D
2019-10-18,-12.4732,132.1461,87,226.2,D
2019-10-18,-14.6078,131.191,100,80.6,N
2019-10-18,-14.5186,131.2285,90,39.1,N
2019-10-18,-14.4958,131.1781,100,86.9,N
2019-10-18,-14.477,131.1706,100,69.9,N
2019-10-18,-13.2433,134.3777,89,16.5,N
2019-10-18,-30.866,152.1686,92,28.2,N
2019-10-18,-13.1603,130.5323,100,52.0,N
2019-10-18,-14.1577,130.9684,60,7.3,N
2019-10-18,-14.5379,131.2176,100,74.6,N
2019-10-18,-14.5233,131.2574,100,128.6,N
2019-10-19,-19.7533,147.0497,65,15.2,D
2019-10-19,-30.6524,152.6825,71,29.0,D
2019-10-19,-30.8975,152.2278,90,68.0,D
2019-10-19,-14.3594,131.2284,88,52.3,D
2019-10-19,-14.1131,133.5999,99,204.9,D
2019-10-19,-13.6701,129.8852,76,28.5,D
2019-10-19,-14.1501,130.95,100,221.0,D
2019-10-19,-12.568,135.3422,59,41.5,D
2019-10-19,-12.9346,135.7646,51,51.7,D
2019-10-19,-14.4802,131.2556,71,30.6,D
2019-10-19,-14.6054,131.177,81,40.8,D
2019-10-19,-15.4683,128.8669,92,47.9,D
2019-10-19,-23.1396,119.2831,59,34.3,D
2019-10-19,-30.9133,152.1976,83,261.2,D
2019-10-19,-30.2851,150.1541,100,881.5,D
2019-10-19,-17.2779,144.4596,90,164.1,D
2019-10-19,-15.9338,134.3123,79,14.3,D
2019-10-19,-15.9675,128.9307,78,52.7,D
2019-10-19,-13.1174,141.9165,83,52.6,D
2019-10-19,-14.6005,131.1475,100,437.5,D
2019-10-19,-14.1532,130.9644,62,29.2,D
2019-10-19,-14.2014,130.9473,96,98.1,D
2019-10-19,-14.1327,133.5877,75,20.2,D
2019-10-19,-14.4181,131.0333,66,33.4,D
2019-10-19,-12.4669,136.45,95,53.7,D
2019-10-19,-14.0564,131.0236,92,79.5,D
2019-10-19,-14.0091,131.1102,94,321.2,D
2019-10-19,-13.3966,134.526,72,14.7,D
2019-10-19,-12.5754,135.3259,95,46.4,D
2019-10-19,-12.4025,136.5676,71,17.1,D
2019-10-19,-11.4877,142.1417,71,50.6,D
2019-10-19,-14.1201,130.96,78,50.7,D
2019-10-19,-13.1813,130.5179,100,147.7,D
2019-10-19,-12.7906,136.1218,98,60.6,D
2019-10-19,-12.6056,136.5036,78,19.3,D
2019-10-19,-12.2496,136.6108,69,23.5,D
2019-10-19,-12.0434,133.9493,66,19.7,D
2019-10-19,-11.9559,133.2494,61,14.9,D
2019-10-19,-34.8831,117.4503,53,4.9,D
2019-10-19,-30.896,152.1994,55,30.3,N
2019-10-19,-30.2941,150.2224,100,319.0,N
2019-10-19,-30.2548,150.1926,100,213.2,N
2019-10-19,-28.5237,152.3766,93,22.4,N
2019-10-19,-17.2522,144.4287,81,44.9,N
2019-10-19,-24.2152,125.3692,100,34.4,N
2019-10-19,-15.5715,126.9523,84,8.4,N
2019-10-19,-14.6496,131.2484,100,17.6,N
2019-10-19,-14.5707,131.2226,100,28.9,N
2019-10-19,-14.3813,130.9326,80,9.4,N
2019-10-19,-14.3779,131.2201,100,23.4,N
2019-10-19,-13.1613,130.5508,92,20.3,N
2019-10-19,-13.1845,130.5315,100,21.0,N
2019-10-19,-28.2479,152.6194,88,44.7,N
2019-10-19,-30.2507,150.2179,89,75.7,N
2019-10-19,-30.7612,151.0336,80,34.6,N
2019-10-19,-15.78,131.3207,75,19.3,N
2019-10-19,-24.2013,125.3879,96,22.8,N
2019-10-19,-28.9703,153.4454,91,0.0,D
2019-10-20,-11.4289,142.1933,97,55.3,D
2019-10-20,-11.9467,142.723,64,20.9,D
2019-10-20,-12.7255,135.484,68,24.4,D
2019-10-20,-14.1789,130.9162,82,177.0,D
2019-10-20,-13.1854,134.578,96,165.6,D
2019-10-20,-14.0769,133.6478,84,95.4,D
2019-10-20,-14.1022,131.0214,88,236.9,D
2019-10-20,-14.1479,130.8967,99,524.8,D
2019-10-20,-16.158,136.7608,62,23.5,D
2019-10-20,-31.1166,145.7283,63,35.8,D
2019-10-20,-30.9555,152.4219,72,18.8,D
2019-10-20,-30.3077,150.2017,100,148.2,D
2019-10-20,-30.2492,150.1908,98,85.4,D
2019-10-20,-29.1853,151.6655,83,25.8,D
2019-10-20,-28.1674,152.3237,78,17.7,D
2019-10-20,-18.5935,145.9701,78,32.6,D
2019-10-20,-13.8189,143.2393,65,58.8,D
2019-10-20,-13.0634,141.951,97,205.9,D
2019-10-20,-11.9217,142.7683,76,62.3,D
2019-10-20,-11.4247,142.1504,84,89.6,D
2019-10-20,-28.607,124.5512,85,44.4,D
2019-10-20,-28.614,124.5786,95,69.6,D
2019-10-20,-24.3331,123.9598,100,192.3,D
2019-10-20,-15.9257,128.8288,100,524.0,D
2019-10-20,-15.5923,126.8632,55,13.7,D
2019-10-20,-14.0718,133.5785,80,201.9,D
2019-10-20,-14.0674,133.5153,100,486.4,D
2019-10-20,-14.4735,130.9842,72,59.2,D
2019-10-20,-14.3954,130.9072,100,288.4,D
2019-10-20,-14.0072,131.1782,91,106.0,D
2019-10-20,-14.0822,130.9689,90,81.3,D
2019-10-20,-13.9536,130.9604,64,39.6,D
2019-10-20,-12.9434,134.928,55,91.9,D
2019-10-20,-12.6533,131.2673,85,73.5,D
2019-10-20,-11.7679,131.0676,66,36.2,D
2019-10-20,-12.5947,135.2225,60,144.2,D
2019-10-20,-30.2347,150.2393,66,16.6,N
2019-10-20,-30.7541,151.0208,56,35.9,N
2019-10-20,-18.2154,144.3764,83,12.0,N
2019-10-20,-13.7989,143.2594,60,7.5,N
2019-10-20,-14.401,130.8299,100,679.9,N
2019-10-20,-13.1858,134.5792,59,18.8,N
2019-10-20,-11.1672,142.3187,100,22.6,N
2019-10-20,-32.1418,122.8276,100,32.4,N
2019-10-20,-21.8066,125.9448,100,84.9,N
2019-10-20,-13.2133,134.4153,51,7.9,N
2019-10-20,-14.3763,131.9981,75,18.1,N
2019-10-20,-15.7982,128.842,76,40.8,N
2019-10-21,-28.7299,148.8113,83,30.6,D
2019-10-21,-29.9982,152.4686,60,21.9,D
2019-10-21,-37.2435,141.1419,64,18.8,D
2019-10-21,-11.9256,133.2508,54,15.1,D
2019-10-21,-12.3204,135.347,89,64.7,D
2019-10-21,-13.1643,134.2744,100,277.1,D
2019-10-21,-13.0575,132.28,84,23.2,D
2019-10-21,-14.0464,133.5596,84,29.2,D
2019-10-21,-14.0089,130.8861,97,57.5,D
2019-10-21,-13.9526,131.0049,91,38.3,D
2019-10-21,-13.9651,130.9021,100,271.3,D
2019-10-21,-14.0854,130.9062,51,10.7,D
2019-10-21,-14.3309,130.8226,100,67.0,D
2019-10-21,-14.4055,132.0653,81,44.9,D
2019-10-21,-14.4854,130.9361,100,150.4,D
2019-10-21,-12.2436,133.6363,70,10.8,D
2019-10-21,-12.7591,136.1019,75,54.3,D
2019-10-21,-12.9584,135.7605,91,93.1,D
2019-10-21,-14.4321,130.8867,100,172.5,D
2019-10-21,-14.8872,133.0627,84,59.5,D
2019-10-21,-14.1361,127.0178,70,26.1,D
2019-10-21,-15.8128,131.3467,64,11.1,D
2019-10-21,-15.8824,128.8713,58,12.6,D
2019-10-21,-28.1362,123.4323,90,47.0,D
2019-10-21,-28.6819,124.656,100,83.8,D
2019-10-21,-28.7082,124.6389,100,157.6,D
2019-10-21,-29.2798,125.7392,100,98.5,D
2019-10-21,-37.6299,144.2652,83,20.5,D
2019-10-21,-24.6127,145.6314,87,46.1,D
2019-10-21,-17.4127,129.9252,58,76.1,D
2019-10-21,-13.172,134.4869,100,307.5,D
2019-10-21,-12.9482,135.7347,76,28.7,D
2019-10-21,-12.9005,135.7769,74,21.5,D
2019-10-21,-12.9237,134.9253,100,242.4,D
2019-10-21,-14.0154,133.4958,100,216.0,D
2019-10-21,-15.7528,134.2186,97,96.2,D
2019-10-21,-14.9227,133.0542,92,100.0,D
2019-10-21,-14.8844,133.0265,100,354.6,D
2019-10-21,-14.4271,132.8318,93,107.2,D
2019-10-21,-14.3959,130.7757,94,241.5,D
2019-10-21,-14.3756,131.9601,100,905.9,D
2019-10-21,-14.3365,131.9551,61,52.3,D
2019-10-21,-14.3675,130.8988,65,67.2,D
2019-10-21,-14.3305,130.8439,96,218.2,D
2019-10-21,-13.6494,134.2948,94,76.9,D
2019-10-21,-13.4093,134.3992,80,29.7,D
2019-10-21,-13.388,134.3964,87,43.4,D
2019-10-21,-13.3145,134.4198,55,30.4,D
2019-10-21,-13.2152,134.4008,53,26.0,D
2019-10-21,-12.995,135.7803,92,50.7,D
2019-10-21,-12.8916,134.933,71,28.2,D
2019-10-21,-12.7453,135.4216,64,14.3,D
2019-10-21,-12.6985,135.2434,98,95.9,D
2019-10-21,-12.5929,135.8654,97,67.3,D
2019-10-21,-12.4304,136.3156,100,127.5,D
2019-10-21,-11.4947,142.2966,85,41.9,D
2019-10-21,-13.1186,130.4273,100,1089.2,D
2019-10-21,-11.427,142.2088,78,26.7,D
2019-10-21,-12.2776,135.3365,100,194.0,D
2019-10-21,-11.17,142.3031,90,53.5,D
2019-10-21,-12.307,132.7172,65,38.3,D
2019-10-21,-34.6415,116.9549,70,12.8,D
2019-10-21,-30.7122,123.6298,96,111.0,D
2019-10-21,-30.6908,123.6372,99,138.0,D
2019-10-21,-29.2733,125.7672,87,387.9,D
2019-10-21,-28.7366,122.8606,57,27.0,D
2019-10-21,-30.2802,150.1578,100,107.6,N
2019-10-21,-19.6788,123.6568,82,46.5,N
2019-10-21,-17.3844,129.888,100,27.1,N
2019-10-21,-14.4467,130.8822,100,23.0,N
2019-10-21,-14.3101,130.8742,100,155.5,N
2019-10-21,-13.7422,129.9444,98,15.1,N
2019-10-21,-13.169,130.6209,100,16.7,N
2019-10-21,-15.7784,134.2955,87,14.0,N
2019-10-21,-15.2299,126.8309,100,57.4,N
2019-10-21,-14.4657,132.0874,89,12.1,N
2019-10-21,-14.329,132.0111,100,70.2,N
2019-10-21,-13.3363,134.3939,62,13.5,N
2019-10-21,-13.1639,134.5213,53,16.4,N
2019-10-21,-28.3915,150.5663,66,10.3,N
2019-10-21,-30.2364,150.2276,98,31.7,N
2019-10-21,-30.3285,150.1992,78,12.9,N
2019-10-21,-12.7018,131.8312,60,9.5,N
2019-10-21,-13.9999,133.5151,74,23.9,N
2019-10-21,-14.4497,130.857,64,15.3,N
2019-10-21,-17.3751,129.8846,51,7.0,N
2019-10-21,-20.2051,123.8181,100,133.7,N
2019-10-22,-12.4874,141.9268,86,27.8,D
2019-10-22,-14.1964,143.6541,71,19.3,D
2019-10-22,-28.0382,147.2752,75,35.8,D
2019-10-22,-12.89,130.5291,81,106.5,D
2019-10-22,-15.2369,126.8323,99,258.6,D
2019-10-22,-17.4211,129.7167,79,242.7,D
2019-10-22,-19.7151,123.6192,100,270.6,D
2019-10-22,-21.2526,120.3183,85,30.1,D
2019-10-22,-25.024,123.4834,62,25.2,D
2019-10-22,-28.5506,122.7575,100,215.8,D
2019-10-22,-30.3279,150.1838,54,47.3,D
2019-10-22,-30.8835,152.1284,88,59.2,D
2019-10-22,-27.4499,150.0322,75,23.9,D
2019-10-22,-13.2318,141.7958,73,117.5,D
2019-10-22,-27.9852,127.8567,91,82.9,D
2019-10-22,-24.0577,122.6517,94,140.7,D
2019-10-22,-17.4509,129.7834,90,32.8,D
2019-10-22,-17.4071,129.7696,100,101.8,D
2019-10-22,-17.3679,129.8432,100,1339.0,D
2019-10-22,-15.849,128.9742,77,27.0,D
2019-10-22,-15.5689,126.9373,71,11.0,D
2019-10-22,-14.4195,131.984,100,584.7,D
2019-10-22,-15.1742,126.8093,100,77.3,D
2019-10-22,-12.6618,131.7983,100,275.2,D
2019-10-22,-14.5057,130.8856,92,63.1,D
2019-10-22,-14.3336,131.9502,85,27.2,D
2019-10-22,-14.3296,131.9082,100,124.9,D
2019-10-22,-14.4567,130.8005,82,35.0,D
2019-10-22,-13.9393,131.1653,99,93.7,D
2019-10-22,-13.933,131.1393,100,97.9,D
2019-10-22,-14.2276,127.131,61,11.6,D
2019-10-22,-12.7656,135.2306,82,135.6,D
2019-10-22,-13.146,130.4109,70,26.7,D
2019-10-22,-13.2595,130.6043,55,23.1,D
2019-10-22,-11.7777,130.7822,75,21.1,D
2019-10-22,-11.7051,130.9925,80,34.1,D
2019-10-22,-32.0136,148.8821,81,12.3,N
2019-10-22,-30.2756,150.1094,100,79.9,N
2019-10-22,-30.2603,150.1007,52,6.0,N
2019-10-22,-24.6048,149.0081,85,12.2,N
2019-10-22,-13.1344,141.7384,81,10.6,N
2019-10-22,-11.4102,142.2057,58,4.8,N
2019-10-22,-28.9199,129.0505,100,49.4,N
2019-10-22,-28.1558,122.6049,94,13.4,N
2019-10-22,-19.6413,123.6875,89,13.6,N
2019-10-22,-14.5472,130.9415,86,86.0,N
2019-10-22,-13.1311,141.7429,65,6.7,N
2019-10-22,-28.9432,125.497,75,79.5,N
2019-10-22,-28.5766,122.7658,100,121.3,N
2019-10-22,-30.2039,150.1913,65,27.1,D
2019-10-23,-12.3018,141.893,75,57.3,D
2019-10-23,-12.0801,133.2699,73,16.4,D
2019-10-23,-12.7688,135.2111,100,118.8,D
2019-10-23,-13.7415,129.9256,82,58.2,D
2019-10-23,-14.4767,131.9975,78,21.5,D
2019-10-23,-12.7469,131.9055,98,54.5,D
2019-10-23,-12.7981,131.8671,82,14.6,D
2019-10-23,-13.4252,134.407,80,19.2,D
2019-10-23,-13.9164,131.1623,84,29.3,D
2019-10-23,-14.0065,133.595,87,30.2,D
2019-10-23,-15.1773,126.8383,74,77.2,D
2019-10-23,-17.4872,129.836,100,111.4,D
2019-10-23,-19.7215,123.7318,82,92.4,D
2019-10-23,-28.6472,126.4803,76,27.5,D
2019-10-23,-28.9653,125.434,100,118.7,D
2019-10-23,-21.5456,117.7145,76,165.4,D
2019-10-23,-36.2179,146.3764,82,21.9,D
2019-10-23,-28.0216,147.3038,91,42.7,D
2019-10-23,-14.9935,141.8791,86,25.5,D
2019-10-23,-14.9832,141.8869,60,13.7,D
2019-10-23,-14.4867,131.9859,76,160.0,D
2019-10-23,-14.5333,130.9607,83,192.7,D
2019-10-23,-13.1077,141.7523,100,103.7,D
2019-10-23,-13.0311,135.7925,100,277.7,D
2019-10-23,-12.6768,135.9952,71,30.3,D
2019-10-23,-28.6378,126.6142,89,104.4,D
2019-10-23,-28.6342,126.633,100,534.1,D
2019-10-23,-30.7113,123.638,100,143.4,D
2019-10-23,-28.9667,125.4742,59,58.0,D
2019-10-23,-27.2343,123.7772,100,200.2,D
2019-10-23,-27.1717,123.7306,94,57.3,D
2019-10-23,-26.0044,119.3448,58,19.8,D
2019-10-23,-23.7653,118.4081,72,36.2,D
2019-10-23,-22.1039,116.3418,51,8.1,D
2019-10-23,-20.5826,118.9955,94,73.4,D
2019-10-23,-29.1718,125.6371,87,98.3,N
2019-10-23,-14.4471,131.9971,100,42.7,N
2019-10-23,-14.2311,131.8803,70,6.4,N
2019-10-23,-13.3709,130.681,97,19.9,N
2019-10-23,-12.8104,131.9256,86,9.2,N
2019-10-23,-28.02,147.3166,72,14.8,N
2019-10-23,-30.3108,150.2225,83,18.8,N
2019-10-23,-30.9331,152.108,58,8.1,N
2019-10-23,-22.0688,117.2056,73,58.4,N
2019-10-23,-13.2524,130.6503,64,4.8,N
2019-10-23,-16.016,128.7539,66,5.2,N
2019-10-23,-21.542,123.7892,100,90.0,N
2019-10-23,-28.6677,126.6343,76,7.8,N
2019-10-24,-12.2935,141.894,68,29.3,D
2019-10-24,-11.7553,130.7524,57,32.8,D
2019-10-24,-21.1081,120.8248,69,12.0,D
2019-10-24,-22.0672,116.4302,56,29.3,D
2019-10-24,-25.696,126.7166,73,32.0,D
2019-10-24,-27.2075,123.7988,82,40.0,D
2019-10-24,-29.1274,152.7847,65,29.2,D
2019-10-24,-27.8813,127.1637,99,195.9,D
2019-10-24,-27.5444,126.1755,90,127.1,D
2019-10-24,-13.1818,134.4324,67,28.3,D
2019-10-24,-12.8039,135.6567,85,79.3,D
2019-10-24,-12.5166,132.3763,100,75.2,D
2019-10-24,-12.1099,134.3309,67,23.0,D
2019-10-24,-14.0134,133.6233,69,15.7,D
2019-10-24,-12.005,133.3077,68,23.1,D
2019-10-24,-11.7068,131.077,100,101.0,D
2019-10-24,-26.0659,119.2885,58,90.7,D
2019-10-24,-22.0831,116.479,99,301.9,D
2019-10-24,-21.9951,116.4509,100,1333.2,D
2019-10-24,-30.9183,152.2009,70,9.2,N
2019-10-24,-30.2392,150.2029,64,8.3,N
2019-10-24,-28.2552,152.5858,81,11.6,N
2019-10-24,-28.9388,128.9879,53,7.6,N
2019-10-24,-27.2632,130.0573,88,19.0,N
2019-10-24,-26.9125,131.0234,74,14.7,N
2019-10-24,-26.8602,130.6656,88,20.2,N
2019-10-24,-26.7687,130.5346,100,30.6,N
2019-10-24,-26.6875,130.6598,100,115.6,N
2019-10-24,-25.6705,126.7147,70,6.3,N
2019-10-24,-24.9675,127.3369,68,9.6,N
2019-10-24,-24.9344,127.3248,100,33.5,N
2019-10-24,-21.1246,120.8285,79,10.9,N
2019-10-24,-26.6061,130.6425,100,553.8,N
2019-10-24,-30.3143,150.2597,85,74.6,N
2019-10-24,-21.9703,116.5046,82,9.7,N
2019-10-24,-27.8321,127.1178,62,63.9,N
2019-10-24,-30.322,150.2426,88,103.9,D
2019-10-25,-13.0916,134.213,90,38.1,D
2019-10-25,-13.1638,134.3982,90,33.3,D
2019-10-25,-12.6049,135.9082,52,9.4,D
2019-10-25,-12.91,135.3047,63,12.7,D
2019-10-25,-15.0815,141.6898,83,31.6,D
2019-10-25,-26.8963,130.8745,99,81.7,D
2019-10-25,-27.3022,129.5774,77,24.7,D
2019-10-25,-26.8362,130.6359,88,38.8,D
2019-10-25,-26.7014,130.4561,100,211.4,D
2019-10-25,-26.8134,130.5737,90,48.8,D
2019-10-25,-27.8582,127.0806,53,34.8,D
2019-10-25,-28.6798,127.3922,53,48.7,D
2019-10-25,-21.7415,117.8756,100,646.4,D
2019-10-25,-26.0267,119.2964,100,482.2,D
2019-10-25,-30.0621,152.6542,62,18.0,D
2019-10-25,-28.3988,150.5731,83,27.0,D
2019-10-25,-13.063,135.7499,82,109.5,D
2019-10-25,-34.7011,116.8819,88,155.7,D
2019-10-25,-26.6553,130.3736,94,163.5,D
2019-10-25,-26.6637,130.3994,78,69.4,D
2019-10-25,-29.0636,131.2516,68,43.4,D
2019-10-25,-28.6509,127.3933,54,31.7,D
2019-10-25,-26.0404,119.2686,100,109.9,D
2019-10-25,-22.1325,116.5048,66,52.4,D
2019-10-25,-21.9641,116.4584,100,203.8,D
2019-10-25,-21.6895,117.9687,60,40.5,D
2019-10-25,-17.9585,123.3547,100,688.9,D
2019-10-25,-15.971,125.0504,58,42.3,D
2019-10-25,-30.7771,150.9979,64,39.7,N
2019-10-25,-30.2502,150.113,97,27.2,N
2019-10-25,-30.258,150.0972,95,21.8,N
2019-10-25,-33.3395,115.9582,56,8.2,N
2019-10-25,-11.9019,133.2857,53,3.9,N
2019-10-25,-27.2362,129.6602,100,24.4,N
2019-10-26,-31.1303,152.5095,63,27.9,D
2019-10-26,-30.1232,152.5275,75,47.2,D
2019-10-26,-30.3486,150.2053,100,124.2,D
2019-10-26,-32.1339,152.4571,59,21.1,D
2019-10-26,-13.8754,131.1228,84,53.2,D
2019-10-26,-15.7632,128.9783,81,28.4,D
2019-10-26,-16.2404,125.4065,100,84.2,D
2019-10-26,-16.2494,125.4051,87,26.5,D
2019-10-26,-21.8173,123.6575,90,30.2,D
2019-10-26,-23.8154,127.1796,93,61.0,D
2019-10-26,-26.0165,119.2114,98,93.8,D
2019-10-26,-27.8235,127.0506,65,27.1,D
2019-10-26,-28.6534,127.3607,56,20.3,D
2019-10-26,-31.1477,152.4895,75,96.9,D
2019-10-26,-30.7774,152.2777,100,622.1,D
2019-10-26,-30.7134,147.5692,98,341.3,D
2019-10-26,-27.2019,129.6661,77,56.8,D
2019-10-26,-17.2795,123.7765,80,140.9,D
2019-10-26,-12.0517,133.8762,79,29.4,D
2019-10-26,-12.7722,135.483,78,34.1,D
2019-10-26,-12.3287,132.3783,74,18.6,D
2019-10-26,-34.6771,116.948,67,39.3,D
2019-10-26,-26.0335,119.2412,57,71.2,D
2019-10-26,-31.4083,152.2395,56,8.5,N
2019-10-26,-31.2618,152.6027,91,16.8,N
2019-10-26,-31.2662,152.5675,60,7.3,N
2019-10-26,-30.6576,152.6562,64,7.1,N
2019-10-26,-30.359,150.2322,100,54.2,N
2019-10-26,-28.2879,152.5758,54,8.9,N
2019-10-26,-28.6948,127.3513,64,11.2,N
2019-10-26,-16.2134,125.3781,60,4.3,N
2019-10-26,-15.7441,125.2481,63,5.0,N
2019-10-26,-30.6574,147.5218,100,161.4,N
2019-10-26,-21.8639,118.0093,71,7.4,N
2019-10-27,-15.1758,144.6025,69,37.5,D
2019-10-27,-26.846,130.604,89,81.3,D
2019-10-27,-28.9402,128.9652,72,42.3,D
2019-10-27,-16.1094,125.1618,80,126.3,D
2019-10-27,-21.4579,119.4046,100,308.8,D
2019-10-27,-23.01,119.4758,94,154.5,D
2019-10-27,-32.1303,152.4529,65,15.2,D
2019-10-27,-31.2515,152.7956,100,96.4,D
2019-10-27,-31.1431,152.5269,100,83.2,D
2019-10-27,-30.9483,152.1674,100,109.7,D
2019-10-27,-30.7842,152.2837,99,69.8,D
2019-10-27,-30.263,150.0882,98,71.7,D
2019-10-27,-30.1963,150.1655,98,74.9,D
2019-10-27,-28.2891,152.574,60,30.3,D
2019-10-27,-19.7657,145.7011,72,48.0,D
2019-10-27,-11.6608,142.4581,59,19.7,D
2019-10-27,-34.6452,116.9163,100,1196.9,D
2019-10-27,-33.7592,115.6795,79,200.4,D
2019-10-27,-28.7345,126.4713,100,100.7,D
2019-10-27,-27.9763,130.3427,95,69.1,D
2019-10-27,-27.2366,129.9828,92,57.3,D
2019-10-27,-26.0569,119.3361,94,113.6,D
2019-10-27,-21.7881,123.6353,100,67.4,D
2019-10-27,-18.1399,123.1829,92,37.0,D
2019-10-27,-15.6033,127.0975,94,105.6,D
2019-10-27,-34.6438,116.896,67,167.8,D
2019-10-27,-31.4142,152.2177,50,25.0,N
2019-10-27,-15.6163,144.4307,77,12.3,N
2019-10-27,-29.8686,153.2179,86,19.8,N
2019-10-27,-21.7624,118.0346,79,10.4,N
2019-10-27,-21.2861,119.4774,100,171.3,N
2019-10-27,-26.8008,130.4905,68,10.9,N
2019-10-28,-19.7204,145.6476,84,70.1,D
2019-10-28,-20.1235,146.2028,86,65.9,D
2019-10-28,-28.6616,148.1659,87,34.1,D
2019-10-28,-30.2289,150.1091,72,23.9,D
2019-10-28,-30.3641,150.2172,88,39.6,D
2019-10-28,-11.988,133.9129,76,28.6,D
2019-10-28,-16.1352,125.4236,77,16.3,D
2019-10-28,-16.2283,125.3662,93,52.4,D
2019-10-28,-17.6713,122.4013,78,54.1,D
2019-10-28,-21.4359,126.7474,66,10.6,D
2019-10-28,-23.0163,119.4116,57,25.8,D
2019-10-28,-27.2225,129.6255,94,68.8,D
2019-10-28,-28.8591,129.0763,66,24.8,D
2019-10-28,-26.8793,130.5754,100,137.9,D
2019-10-28,-28.9627,128.918,100,447.0,D
2019-10-28,-28.7791,126.404,100,121.5,D
2019-10-28,-31.3872,123.7961,92,44.5,D
2019-10-28,-31.4499,151.2035,62,103.9,D
2019-10-28,-30.3396,150.1832,63,76.4,D
2019-10-28,-27.2581,129.9305,66,98.0,D
2019-10-28,-26.8404,130.4933,96,260.1,D
2019-10-28,-12.5449,136.6975,76,10.7,D
2019-10-28,-11.9284,133.3155,66,21.1,D
2019-10-28,-31.4379,123.8181,81,69.1,D
2019-10-28,-31.3876,123.8038,73,44.7,D
2019-10-28,-31.8575,152.6594,100,178.1,N
2019-10-28,-30.2554,150.0947,100,84.5,N
2019-10-28,-26.8084,130.4647,55,9.5,N
2019-10-28,-15.8388,125.4693,76,10.8,N
2019-10-28,-31.106,152.4997,51,18.5,N
2019-10-28,-16.1685,125.5382,81,7.3,N
2019-10-28,-31.1788,152.0517,54,54.4,D
2019-10-29,-27.2389,129.9638,60,44.9,D
2019-10-29,-15.3075,127.9718,73,115.5,D
2019-10-29,-19.9107,120.7245,96,75.6,D
2019-10-29,-41.312,147.1004,68,54.9,D
2019-10-29,-30.0676,152.6333,89,61.8,D
2019-10-29,-30.9789,152.1619,52,30.5,D
2019-10-29,-31.256,152.7974,99,89.0,D
2019-10-29,-31.2648,152.5732,88,36.3,D
2019-10-29,-42.646,147.0495,75,116.8,D
2019-10-29,-28.7034,127.4723,71,18.3,D
2019-10-29,-27.9567,130.346,96,43.1,D
2019-10-29,-23.624,131.9987,86,47.9,D
2019-10-29,-22.9901,131.307,97,63.8,D
2019-10-29,-15.8339,125.4672,78,30.2,D
2019-10-29,-16.1623,125.2891,100,107.8,D
2019-10-29,-15.3037,127.9962,69,39.1,D
2019-10-29,-15.0895,126.8306,100,71.7,D
2019-10-29,-12.0056,133.9007,94,211.4,D
2019-10-29,-31.4546,151.1772,100,45.4,N
2019-10-29,-29.8416,153.1723,100,87.9,N
2019-10-29,-15.5932,126.04,69,46.1,N
2019-10-29,-15.6089,126.0035,100,111.6,N
2019-10-29,-27.6785,130.1373,62,17.1,N
2019-10-30,-31.1545,152.2449,60,34.0,D
2019-10-30,-12.0061,133.8906,57,14.7,D
2019-10-30,-15.7475,136.3693,75,32.1,D
2019-10-30,-15.6202,126.0121,84,65.9,D
2019-10-30,-17.8098,127.0085,100,142.0,D
2019-10-30,-23.6642,131.9552,78,33.8,D
2019-10-30,-27.7238,130.1669,97,57.9,D
2019-10-30,-27.8469,126.96,98,62.0,D
2019-10-30,-27.2334,129.8713,68,12.2,D
2019-10-30,-31.3689,123.8023,86,37.1,D
2019-10-30,-23.6575,131.8991,92,297.8,D
2019-10-30,-11.9389,133.3302,64,46.6,D
2019-10-30,-31.3186,123.8666,96,70.9,D
2019-10-30,-31.3197,123.8313,74,22.0,D
2019-10-30,-27.2355,129.7331,92,279.5,D
2019-10-30,-31.378,123.7767,100,126.9,D
2019-10-30,-31.3987,123.7817,99,95.7,D
2019-10-30,-31.4588,123.9083,86,36.0,D
2019-10-30,-31.4587,123.8482,100,229.8,D
2019-10-30,-31.399,123.9387,100,249.9,D
2019-10-30,-31.4019,123.9477,100,324.3,D
2019-10-30,-21.7691,118.0846,78,20.4,D
2019-10-30,-15.9189,124.7834,90,285.4,D
2019-10-30,-23.6204,131.9353,88,14.0,N
2019-10-30,-15.4081,127.9583,94,23.8,N
2019-10-30,-14.9384,127.0635,57,20.9,N
2019-10-30,-15.4556,130.3472,100,151.9,N
2019-10-30,-15.9091,125.4833,50,11.3,N
2019-10-30,-23.6733,131.9297,65,17.9,N
2019-10-31,-29.9032,153.1783,73,158.7,D
2019-10-31,-15.6482,126.0553,76,38.7,D
2019-10-31,-15.9154,124.7073,86,56.8,D
2019-10-31,-17.8371,126.9183,95,155.7,D
2019-10-31,-28.5479,127.9286,87,1444.0,D
2019-10-31,-28.5966,127.9245,100,1852.3,D
2019-10-31,-29.9236,153.1475,73,28.8,D
2019-10-31,-31.167,152.2097,66,45.3,D
2019-10-31,-31.2338,152.0948,100,491.1,D
2019-10-31,-27.2368,129.7681,100,198.7,D
2019-10-31,-28.4079,127.8706,94,82.7,D
2019-10-31,-31.3112,124.0006,96,283.5,D
2019-10-31,-28.6694,127.9707,100,507.4,D
2019-10-31,-28.6199,127.9172,94,76.5,D
2019-10-31,-28.5898,127.9906,85,118.7,D
2019-10-31,-28.5912,127.8611,55,22.1,D
2019-10-31,-28.4545,127.8667,79,150.9,D
2019-10-31,-23.6469,131.7993,61,17.8,D
2019-10-31,-23.0228,131.3395,100,64.4,D
2019-10-31,-12.0203,133.8325,78,35.8,D
2019-10-31,-15.9309,124.805,90,77.4,D
2019-10-31,-15.6312,126.0852,56,18.6,D
2019-10-31,-33.0531,150.4237,100,32.2,N
2019-10-31,-31.2582,152.8095,78,17.2,N
2019-10-31,-22.9792,150.5312,83,12.8,N
2019-10-31,-15.9227,124.8475,85,10.8,N
2019-10-31,-15.8376,125.3225,53,11.5,N
2019-10-31,-27.2107,129.8422,100,294.2,N
2019-10-31,-21.156,118.4603,100,24.1,N
2019-10-31,-30.9126,152.0251,78,27.4,D
2019-10-31,-31.7178,152.1597,98,95.2,D
2019-11-01,-12.439,132.362,72,21.0,D
2019-11-01,-15.4682,134.8266,99,62.4,D
2019-11-01,-23.587,132.0999,90,35.6,D
2019-11-01,-36.0946,148.0593,76,14.2,D
2019-11-01,-33.0939,150.3481,69,22.2,D
2019-11-01,-30.9506,152.1174,50,26.0,D
2019-11-01,-30.9296,152.0478,76,50.8,D
2019-11-01,-29.2885,151.5139,89,71.4,D
2019-11-01,-18.7809,145.7571,100,134.5,D
2019-11-01,-11.4141,142.2979,81,21.0,D
2019-11-01,-10.615,142.2916,82,16.0,D
2019-11-01,-31.2983,124.0212,100,95.1,D
2019-11-01,-17.3424,123.8723,74,24.0,D
2019-11-01,-15.9419,124.7024,60,29.7,D
2019-11-01,-14.0357,131.6413,75,11.5,N
2019-11-01,-30.9427,152.1041,85,12.5,N
2019-11-01,-12.6868,131.6662,70,6.6,N
2019-11-01,-25.4127,130.2777,100,21.1,N
2019-11-02,-27.5211,150.1478,90,62.9,D
2019-11-02,-15.5036,126.0578,91,45.0,D
2019-11-02,-15.9323,125.4207,52,20.6,D
2019-11-02,-14.0716,131.6887,72,70.2,D
2019-11-02,-15.4869,126.0067,82,29.0,D
2019-11-02,-17.6444,122.4042,91,36.0,D
2019-11-02,-28.3498,127.8259,80,56.9,D
2019-11-02,-28.658,127.9293,89,115.4,D
2019-11-02,-27.2784,128.8817,100,484.2,D
2019-11-02,-25.4217,130.3103,73,43.5,D
2019-11-02,-15.3608,127.9053,85,81.5,D
2019-11-02,-14.034,129.888,50,19.8,D
2019-11-02,-14.0827,131.6583,100,135.2,D
2019-11-02,-11.9414,133.3629,84,20.9,D
2019-11-02,-33.1384,150.3758,98,21.7,N
2019-11-02,-31.2346,152.8109,63,6.5,N
2019-11-02,-30.961,152.1216,100,33.2,N
2019-11-02,-29.0097,153.2084,70,9.3,N
2019-11-02,-27.228,128.9229,78,10.1,N
2019-11-02,-15.9564,124.8341,71,5.5,N
2019-11-02,-27.2192,128.8787,76,84.2,N
2019-11-02,-31.7243,152.1574,50,20.8,D
2019-11-03,-12.0881,134.3428,85,39.8,D
2019-11-03,-15.6955,136.4386,61,12.6,D
2019-11-03,-27.2518,128.8435,90,78.6,D
2019-11-03,-17.6175,122.3655,99,496.4,D
2019-11-03,-20.4286,119.0154,97,190.3,D
2019-11-03,-31.2378,152.7786,86,29.3,D
2019-11-03,-15.5665,144.3927,81,21.1,D
2019-11-03,-15.3349,145.0723,57,11.5,D
2019-11-03,-31.2852,124.0357,79,26.5,D
2019-11-03,-31.0781,123.5918,57,10.5,D
2019-11-03,-27.201,128.7945,93,75.8,D
2019-11-03,-27.7315,130.7933,65,44.5,D
2019-11-03,-21.6743,116.6846,73,43.6,D
2019-11-03,-15.9441,125.44,79,30.4,D
2019-11-03,-17.7096,122.3118,100,95.6,D
2019-11-03,-17.7006,122.3104,100,198.1,D
2019-11-03,-17.6103,122.367,87,34.2,D
2019-11-03,-16.3925,123.8147,88,43.4,D
2019-11-03,-15.5683,127.0204,63,29.5,D
2019-11-03,-14.9806,126.9526,62,24.3,D
2019-11-03,-31.2021,124.0727,100,64.9,N
2019-11-03,-16.0173,125.4936,61,26.3,N
2019-11-04,-30.0763,152.6649,50,15.5,D
2019-11-04,-15.8988,125.3526,97,56.1,D
2019-11-04,-14.9605,127.1908,88,28.1,D
2019-11-04,-15.1355,127.0034,100,160.0,D
2019-11-04,-15.608,125.857,67,20.8,D
2019-11-04,-15.7639,125.3069,86,26.9,D
2019-11-04,-15.8329,125.2793,76,25.1,D
2019-11-04,-15.7976,125.295,79,24.0,D
2019-11-04,-15.9586,125.3128,76,21.6,D
2019-11-04,-16.0224,125.495,51,10.5,D
2019-11-04,-15.9751,124.8242,100,184.4,D
2019-11-04,-16.3323,123.7744,100,84.1,D
2019-11-04,-17.6794,122.3013,80,52.3,D
2019-11-04,-17.6943,122.3259,100,411.4,D
2019-11-04,-27.2385,128.7739,100,583.3,D
2019-11-04,-31.5907,124.0426,100,78.7,D
2019-11-04,-31.0108,152.1997,75,263.5,D
2019-11-04,-27.2247,128.7427,100,510.5,D
2019-11-04,-25.2524,131.0714,52,31.7,D
2019-11-04,-15.5797,143.8683,75,116.5,D
2019-11-04,-15.9009,125.189,58,156.5,D
2019-11-04,-14.9023,127.0675,97,293.2,D
2019-11-04,-31.4877,124.021,92,191.2,D
2019-11-04,-31.4489,123.971,66,43.2,D
2019-11-04,-31.2036,124.0362,71,79.2,D
2019-11-04,-22.3122,117.1735,100,173.5,D
2019-11-04,-29.5417,152.3781,91,21.0,N
2019-11-04,-31.2306,124.0229,100,153.4,N
2019-11-04,-25.4392,130.2724,64,8.5,N
2019-11-04,-16.2509,125.0478,65,11.7,N
2019-11-04,-15.1737,126.943,73,8.9,N
2019-11-04,-15.9723,124.6894,88,11.2,N
2019-11-04,-15.6347,125.8579,99,16.6,N
2019-11-04,-15.1528,126.9594,96,15.7,N
2019-11-04,-15.8766,125.2304,100,59.9,N
2019-11-04,-15.9658,124.6876,90,9.5,N
2019-11-04,-15.978,124.7741,73,5.1,N
2019-11-04,-28.6454,127.8834,100,89.8,N
2019-11-05,-13.1414,141.9157,86,25.1,D
2019-11-05,-25.4484,130.2677,65,43.3,D
2019-11-05,-28.6784,127.9148,52,73.0,D
2019-11-05,-31.2511,124.118,63,137.8,D
2019-11-05,-15.9653,124.669,78,111.1,D
2019-11-05,-31.2578,124.0785,100,882.9,D
2019-11-05,-31.204,124.0948,100,769.6,D
2019-11-05,-31.2045,124.0869,96,468.3,D
2019-11-05,-29.8163,152.2847,100,91.7,D
2019-11-05,-29.279,152.4424,98,72.0,D
2019-11-05,-24.6048,151.3131,55,8.2,D
2019-11-05,-31.9156,122.8746,100,157.0,D
2019-11-05,-31.48,124.0469,67,34.4,D
2019-11-05,-31.2745,123.9581,71,54.2,D
2019-11-05,-31.2463,124.0169,62,46.6,D
2019-11-05,-31.2152,124.1771,86,56.8,D
2019-11-05,-31.197,124.1438,100,743.7,D
2019-11-05,-31.0778,123.5568,95,83.5,D
2019-11-05,-31.1263,123.6346,95,81.2,D
2019-11-05,-27.7316,130.8152,76,20.7,D
2019-11-05,-27.1483,128.714,79,17.2,D
2019-11-05,-16.4169,123.817,83,23.4,D
2019-11-05,-26.3101,153.0292,100,144.2,N
2019-11-05,-29.787,152.2976,94,43.9,N
2019-11-05,-22.9981,118.7405,100,19.2,N
2019-11-05,-15.5051,144.1768,50,17.7,N
2019-11-06,-23.7341,150.993,81,26.3,D
2019-11-06,-29.2261,151.4814,100,94.7,D
2019-11-06,-29.8005,152.2824,53,15.0,D
2019-11-06,-30.31,148.9663,100,109.8,D
2019-11-06,-15.7561,136.4291,72,66.9,D
2019-11-06,-15.4016,127.8461,72,16.3,D
2019-11-06,-15.6143,128.3709,78,18.6,D
2019-11-06,-15.074,126.8959,90,62.4,D
2019-11-06,-17.2378,124.5409,100,255.4,D
2019-11-06,-25.4633,130.3091,100,298.9,D
2019-11-06,-25.3268,131.1508,96,66.4,D
2019-11-06,-31.1297,124.179,65,27.1,D
2019-11-06,-31.1385,152.2283,83,144.4,D
2019-11-06,-29.9265,152.2968,69,99.0,D
2019-11-06,-29.2222,151.5581,83,164.9,D
2019-11-06,-26.107,149.9605,65,29.4,D
2019-11-06,-15.5398,143.806,67,46.8,D
2019-11-06,-14.4126,131.2963,100,319.0,D
2019-11-06,-11.5897,142.5327,60,24.0,D
2019-11-06,-34.2596,116.3922,83,39.2,D
2019-11-06,-31.0829,124.1713,100,302.4,D
2019-11-06,-31.3182,123.7894,100,201.6,D
2019-11-06,-31.2852,123.7937,60,48.1,D
2019-11-06,-23.0078,118.7261,54,42.0,D
2019-11-06,-18.4393,123.812,94,236.1,D
2019-11-06,-16.0786,125.4056,90,243.8,D
2019-11-06,-30.996,152.0991,100,108.2,N
2019-11-06,-29.2219,151.5909,100,257.0,N
2019-11-06,-31.2542,123.7483,93,118.0,N
2019-11-06,-15.8358,127.2459,80,13.8,N
2019-11-06,-15.177,127.0139,100,63.7,N
2019-11-06,-16.472,124.686,92,33.3,N
2019-11-06,-13.6125,134.1174,100,27.0,N
2019-11-06,-29.219,151.6024,63,11.2,N
2019-11-06,-30.8404,152.3063,88,24.2,N
2019-11-06,-33.1077,150.4493,100,25.1,N
2019-11-06,-14.3998,131.3357,69,10.2,N
2019-11-06,-16.1249,126.7788,100,115.5,N
2019-11-06,-28.6172,127.8419,54,13.3,N
2019-11-07,-11.5866,142.4975,100,186.5,D
2019-11-07,-15.5195,144.1958,82,21.8,D
2019-11-07,-15.5962,143.9031,92,42.2,D
2019-11-07,-15.5913,143.9323,100,103.7,D
2019-11-07,-15.6314,143.8913,85,26.7,D
2019-11-07,-29.2037,151.5921,100,1230.3,D
2019-11-07,-29.9218,152.2986,51,119.5,D
2019-11-07,-31.133,152.3266,78,230.7,D
2019-11-07,-31.129,152.2738,95,565.5,D
2019-11-07,-31.2025,151.9755,67,109.5,D
2019-11-07,-14.8234,127.0737,100,717.1,D
2019-11-07,-15.227,126.9263,68,84.8,D
2019-11-07,-15.7073,125.9567,68,48.9,D
2019-11-07,-18.9854,123.0886,100,452.5,D
2019-11-07,-23.0136,118.6339,100,129.8,D
2019-11-07,-33.1231,150.4937,100,302.7,D
2019-11-07,-32.0027,152.3589,100,131.1,D
2019-11-07,-31.8406,152.7095,94,519.4,D
2019-11-07,-31.4403,152.2111,98,111.1,D
2019-11-07,-31.2155,152.1083,99,119.1,D
2019-11-07,-31.2023,151.9945,100,119.8,D
2019-11-07,-31.2266,152.004,95,86.0,D
2019-11-07,-31.1775,152.2168,67,15.9,D
2019-11-07,-31.213,151.9963,100,154.5,D
2019-11-07,-29.229,151.6198,100,476.4,D
2019-11-07,-31.1362,152.3,100,428.5,D
2019-11-07,-31.0446,152.2032,60,37.9,D
2019-11-07,-31.0467,152.0849,100,171.6,D
2019-11-07,-30.9679,151.8362,100,194.2,D
2019-11-07,-29.9808,151.4091,89,68.2,D
2019-11-07,-30.9507,152.0359,90,61.5,D
2019-11-07,-30.8936,152.0171,52,22.9,D
2019-11-07,-29.7873,152.3167,89,48.6,D
2019-11-07,-29.283,152.4666,100,181.4,D
2019-11-07,-29.2094,151.6012,100,156.6,D
2019-11-07,-29.2052,151.5409,92,64.8,D
2019-11-07,-26.5995,152.4845,58,19.9,D
2019-11-07,-27.9332,152.3792,100,173.7,D
2019-11-07,-15.5135,143.812,76,80.1,D
2019-11-07,-28.6183,127.834,82,37.7,D
2019-11-07,-27.1467,128.7783,95,47.3,D
2019-11-07,-19.0021,123.0471,100,395.1,D
2019-11-07,-15.4893,125.4785,78,40.8,D
2019-11-07,-15.669,128.3558,88,28.7,D
2019-11-07,-15.6547,128.3915,78,13.3,D
2019-11-07,-15.3965,127.8821,71,16.9,D
2019-11-07,-15.1968,126.9497,77,20.5,D
2019-11-07,-14.3772,131.2591,82,40.9,D
2019-11-07,-14.8216,126.9366,100,99.1,D
2019-11-07,-33.0815,150.465,90,13.5,N
2019-11-07,-33.0362,150.4549,54,13.0,N
2019-11-07,-31.7408,151.9472,98,21.1,N
2019-11-07,-31.775,152.7234,100,228.2,N
2019-11-07,-29.9221,152.4334,100,30.6,N
2019-11-07,-29.9051,152.4244,100,119.0,N
2019-11-07,-31.0229,152.0709,64,28.6,N
2019-11-07,-31.0404,152.0876,100,50.0,N
2019-11-07,-31.2536,152.1667,100,50.1,N
2019-11-07,-31.2355,152.0268,100,49.7,N
2019-11-07,-31.1222,152.452,100,31.1,N
2019-11-07,-31.0576,152.2304,100,134.5,N
2019-11-07,-31.0506,152.2092,52,16.4,N
2019-11-07,-30.8704,152.3624,100,27.3,N
2019-11-07,-30.779,152.4166,91,18.4,N
2019-11-07,-30.0535,152.6177,99,29.0,N
2019-11-07,-29.1876,151.5618,100,83.8,N
2019-11-07,-29.9893,151.4408,100,55.3,N
2019-11-07,-29.1938,151.5249,100,190.5,N
2019-11-07,-29.7849,152.2789,100,32.4,N
2019-11-07,-29.2967,152.488,96,24.1,N
2019-11-07,-29.2527,151.5438,69,23.8,N
2019-11-07,-29.2391,151.4343,66,13.6,N
2019-11-07,-29.173,151.649,100,214.3,N
2019-11-07,-24.0604,146.3864,68,8.2,N
2019-11-07,-29.2003,151.6654,62,130.8,N
2019-11-07,-29.1689,151.5539,100,207.0,N
2019-11-07,-29.8912,152.4647,100,95.4,N
2019-11-07,-30.8497,152.363,97,71.3,N
2019-11-07,-32.0093,152.4272,73,36.6,N
2019-11-07,-16.1629,126.7975,90,30.8,N
2019-11-07,-15.395,143.8472,51,7.3,N
2019-11-07,-29.9344,152.5649,97,72.5,D
2019-11-07,-29.8943,152.4932,100,85.7,D
2019-11-07,-29.9023,152.4237,94,54.8,D
2019-11-07,-29.9055,152.3486,52,25.7,D
2019-11-07,-29.9199,152.4367,100,181.2,D
2019-11-07,-29.9369,152.3646,100,210.8,D
2019-11-07,-29.9503,152.3284,83,30.4,D
2019-11-07,-29.9852,151.4255,100,108.5,D
2019-11-07,-28.9739,153.446,74,16.6,D
2019-11-07,-29.8282,152.3818,91,42.5,D
2019-11-07,-29.1823,151.6571,100,308.8,D
2019-11-07,-29.2035,151.6647,100,322.4,D
2019-11-07,-29.2022,151.4775,94,62.1,D
2019-11-07,-29.2608,151.6345,100,1996.7,D
2019-11-07,-28.7756,148.1487,79,48.4,D
2019-11-07,-29.5771,152.3052,61,15.8,D
2019-11-07,-29.5935,152.3469,66,17.2,D
2019-11-07,-30.8101,152.2313,74,20.4,D
2019-11-07,-30.8556,152.3349,96,66.5,D
2019-11-07,-31.0139,152.2898,95,58.2,D
2019-11-07,-30.9719,152.0326,100,181.2,D
2019-11-07,-31.0432,152.2938,100,215.5,D
2019-11-07,-31.7305,152.1523,65,15.5,D
2019-11-07,-31.9855,152.4135,83,27.3,D
2019-11-07,-32.0129,152.4076,100,199.6,D
2019-11-07,-31.0658,152.0999,89,39.7,D
2019-11-07,-31.135,152.349,82,31.8,D
2019-11-07,-31.0735,152.1851,55,40.5,D
2019-11-07,-31.25,152.1347,65,27.0,D
2019-11-07,-31.2422,152.205,100,105.2,D
2019-11-07,-31.416,152.2563,60,20.9,D
2019-11-07,-31.7213,152.1947,63,26.5,D
2019-11-07,-33.1355,150.4825,69,36.0,D
2019-11-08,-13.6511,134.1375,95,43.4,D
2019-11-08,-14.9963,127.2422,98,153.6,D
2019-11-08,-15.2447,126.9318,91,90.4,D
2019-11-08,-15.7276,125.9409,85,94.5,D
2019-11-08,-30.9609,115.7795,92,293.7,D
2019-11-08,-33.1377,150.5889,76,52.0,D
2019-11-08,-33.0803,150.5061,87,361.4,D
2019-11-08,-31.9982,152.4428,100,432.2,D
2019-11-08,-31.7849,152.7052,52,50.4,D
2019-11-08,-31.7395,152.2105,75,40.6,D
2019-11-08,-31.7123,152.257,100,1970.4,D
2019-11-08,-31.4607,152.2125,100,425.5,D
2019-11-08,-31.448,152.3058,100,784.5,D
2019-11-08,-31.3302,152.3104,100,438.4,D
2019-11-08,-31.31,152.2225,100,537.1,D
2019-11-08,-31.2863,152.2455,95,136.7,D
2019-11-08,-30.8993,152.3531,100,293.7,D
2019-11-08,-30.9347,152.05,61,38.9,D
2019-11-08,-30.8679,152.4231,100,647.5,D
2019-11-08,-31.2351,152.2522,95,138.9,D
2019-11-08,-31.2194,152.2051,97,149.5,D
2019-11-08,-30.86,152.398,100,692.3,D
2019-11-08,-30.8399,152.4358,64,32.8,D
2019-11-08,-30.912,152.003,87,83.9,D
2019-11-08,-30.8692,152.0315,67,41.0,D
2019-11-08,-30.7251,152.6826,55,21.3,D
2019-11-08,-29.2533,152.4777,99,209.7,D
2019-11-08,-31.2074,152.14,97,149.0,D
2019-11-08,-31.1218,152.233,100,492.4,D
2019-11-08,-31.0775,152.2666,60,61.5,D
2019-11-08,-30.393,150.2011,63,17.5,D
2019-11-08,-31.1015,152.2409,95,128.6,D
2019-11-08,-31.085,152.1967,98,155.7,D
2019-11-08,-30.9982,152.3191,100,4313.4,D
2019-11-08,-30.9739,152.3143,84,67.8,D
2019-11-08,-30.9595,152.2407,77,61.7,D
2019-11-08,-30.7169,152.2089,100,245.3,D
2019-11-08,-30.7126,152.2016,92,111.2,D
2019-11-08,-29.3179,152.5476,100,382.3,D
2019-11-08,-30.0826,152.7058,100,843.3,D
2019-11-08,-29.9216,152.3812,95,137.9,D
2019-11-08,-29.8793,152.5282,65,36.9,D
2019-11-08,-29.8589,152.4339,88,91.7,D
2019-11-08,-29.8227,152.4825,58,40.2,D
2019-11-08,-29.8387,152.4015,100,645.2,D
2019-11-08,-29.989,151.4337,100,179.8,D
2019-11-08,-29.7735,152.2729,89,93.7,D
2019-11-08,-29.6934,151.9997,100,293.7,D
2019-11-08,-29.3029,151.6809,100,950.3,D
2019-11-08,-29.3065,151.6623,100,2466.2,D
2019-11-08,-29.2671,151.672,100,431.6,D
2019-11-08,-29.2874,151.4773,79,54.5,D
2019-11-08,-29.2616,151.5729,88,82.9,D
2019-11-08,-29.2521,151.6633,90,93.2,D
2019-11-08,-29.2511,151.6031,82,53.1,D
2019-11-08,-29.2354,151.4265,97,138.4,D
2019-11-08,-29.1753,151.6076,100,363.6,D
2019-11-08,-29.2041,151.4881,97,141.7,D
2019-11-08,-27.8433,152.3049,76,57.3,D
2019-11-08,-27.92,152.3809,56,57.9,D
2019-11-08,-26.3365,152.991,94,1549.1,D
2019-11-08,-24.4079,148.7915,100,160.7,D
2019-11-08,-15.7372,143.8474,100,330.7,D
2019-11-08,-15.6477,143.8883,64,13.5,D
2019-11-08,-15.5982,143.864,51,12.5,D
2019-11-08,-14.7234,141.9909,56,7.5,D
2019-11-08,-34.7875,117.4381,100,1561.2,D
2019-11-08,-34.7647,117.45,51,6.8,D
2019-11-08,-31.4942,124.0385,54,8.6,D
2019-11-08,-30.9871,115.7634,90,64.8,D
2019-11-08,-16.4851,124.6914,70,47.9,D
2019-11-08,-16.061,124.8452,68,60.0,D
2019-11-08,-15.0261,127.2214,76,110.4,D
2019-11-08,-31.3463,152.4616,100,123.4,N
2019-11-08,-30.9787,152.6219,100,211.9,N
2019-11-08,-29.2465,152.459,95,74.3,N
2019-11-08,-30.0756,151.5912,100,237.5,N
2019-11-08,-30.0278,152.649,100,246.1,N
2019-11-08,-30.6908,152.7497,92,88.9,N
2019-11-08,-30.132,152.6053,100,715.9,N
2019-11-08,-30.0873,152.8018,100,260.2,N
2019-11-08,-30.0631,152.6997,100,259.4,N
2019-11-08,-30.0804,152.7292,66,62.6,N
2019-11-08,-30.0649,152.7285,100,162.3,N
2019-11-08,-29.9944,152.6781,100,126.8,N
2019-11-08,-29.9564,152.7735,100,451.9,N
2019-11-08,-29.9645,152.4366,68,126.8,N
2019-11-08,-29.8926,152.8005,82,46.5,N
2019-11-08,-29.8856,152.7286,100,473.2,N
2019-11-08,-29.8581,152.4519,100,178.2,N
2019-11-08,-29.851,152.6165,98,77.4,N
2019-11-08,-29.8131,152.2659,62,65.0,N
2019-11-08,-29.684,152.1393,100,283.0,N
2019-11-08,-29.3431,152.5778,92,81.6,N
2019-11-08,-29.1838,152.457,100,106.1,N
2019-11-08,-28.537,153.334,83,39.2,N
2019-11-08,-28.5685,153.3077,100,104.6,N
2019-11-08,-28.123,152.5131,100,121.1,N
2019-11-08,-27.699,152.3503,75,39.6,N
2019-11-08,-13.6606,131.3659,73,10.1,N
2019-11-08,-26.7457,152.4315,87,11.5,N
2019-11-08,-29.2472,152.4621,52,14.3,N
2019-11-08,-29.2428,152.4303,69,12.6,N
2019-11-08,-27.9462,152.4151,100,19.2,N
2019-11-08,-27.9643,152.412,100,38.8,N
2019-11-08,-29.2611,152.4273,100,18.3,N
2019-11-08,-28.1272,152.5154,100,58.4,N
2019-11-08,-29.151,151.584,100,76.1,N
2019-11-08,-29.1705,151.5909,100,24.2,N
2019-11-08,-29.805,152.3797,98,19.5,N
2019-11-08,-29.8164,152.5318,100,23.1,N
2019-11-08,-29.9667,152.4263,65,17.8,N
2019-11-08,-29.3405,152.5381,92,14.2,N
2019-11-08,-29.3114,151.6789,64,9.9,N
2019-11-08,-29.5433,152.2712,77,10.2,N
2019-11-08,-30.011,152.6849,94,0.0,N
2019-11-08,-29.2148,151.4504,99,16.3,N
2019-11-08,-29.3238,151.8847,63,8.1,N
2019-11-08,-29.67,152.0639,100,64.4,N
2019-11-08,-29.6776,152.0516,100,62.4,N
2019-11-08,-29.7206,152.2928,100,41.5,N
2019-11-08,-29.7922,152.4919,100,95.6,N
2019-11-08,-30.0305,152.7599,56,33.0,N
2019-11-08,-30.0583,152.9704,100,29.1,N
2019-11-08,-29.827,152.5408,100,47.3,N
2019-11-08,-29.9326,152.8516,100,24.9,N
2019-11-08,-29.8641,152.7453,100,330.8,N
2019-11-08,-29.8719,152.7329,100,207.3,N
2019-11-08,-29.8871,152.775,100,58.8,N
2019-11-08,-29.88,152.6532,86,9.4,N
2019-11-08,-29.8922,152.6732,100,23.6,N
2019-11-08,-29.8748,152.4773,96,13.3,N
2019-11-08,-29.9389,152.8276,67,18.3,N
2019-11-08,-29.9394,152.7603,92,18.6,N
2019-11-08,-29.93,152.5498,77,12.2,N
2019-11-08,-29.9352,152.4499,84,5.7,N
2019-11-08,-29.9887,152.7738,100,251.6,N
2019-11-08,-29.9671,152.477,100,62.5,N
2019-11-08,-30.0681,152.9001,76,21.6,N
2019-11-08,-30.0387,152.6797,78,17.1,N
2019-11-08,-30.0405,152.6234,100,17.9,N
2019-11-08,-30.0868,152.8968,91,31.0,N
2019-11-08,-30.0789,152.6276,100,363.0,N
2019-11-08,-30.0959,152.6303,100,101.2,N
2019-11-08,-30.1066,152.6395,100,85.5,N
2019-11-08,-29.9777,151.4483,100,63.8,N
2019-11-08,-29.9973,151.3915,67,23.5,N
2019-11-08,-30.9421,152.6526,100,27.1,N
2019-11-08,-30.983,152.5315,77,13.7,N
2019-11-08,-31.7286,152.218,69,13.3,N
2019-11-08,-31.1542,152.1105,100,41.7,N
2019-11-08,-31.239,152.3873,100,47.2,N
2019-11-08,-31.2635,152.4563,100,128.9,N
2019-11-08,-31.2839,152.3955,59,26.1,N
2019-11-08,-31.0167,152.0538,98,22.2,N
2019-11-08,-31.3333,152.3591,90,17.1,N
2019-11-08,-30.6931,152.7718,100,20.6,N
2019-11-08,-30.6784,152.8782,82,12.0,N
2019-11-08,-31.0876,152.5112,100,20.6,N
2019-11-08,-30.7513,152.8128,100,20.8,N
2019-11-08,-30.7528,152.3263,72,8.1,N
2019-11-08,-30.8688,152.5015,100,15.9,N
2019-11-08,-31.0762,152.3547,100,24.2,N
2019-11-08,-30.9503,151.9614,100,38.4,N
2019-11-08,-31.1001,152.1151,100,30.8,N
2019-11-08,-31.4166,152.3446,51,9.6,N
2019-11-08,-14.5138,131.3383,71,6.0,N
2019-11-09,-15.4811,144.2434,89,46.4,D
2019-11-09,-15.613,143.9796,57,17.0,D
2019-11-09,-15.6703,143.9518,69,21.9,D
2019-11-09,-26.3838,147.0076,65,9.0,D
2019-11-09,-29.1553,151.5774,100,399.5,D
2019-11-09,-29.172,151.5192,80,102.1,D
2019-11-09,-29.7106,152.2983,92,312.1,D
2019-11-09,-29.8904,152.852,57,85.9,D
2019-11-09,-30.021,152.6087,96,275.1,D
2019-11-09,-31.9527,152.4252,67,148.6,D
2019-11-09,-30.7692,152.8064,71,99.9,D
2019-11-09,-30.9763,152.5753,53,74.0,D
2019-11-09,-15.2738,126.9483,88,50.5,D
2019-11-09,-15.2668,126.9855,92,66.1,D
2019-11-09,-15.9464,125.5178,64,15.8,D
2019-11-09,-17.563,122.3968,69,10.4,D
2019-11-09,-31.6054,124.034,68,29.9,D
2019-11-09,-31.9726,152.412,88,88.4,D
2019-11-09,-31.7583,152.3702,67,103.6,D
2019-11-09,-31.4585,152.8355,87,88.9,D
2019-11-09,-31.2408,152.0963,93,153.6,D
2019-11-09,-31.026,152.4666,72,97.8,D
2019-11-09,-30.9657,151.957,84,99.0,D
2019-11-09,-30.0834,151.5999,85,90.2,D
2019-11-09,-30.0944,151.5829,95,181.8,D
2019-11-09,-29.7408,152.2516,100,238.1,D
2019-11-09,-29.7006,152.2693,100,433.4,D
2019-11-09,-29.3191,152.6187,67,61.1,D
2019-11-09,-30.1321,152.6319,100,656.4,D
2019-11-09,-29.2044,151.7511,85,85.9,D
2019-11-09,-29.167,151.5982,100,414.9,D
2019-11-09,-29.8651,152.451,74,46.0,D
2019-11-09,-29.7675,152.238,90,111.8,D
2019-11-09,-30.9538,151.9707,75,55.5,D
2019-11-09,-30.1464,152.6138,100,1018.3,D
2019-11-09,-29.2737,152.4012,85,103.0,D
2019-11-09,-29.2391,152.5004,95,147.1,D
2019-11-09,-29.2291,152.4534,85,111.6,D
2019-11-09,-29.1446,151.5483,91,143.1,D
2019-11-09,-23.7296,151.0007,77,52.3,D
2019-11-09,-31.5806,123.9319,98,448.2,D
2019-11-09,-27.2931,128.7331,100,193.8,D
2019-11-09,-16.2199,124.858,81,58.0,D
2019-11-09,-12.7236,136.4593,54,35.7,D
2019-11-09,-12.0414,132.8386,100,127.1,D
2019-11-09,-15.8396,125.1198,85,79.6,D
2019-11-09,-14.0145,131.8573,77,22.1,D
2019-11-09,-31.005,151.9902,100,46.2,N
2019-11-09,-31.3612,152.5127,88,45.8,N
2019-11-09,-30.9056,152.2973,67,15.4,N
2019-11-09,-30.9165,151.9664,100,30.9,N
2019-11-09,-30.892,152.6365,63,14.7,N
2019-11-09,-30.8272,152.3899,55,12.6,N
2019-11-09,-30.7974,152.3456,85,16.4,N
2019-11-09,-30.7031,152.2341,100,19.5,N
2019-11-09,-30.6806,152.1974,100,42.7,N
2019-11-09,-31.1402,152.0721,100,61.3,N
2019-11-09,-31.4715,152.3246,77,16.9,N
2019-11-09,-31.2681,152.5205,54,17.1,N
2019-11-09,-31.2365,152.5512,100,50.3,N
2019-11-09,-31.2535,152.4353,79,26.2,N
2019-11-09,-30.9887,152.5428,56,11.9,N
2019-11-09,-31.1608,152.3132,56,7.9,N
2019-11-09,-31.745,152.0233,100,19.6,N
2019-11-09,-31.6712,152.2796,100,37.2,N
2019-11-09,-31.085,152.5144,72,19.7,N
2019-11-09,-30.1411,152.6078,97,37.1,N
2019-11-09,-29.5811,152.2913,100,20.5,N
2019-11-09,-29.2102,151.426,87,19.5,N
2019-11-09,-29.3309,151.7397,88,15.5,N
2019-11-09,-29.8521,152.8141,100,50.3,N
2019-11-09,-29.1772,151.4662,100,288.4,N
2019-11-09,-28.3041,152.5712,100,39.4,N
2019-11-09,-29.1899,151.6962,81,13.0,N
2019-11-09,-29.3202,151.6216,92,19.3,N
2019-11-09,-29.7816,152.4941,94,17.4,N
2019-11-09,-30.0055,151.3927,100,26.7,N
2019-11-09,-29.7553,152.2951,81,15.4,N
2019-11-09,-30.0919,152.5699,82,17.2,N
2019-11-09,-29.2275,151.8195,82,16.9,N
2019-11-09,-29.6652,152.2825,82,33.4,N
2019-11-09,-29.6735,152.0381,100,78.7,N
2019-11-09,-29.6689,152.0692,100,58.2,N
2019-11-09,-29.9507,152.8953,100,23.6,N
2019-11-09,-29.6082,152.2969,98,18.0,N
2019-11-09,-29.6448,152.1114,100,103.3,N
2019-11-09,-29.5992,152.2951,100,35.0,N
2019-11-09,-26.6395,152.4408,100,59.3,N
2019-11-09,-23.1392,150.6749,100,24.3,N
2019-11-09,-23.1016,150.6784,100,31.1,N
2019-11-09,-23.055,150.6841,100,74.4,N
2019-11-09,-19.0566,144.5285,96,28.6,N
2019-11-09,-16.6808,144.9536,100,29.8,N
2019-11-09,-31.1093,152.1204,77,208.7,N
2019-11-09,-31.3543,123.6773,100,71.7,N
2019-11-09,-15.707,128.3018,71,9.0,N
2019-11-09,-13.4798,130.2603,100,66.2,N
2019-11-09,-23.0313,150.6925,69,93.3,N
2019-11-09,-23.147,150.6395,100,118.2,N
2019-11-09,-29.5912,152.203,100,1154.0,N
2019-11-09,-31.3198,152.2623,78,105.2,N
2019-11-09,-31.3334,123.7027,93,61.5,N
2019-11-09,-20.2372,148.3999,92,371.8,D
2019-11-09,-30.9665,151.9439,100,213.0,D
2019-11-09,-30.9192,151.9414,92,84.3,D
2019-11-09,-30.0611,152.5619,50,44.8,D
2019-11-09,-30.1178,152.8711,75,39.7,D
2019-11-09,-29.7429,152.2847,95,100.7,D
2019-11-09,-29.7569,152.2983,70,40.6,D
2019-11-09,-29.7691,152.2364,93,79.1,D
2019-11-09,-30.7418,152.854,88,55.5,D
2019-11-09,-30.8935,152.6694,71,39.1,D
2019-11-09,-31.1176,152.1949,63,29.8,D
2019-11-09,-27.7143,152.3439,83,48.3,D
2019-11-09,-29.302,151.8497,74,28.2,D
2019-11-09,-30.0974,151.5778,90,78.0,D
2019-11-09,-29.1559,151.5319,86,61.7,D
2019-11-09,-31.2523,152.543,99,119.7,D
2019-11-09,-31.4716,152.4279,98,105.7,D
2019-11-09,-31.6985,151.8868,61,33.3,D
2019-11-09,-32.0515,152.407,87,49.8,D
2019-11-10,-12.5623,136.2382,65,18.5,D
2019-11-10,-11.4474,142.3299,69,35.8,D
2019-11-10,-12.5242,136.6621,86,26.3,D
2019-11-10,-15.6294,144.1384,84,167.9,D
2019-11-10,-15.9818,144.1823,75,75.4,D
2019-11-10,-19.0161,144.5422,52,93.1,D
2019-11-10,-25.0582,129.5078,73,27.1,D
2019-11-10,-31.0812,124.1106,100,282.8,D
2019-11-10,-31.1637,123.6898,84,94.4,D
2019-11-10,-31.3525,123.6718,86,104.8,D
2019-11-10,-32.0383,152.5209,76,27.8,D
2019-11-10,-31.7649,152.0083,93,52.3,D
2019-11-10,-31.9654,152.4707,85,34.4,D
2019-11-10,-31.759,152.2358,85,33.7,D
2019-11-10,-30.6774,152.8342,87,53.6,D
2019-11-10,-30.6964,152.6655,93,78.5,D
2019-11-10,-31.4939,152.3374,88,45.1,D
2019-11-10,-31.3159,152.7738,79,32.1,D
2019-11-10,-31.3214,152.2045,94,69.1,D
2019-11-10,-31.2515,152.4381,100,224.5,D
2019-11-10,-31.1272,152.0784,95,71.7,D
2019-11-10,-30.9865,152.5995,50,20.4,D
2019-11-10,-30.9588,151.918,71,35.5,D
2019-11-10,-31.1195,152.1827,100,247.0,D
2019-11-10,-31.0139,152.0156,100,185.0,D
2019-11-10,-33.1413,150.4409,86,27.8,D
2019-11-10,-30.9208,151.9632,100,485.0,D
2019-11-10,-30.8732,152.004,100,106.4,D
2019-11-10,-30.6907,152.2288,93,65.7,D
2019-11-10,-30.1059,152.9238,96,102.5,D
2019-11-10,-29.6688,152.2486,100,355.7,D
2019-11-10,-29.3441,151.7434,80,23.2,D
2019-11-10,-29.1571,151.5161,84,37.1,D
2019-11-10,-29.1629,152.5009,89,54.3,D
2019-11-10,-29.2026,151.4291,98,85.5,D
2019-11-10,-28.0794,152.4084,61,43.9,D
2019-11-10,-29.1966,151.765,86,37.9,D
2019-11-10,-30.118,152.7334,53,27.0,D
2019-11-10,-30.0706,152.5422,81,32.7,D
2019-11-10,-30.1007,151.5874,73,14.3,D
2019-11-10,-29.8401,152.7988,100,686.5,D
2019-11-10,-29.8344,152.7091,95,90.7,D
2019-11-10,-29.2415,151.6813,69,15.3,D
2019-11-10,-29.1735,151.7196,100,127.2,D
2019-11-10,-29.8537,152.4324,99,102.1,D
2019-11-10,-29.9934,151.3635,100,102.4,D
2019-11-10,-29.6291,152.1901,93,71.7,D
2019-11-10,-29.5845,152.2666,100,242.5,D
2019-11-10,-29.3057,151.9157,59,15.7,D
2019-11-10,-26.6199,152.4831,58,20.1,D
2019-11-10,-23.1485,150.6705,80,50.9,D
2019-11-10,-23.097,150.6132,65,33.8,D
2019-11-10,-20.2578,147.9577,100,93.4,D
2019-11-10,-20.4758,140.3413,60,22.2,D
2019-11-10,-18.5271,145.9183,73,20.7,D
2019-11-10,-15.4914,144.2454,91,33.5,D
2019-11-10,-15.5346,144.0007,84,24.4,D
2019-11-10,-15.5004,144.2467,75,16.5,D
2019-11-10,-15.5684,144.0251,61,17.6,D
2019-11-10,-15.8428,143.7603,100,236.2,D
2019-11-10,-15.7945,143.7871,80,27.1,D
2019-11-10,-15.623,144.1555,83,22.1,D
2019-11-10,-15.3799,143.8581,75,15.4,D
2019-11-10,-12.9677,143.4903,84,29.4,D
2019-11-10,-12.8534,136.1059,98,317.3,D
2019-11-10,-31.6129,123.9776,83,29.9,D
2019-11-10,-31.6255,124.0192,67,21.9,D
2019-11-10,-31.9574,122.8631,100,70.1,D
2019-11-10,-31.3638,123.7274,100,251.9,D
2019-11-10,-31.1878,123.6056,90,31.6,D
2019-11-10,-31.0775,124.1226,100,132.2,D
2019-11-10,-31.4324,123.7571,100,1161.8,D
2019-11-10,-31.5814,123.939,80,28.4,D
2019-11-10,-31.3874,123.7484,99,1035.1,D
2019-11-10,-31.3472,123.7134,91,42.3,D
2019-11-10,-31.1386,124.2049,95,47.8,D
2019-11-10,-31.043,124.1695,91,31.2,D
2019-11-10,-27.2976,128.9913,100,139.3,D
2019-11-10,-27.2873,129.0005,100,201.8,D
2019-11-10,-25.3607,128.8503,100,205.2,D
2019-11-10,-17.591,122.4972,100,58.0,D
2019-11-10,-30.0127,151.3812,71,65.5,N
2019-11-10,-20.2711,147.9349,53,36.0,N
2019-11-10,-14.8181,127.2778,59,30.4,N
2019-11-10,-13.9265,131.7734,88,20.9,N
2019-11-10,-12.4119,131.5701,100,40.1,N
2019-11-10,-26.5369,152.2322,71,11.3,N
2019-11-10,-28.526,153.3928,85,13.2,N
2019-11-10,-29.2714,151.5224,71,11.8,N
2019-11-10,-29.311,152.3658,67,11.4,N
2019-11-10,-29.3248,151.7202,83,26.6,N
2019-11-10,-29.6204,152.5093,80,14.0,N
2019-11-10,-29.7904,152.5128,100,37.2,N
2019-11-10,-29.9926,152.3505,100,90.8,N
2019-11-10,-30.1582,152.626,100,22.4,N
2019-11-10,-30.8206,152.2104,100,26.0,N
2019-11-10,-30.9995,152.5315,84,13.8,N
2019-11-10,-31.1295,152.0732,100,53.0,N
2019-11-10,-31.2523,152.5445,65,19.7,N
2019-11-10,-31.3757,152.5164,100,53.1,N
2019-11-10,-31.6865,151.9131,78,19.5,N
2019-11-10,-31.2001,123.8096,87,31.2,N
2019-11-10,-31.4864,123.841,69,28.4,N
2019-11-10,-13.4494,130.2631,55,9.3,N
2019-11-10,-18.4875,123.9384,92,63.2,N
2019-11-10,-31.216,123.8375,68,27.4,N
2019-11-11,-18.8105,145.7368,77,25.1,D
2019-11-11,-20.2684,147.9436,66,16.0,D
2019-11-11,-29.2939,151.5608,92,86.3,D
2019-11-11,-30.0158,151.3858,85,55.6,D
2019-11-11,-29.3373,151.7378,53,26.2,D
2019-11-11,-30.9841,151.965,67,34.8,D
2019-11-11,-12.552,136.2289,68,117.3,D
2019-11-11,-14.4909,135.3929,83,198.3,D
2019-11-11,-14.7706,126.9891,94,45.6,D
2019-11-11,-15.559,125.5654,68,20.4,D
2019-11-11,-16.1419,125.0242,71,15.0,D
2019-11-11,-31.2988,123.7153,83,26.9,D
2019-11-11,-31.4622,123.9691,98,72.5,D
2019-11-11,-29.287,152.6521,80,108.7,D
2019-11-11,-23.1256,150.6262,82,148.2,D
2019-11-11,-27.1385,128.6017,90,137.4,D
2019-11-11,-15.6433,129.4674,84,51.7,D
2019-11-11,-15.7922,125.1202,63,64.3,D
2019-11-11,-12.9022,136.0786,100,249.2,D
2019-11-11,-12.9472,136.1243,53,23.4,D
2019-11-11,-13.5127,130.2316,87,47.3,D
2019-11-11,-11.9866,135.657,57,16.9,D
2019-11-11,-31.2977,123.6934,68,84.2,D
2019-11-11,-31.6178,123.9798,87,160.4,D
2019-11-11,-30.0165,151.3825,100,27.5,N
2019-11-11,-29.8206,152.6465,68,8.7,N
2019-11-11,-32.0302,152.3664,84,17.4,N
2019-11-11,-31.3929,152.59,75,11.7,N
2019-11-11,-31.2774,152.0383,69,12.2,N
2019-11-11,-31.1451,152.0461,65,17.5,N
2019-11-11,-30.644,152.7252,87,14.3,N
2019-11-11,-29.2002,151.4235,78,13.1,N
2019-11-11,-29.3931,152.6352,100,84.9,N
2019-11-11,-28.5828,153.2861,100,40.4,N
2019-11-11,-29.3423,151.667,100,35.8,N
2019-11-11,-15.9178,143.6675,55,23.3,N
2019-11-11,-15.0608,127.2966,100,90.6,N
2019-11-11,-16.5375,128.5071,77,6.6,N
2019-11-11,-15.9537,125.6753,100,148.6,N
2019-11-11,-14.9349,127.3382,100,32.7,N
2019-11-11,-15.5867,144.0538,82,11.6,N
2019-11-11,-18.8495,145.7349,58,14.7,N
2019-11-11,-15.5341,125.6348,82,13.3,N
2019-11-11,-31.0502,151.9952,99,253.9,D
2019-11-11,-29.3978,152.6556,72,55.6,D
2019-11-11,-30.0214,151.3957,91,182.1,D
2019-11-11,-30.9229,151.9022,91,151.0,D
2019-11-11,-31.2841,152.0427,95,196.0,D
2019-11-11,-33.1723,150.5347,83,110.1,D
2019-11-12,-12.9181,143.2295,80,36.9,D
2019-11-12,-14.6957,141.9764,50,13.5,D
2019-11-12,-14.6908,141.9611,83,26.2,D
2019-11-12,-15.6096,144.1172,73,26.1,D
2019-11-12,-15.7587,143.7676,91,72.2,D
2019-11-12,-15.7317,136.4149,100,90.8,D
2019-11-12,-16.4398,124.7103,69,97.0,D
2019-11-12,-33.1661,150.5578,85,25.1,D
2019-11-12,-31.009,152.5912,100,638.6,D
2019-11-12,-31.0667,152.0092,100,103.5,D
2019-11-12,-33.1538,150.3546,95,58.4,D
2019-11-12,-32.0338,152.3782,75,15.4,D
2019-11-12,-32.0384,152.3465,83,29.7,D
2019-11-12,-31.9803,152.3727,92,36.9,D
2019-11-12,-31.7019,152.384,96,54.3,D
2019-11-12,-30.9928,152.4511,81,25.4,D
2019-11-12,-30.9372,152.7005,100,81.4,D
2019-11-12,-31.0345,151.9747,100,191.5,D
2019-11-12,-31.7192,151.9436,100,353.4,D
2019-11-12,-31.6845,152.1855,70,14.6,D
2019-11-12,-31.6682,152.2416,50,22.2,D
2019-11-12,-31.7135,151.8611,74,28.0,D
2019-11-12,-31.6141,152.2956,54,8.1,D
2019-11-12,-30.8834,152.6242,71,17.8,D
2019-11-12,-30.9794,151.9153,100,123.5,D
2019-11-12,-31.4905,152.318,86,33.6,D
2019-11-12,-31.3606,152.5789,85,27.2,D
2019-11-12,-31.352,152.386,91,39.6,D
2019-11-12,-31.3151,152.195,60,12.5,D
2019-11-12,-31.2291,152.4745,89,37.1,D
2019-11-12,-31.2873,152.0113,87,30.4,D
2019-11-12,-31.1853,152.5197,87,32.1,D
2019-11-12,-31.0778,152.5565,100,106.1,D
2019-11-12,-31.0455,152.5333,76,20.6,D
2019-11-12,-30.951,151.9205,83,26.6,D
2019-11-12,-30.7972,152.775,79,26.2,D
2019-11-12,-30.912,151.9343,100,87.0,D
2019-11-12,-30.8006,152.4433,82,21.6,D
2019-11-12,-30.8603,152.0354,55,15.2,D
2019-11-12,-30.7102,152.8602,82,27.1,D
2019-11-12,-30.6384,152.7301,91,41.9,D
2019-11-12,-30.7302,152.111,88,35.7,D
2019-11-12,-30.694,152.1684,51,11.5,D
2019-11-12,-30.073,152.5664,85,29.8,D
2019-11-12,-30.0525,151.4507,100,351.0,D
2019-11-12,-30.1112,152.4985,93,48.6,D
2019-11-12,-30.0591,152.5963,86,32.2,D
2019-11-12,-29.9719,152.8668,84,24.3,D
2019-11-12,-30.0644,151.4317,90,37.2,D
2019-11-12,-30.0464,151.4283,100,148.4,D
2019-11-12,-30.0335,151.3873,94,43.1,D
2019-11-12,-29.9915,151.3581,89,34.0,D
2019-11-12,-29.7682,152.2659,75,23.8,D
2019-11-12,-29.7325,152.0063,61,11.7,D
2019-11-12,-33.1646,150.5692,83,18.8,D
2019-11-12,-31.1248,152.1819,62,15.1,D
2019-11-12,-31.1517,152.0532,98,64.5,D
2019-11-12,-33.1876,150.5797,100,1443.2,D
2019-11-12,-33.098,150.5689,100,149.2,D
2019-11-12,-33.1049,150.3162,78,21.3,D
2019-11-12,-31.7791,151.9771,86,28.9,D
2019-11-12,-29.3249,152.6379,87,25.8,D
2019-11-12,-29.3645,152.624,95,48.5,D
2019-11-12,-29.204,152.5906,83,27.7,D
2019-11-12,-29.3365,151.6348,100,69.3,D
2019-11-12,-29.2961,151.8487,91,39.0,D
2019-11-12,-29.1757,152.5306,100,115.6,D
2019-11-12,-29.1613,152.4406,86,32.5,D
2019-11-12,-29.1755,151.7238,82,25.6,D
2019-11-12,-29.1368,151.616,100,147.7,D
2019-11-12,-28.6593,152.2294,100,271.7,D
2019-11-12,-28.102,152.3821,66,22.0,D
2019-11-12,-25.4693,150.5187,61,11.0,D
2019-11-12,-16.5958,144.8814,90,60.8,D
2019-11-12,-16.6051,144.8766,88,49.5,D
2019-11-12,-12.9156,143.098,78,44.4,D
2019-11-12,-12.5277,141.8012,68,41.7,D
2019-11-12,-15.5287,144.224,72,23.8,D
2019-11-12,-13.0202,143.262,69,33.4,D
2019-11-12,-12.9251,143.1999,66,40.7,D
2019-11-12,-15.6342,144.0287,61,29.7,D
2019-11-12,-31.4909,123.8056,58,15.7,D
2019-11-12,-15.7512,128.8655,100,322.9,D
2019-11-12,-15.9464,125.7023,95,79.6,D
2019-11-12,-16.2415,126.7644,100,102.8,D
2019-11-12,-16.2728,126.7646,100,66.7,D
2019-11-12,-15.5185,125.5466,94,45.1,D
2019-11-12,-14.7975,127.3207,59,31.9,D
2019-11-12,-34.8564,117.008,80,241.8,D
2019-11-12,-33.1726,150.5127,88,27.1,N
2019-11-12,-31.6856,151.8374,81,34.0,N
2019-11-12,-31.4781,152.2013,71,27.8,N
2019-11-12,-30.6783,152.3325,100,69.5,N
2019-11-12,-30.0981,152.5035,68,26.8,N
2019-11-12,-30.9049,151.8889,61,34.9,N
2019-11-12,-30.9665,152.4926,83,32.7,N
2019-11-12,-31.7808,152.1441,100,56.1,N
2019-11-12,-31.7965,152.1429,100,176.1,N
2019-11-12,-30.9872,151.1565,92,36.0,N
2019-11-12,-29.6359,152.2529,100,119.1,N
2019-11-12,-29.1351,153.3027,51,27.7,N
2019-11-12,-31.7893,152.0462,56,57.3,N
2019-11-12,-31.7124,151.9672,100,103.4,N
2019-11-12,-31.6525,152.3916,82,49.2,N
2019-11-12,-30.9538,151.1807,100,63.6,N
2019-11-12,-28.5225,153.3417,69,35.4,N
2019-11-12,-25.6443,146.4256,88,17.6,N
2019-11-12,-15.8418,143.689,83,17.0,N
2019-11-12,-15.6416,144.0459,86,15.1,N
2019-11-12,-15.7949,129.5455,50,55.4,N
2019-11-12,-28.5832,153.3114,100,36.2,N
2019-11-12,-28.5227,153.3637,59,11.1,N
2019-11-12,-29.2931,152.7751,100,34.0,N
2019-11-12,-31.6068,151.799,100,56.7,N
2019-11-12,-29.3227,152.7311,79,29.6,N
2019-11-12,-29.3734,152.5697,65,10.0,N
2019-11-12,-31.662,152.2168,100,68.5,N
2019-11-12,-30.8946,151.9,100,75.4,N
2019-11-12,-31.1292,152.5849,60,35.3,N
2019-11-12,-31.6447,152.3335,90,43.2,N
2019-11-12,-31.6763,152.4137,97,30.9,N
2019-11-12,-29.9664,152.9081,52,10.5,N
2019-11-12,-30.1052,152.9518,59,22.5,N
2019-11-12,-30.0813,152.5186,64,13.5,N
2019-11-12,-30.743,152.4451,78,41.2,N
2019-11-12,-30.7041,152.3186,100,50.7,N
2019-11-12,-30.9313,151.174,100,221.3,N
2019-11-12,-30.9474,152.4277,80,18.2,N
2019-11-12,-31.1209,152.0592,100,63.3,N
2019-11-12,-31.7969,152.1222,100,79.3,N
2019-11-12,-31.2367,152.4316,62,42.2,N
2019-11-12,-31.3974,152.1756,97,25.9,N
2019-11-12,-31.7145,151.9435,91,25.2,N
2019-11-12,-31.7879,152.1607,100,56.5,N
2019-11-12,-31.7975,152.1843,100,135.2,N
2019-11-12,-33.1446,150.7292,100,220.8,N
2019-11-12,-33.286,150.7922,70,26.5,N
2019-11-12,-15.8768,143.8917,77,37.6,N
2019-11-12,-24.5679,118.2455,81,63.8,N
2019-11-13,-23.103,150.6426,88,29.2,D
2019-11-13,-26.172,146.6939,96,82.7,D
2019-11-13,-29.7705,152.5687,74,26.1,D
2019-11-13,-29.7286,152.0081,70,12.3,D
2019-11-13,-29.9882,151.3432,84,25.0,D
2019-11-13,-30.644,152.2401,91,55.7,D
2019-11-13,-29.1903,151.7618,66,18.4,D
2019-11-13,-30.8392,152.0253,81,27.2,D
2019-11-13,-30.895,151.8984,100,96.6,D
2019-11-13,-30.9689,151.2067,91,40.4,D
2019-11-13,-31.2108,152.5554,77,49.6,D
2019-11-13,-31.3555,152.5785,83,35.6,D
2019-11-13,-31.4974,152.2458,82,43.0,D
2019-11-13,-31.7838,152.104,89,38.9,D
2019-11-13,-33.2523,150.6437,52,31.4,D
2019-11-13,-33.1217,150.7094,93,57.6,D
2019-11-13,-33.1825,150.6214,96,61.6,D
2019-11-13,-33.2368,150.5996,78,54.8,D
2019-11-13,-12.2471,132.5052,66,21.9,D
2019-11-13,-14.7147,127.1778,100,93.6,D
2019-11-13,-14.8764,127.3369,87,25.4,D
2019-11-13,-15.012,127.3773,68,25.0,D
2019-11-13,-15.1039,127.2621,100,87.2,D
2019-11-13,-15.6255,128.3981,96,44.1,D
2019-11-13,-16.1234,125.0501,68,23.6,D
2019-11-13,-18.4462,123.9181,80,31.7,D
2019-11-13,-27.1107,128.5892,100,103.2,D
2019-11-13,-31.4591,123.7085,57,14.0,D
2019-11-13,-33.2625,150.6383,100,392.1,D
2019-11-13,-32.0879,152.4527,70,88.6,D
2019-11-13,-31.5794,151.7981,94,319.5,D
2019-11-13,-30.9369,151.898,76,111.7,D
2019-11-13,-30.7094,152.0986,76,150.1,D
2019-11-13,-30.9994,145.403,74,22.0,D
2019-11-13,-27.3375,152.07,73,182.6,D
2019-11-13,-16.5841,144.9497,81,103.9,D
2019-11-13,-15.3306,143.7948,93,146.4,D
2019-11-13,-15.6756,144.1558,63,49.7,D
2019-11-13,-15.3584,143.8617,50,41.1,D
2019-11-13,-12.9971,136.1343,82,20.1,D
2019-11-13,-12.7177,136.4838,61,14.5,D
2019-11-13,-15.2847,127.1209,78,226.6,D
2019-11-13,-15.0207,127.3735,73,187.6,D
2019-11-13,-14.7538,127.068,54,99.8,D
2019-11-13,-11.5482,142.4457,57,13.9,D
2019-11-13,-31.4589,123.7018,100,286.8,D
2019-11-13,-24.5764,118.2741,61,23.1,D
2019-11-13,-33.2535,150.6671,55,69.3,N
2019-11-13,-30.7996,152.7771,66,27.3,N
2019-11-13,-30.9136,151.8565,100,490.4,N
2019-11-13,-31.1232,152.1804,100,54.4,N
2019-11-13,-30.9361,151.8755,99,42.8,N
2019-11-13,-31.5773,151.8024,100,116.9,N
2019-11-13,-32.0348,152.3221,51,24.7,N
2019-11-13,-31.396,152.1731,85,32.1,N
2019-11-13,-28.3411,152.5968,54,13.5,N
2019-11-13,-15.9039,143.9035,75,84.9,N
2019-11-13,-15.7896,129.3823,83,7.4,N
2019-11-13,-15.1411,127.3355,93,12.4,N
2019-11-13,-15.8999,143.9141,63,23.2,N
2019-11-13,-29.1624,151.463,80,19.6,N
2019-11-13,-30.1341,152.5098,66,23.1,N
2019-11-13,-30.9188,151.2093,100,58.9,N
2019-11-13,-31.0769,151.9686,55,33.9,N
2019-11-13,-31.5551,151.7764,56,34.6,N
2019-11-13,-33.0938,150.7162,100,295.2,N
2019-11-13,-33.0918,150.707,100,335.9,N
2019-11-13,-15.3802,127.1293,66,6.6,N
2019-11-13,-17.2131,123.0647,100,25.1,N
2019-11-13,-31.0128,151.8882,54,182.2,D
2019-11-14,-11.6214,142.5025,73,21.0,D
2019-11-14,-12.6096,142.0302,82,20.0,D
2019-11-14,-16.5675,144.9211,95,60.8,D
2019-11-14,-15.8719,143.9477,96,54.0,D
2019-11-14,-19.1069,144.0107,73,19.0,D
2019-11-14,-17.493,122.4572,100,227.3,D
2019-11-14,-15.6449,125.5951,77,100.2,D
2019-11-14,-31.9762,122.9686,54,69.3,D
2019-11-14,-33.2543,150.589,100,895.4,D
2019-11-14,-33.2239,150.5462,67,29.9,D
2019-11-14,-33.102,150.7302,81,67.8,D
2019-11-14,-33.0246,150.3917,65,33.9,D
2019-11-14,-31.0979,151.9764,68,22.7,D
2019-11-14,-31.0889,151.9589,83,39.1,D
2019-11-14,-29.1447,153.3167,97,67.9,D
2019-11-14,-30.991,151.1623,95,75.2,D
2019-11-14,-30.8831,151.9011,100,131.3,D
2019-11-14,-30.8564,151.9573,57,28.6,D
2019-11-14,-30.0482,152.9463,58,24.8,D
2019-11-14,-29.9418,152.9099,63,12.2,D
2019-11-14,-32.0484,152.3327,100,115.7,D
2019-11-14,-31.745,152.4136,76,24.6,D
2019-11-14,-31.6909,152.4541,72,19.9,D
2019-11-14,-31.665,151.8988,95,79.2,D
2019-11-14,-31.6081,151.7818,92,56.7,D
2019-11-14,-31.3975,152.6053,74,24.8,D
2019-11-14,-29.9979,151.3251,67,15.5,D
2019-11-14,-30.1633,152.6879,96,72.1,D
2019-11-14,-29.813,152.6377,81,28.1,D
2019-11-14,-29.7532,152.5811,94,60.3,D
2019-11-14,-29.6437,152.2269,81,33.4,D
2019-11-14,-28.0684,152.3757,100,207.7,D
2019-11-14,-27.33,152.0751,73,22.7,D
2019-11-14,-25.1271,152.5606,73,26.5,D
2019-11-14,-16.6527,145.0017,87,94.1,D
2019-11-14,-15.8346,143.6683,95,204.9,D
2019-11-14,-12.8919,142.062,68,35.1,D
2019-11-14,-31.0346,124.0727,84,64.9,D
2019-11-14,-31.6402,123.9298,75,42.4,D
2019-11-14,-15.4163,127.0112,99,55.4,D
2019-11-14,-15.2012,127.2231,56,54.2,D
2019-11-14,-14.8749,127.3783,95,47.5,D
2019-11-14,-12.404,131.5674,54,35.5,D
2019-11-14,-33.1526,150.6,64,7.8,N
2019-11-14,-33.0242,150.3998,85,14.6,N
2019-11-14,-33.2845,150.8617,91,23.3,N
2019-11-14,-33.2558,150.675,71,9.0,N
2019-11-14,-31.2132,152.589,100,40.5,N
2019-11-14,-30.8927,151.8589,87,23.7,N
2019-11-14,-30.9613,152.3209,55,13.3,N
2019-11-14,-31.6191,151.8786,100,34.5,N
2019-11-14,-30.8691,151.8682,100,69.4,N
2019-11-14,-30.0147,151.343,100,104.8,N
2019-11-14,-29.9938,151.3383,100,42.3,N
2019-11-14,-27.3404,152.0991,64,26.1,N
2019-11-14,-15.8262,142.4391,91,10.2,N
2019-11-14,-15.3302,143.8092,58,4.9,N
2019-11-14,-15.6944,144.0904,51,3.7,N
2019-11-14,-12.6106,142.7613,78,7.5,N
2019-11-14,-29.1328,153.17,65,26.8,N
2019-11-14,-29.2121,152.4164,52,24.5,N
2019-11-14,-33.2963,150.8293,53,32.0,N
2019-11-14,-31.0015,124.0872,75,13.5,N
2019-11-14,-16.2837,126.8634,56,41.1,N
2019-11-14,-15.226,127.3448,100,109.7,N
2019-11-14,-31.4795,123.715,56,47.9,N
2019-11-14,-27.337,152.1133,100,292.2,D
2019-11-14,-29.3617,152.8856,81,23.7,D
2019-11-14,-29.1846,151.7259,53,8.6,D
2019-11-14,-29.6595,152.231,75,23.2,D
2019-11-15,-29.9902,151.3307,96,54.2,D
2019-11-15,-30.0938,152.4835,81,23.9,D
2019-11-15,-30.7891,152.7655,83,26.3,D
2019-11-15,-30.9392,152.7241,65,18.9,D
2019-11-15,-30.873,152.7106,88,37.7,D
2019-11-15,-30.8543,151.9666,95,54.5,D
2019-11-15,-31.7451,152.1365,54,20.7,D
2019-11-15,-31.0962,151.9852,72,16.3,D
2019-11-15,-31.1037,151.973,86,32.6,D
2019-11-15,-31.2938,152.7604,65,13.4,D
2019-11-15,-31.4478,152.182,84,30.8,D
2019-11-15,-31.5668,151.8052,97,61.9,D
2019-11-15,-31.6589,151.8668,80,38.6,D
2019-11-15,-33.2154,150.5394,79,20.6,D
2019-11-15,-33.1079,150.683,92,42.5,D
2019-11-15,-33.2231,150.5425,78,23.6,D
2019-11-15,-33.2988,150.8435,60,29.8,D
2019-11-15,-31.8202,152.1477,54,13.6,D
2019-11-15,-31.9713,152.2963,85,23.6,D
2019-11-15,-33.005,150.4958,87,35.9,D
2019-11-15,-33.0775,150.61,86,29.0,D
2019-11-15,-33.1729,150.3313,84,34.7,D
2019-11-15,-33.1838,150.3403,95,56.8,D
2019-11-15,-15.1101,127.1286,100,267.5,D
2019-11-15,-15.1747,127.3656,77,33.7,D
2019-11-15,-15.2108,127.3173,77,28.4,D
2019-11-15,-15.7015,136.3325,83,53.0,D
2019-11-15,-12.8855,130.5114,60,14.1,D
2019-11-15,-14.6327,126.2775,88,73.3,D
2019-11-15,-15.8351,129.3322,85,33.1,D
2019-11-15,-15.9759,125.7268,73,40.0,D
2019-11-15,-18.8654,124.3493,85,69.0,D
2019-11-15,-18.9583,124.2909,100,642.5,D
2019-11-15,-30.9918,124.0975,93,64.8,D
2019-11-15,-33.2824,150.7516,97,138.3,D
2019-11-15,-33.2668,150.7091,100,311.1,D
2019-11-15,-33.2962,150.6357,100,276.7,D
2019-11-15,-33.0843,150.7728,100,785.8,D
2019-11-15,-33.149,150.3063,93,98.3,D
2019-11-15,-33.0281,150.568,90,77.7,D
2019-11-15,-32.9992,150.4775,100,362.5,D
2019-11-15,-31.8349,152.2335,62,44.9,D
2019-11-15,-33.2083,150.782,73,53.4,D
2019-11-15,-33.1284,150.7715,76,48.7,D
2019-11-15,-33.1769,150.3369,85,59.8,D
2019-11-15,-31.6907,151.8511,100,441.6,D
2019-11-15,-31.6062,151.8691,50,40.2,D
2019-11-15,-31.3774,152.2079,81,85.4,D
2019-11-15,-31.3696,152.179,60,55.2,D
2019-11-15,-31.1385,151.9986,100,464.1,D
2019-11-15,-30.7843,152.4842,65,64.7,D
2019-11-15,-30.6923,152.3407,83,120.8,D
2019-11-15,-30.6509,152.2578,86,134.9,D
2019-11-15,-29.9879,151.3393,57,31.8,D
2019-11-15,-29.397,152.9197,80,127.4,D
2019-11-15,-30.0978,152.4792,51,48.9,D
2019-11-15,-29.3766,151.6767,81,87.1,D
2019-11-15,-28.073,152.3812,67,82.0,D
2019-11-15,-25.648,146.4242,83,22.7,D
2019-11-15,-15.3529,143.8725,63,22.4,D
2019-11-15,-15.7218,136.3171,75,39.6,D
2019-11-15,-15.834,143.6789,57,11.8,D
2019-11-15,-15.6997,143.7523,67,14.6,D
2019-11-15,-12.8993,142.0757,87,26.7,D
2019-11-15,-12.9155,143.4803,75,39.1,D
2019-11-15,-12.9558,136.31,55,19.2,D
2019-11-15,-12.1741,142.3381,84,28.7,D
2019-11-15,-31.4486,123.6805,100,132.9,D
2019-11-15,-31.2389,123.6536,91,54.5,D
2019-11-15,-16.2366,126.7776,82,138.1,D
2019-11-15,-31.6697,152.4132,80,41.9,N
2019-11-15,-31.5167,152.2293,100,103.5,N
2019-11-15,-31.3891,152.1566,100,89.6,N
2019-11-15,-30.9817,151.1354,90,79.5,N
2019-11-15,-30.6313,152.2739,96,74.0,N
2019-11-15,-30.0246,152.9335,55,19.8,N
2019-11-15,-28.3291,152.563,97,59.8,N
2019-11-15,-28.1009,152.3962,69,27.5,N
2019-11-15,-16.4687,126.7347,100,69.7,N
2019-11-15,-15.1799,127.4247,100,72.8,N
2019-11-15,-14.9708,127.4509,89,21.7,N
2019-11-15,-15.842,142.5181,98,121.2,N
2019-11-15,-29.1407,152.4263,69,9.0,N
2019-11-15,-29.6526,152.368,51,6.5,N
2019-11-15,-27.3196,147.9926,86,14.5,N
2019-11-15,-30.1031,152.4923,64,16.7,N
2019-11-15,-30.0295,152.379,98,22.0,N
2019-11-15,-28.3799,152.6893,71,9.9,N
2019-11-15,-31.8323,152.1793,100,29.2,N
2019-11-15,-33.0452,150.3255,93,16.5,N
2019-11-15,-31.3055,152.1096,61,15.7,N
2019-11-15,-31.3757,152.3548,59,11.8,N
2019-11-15,-31.5161,152.2547,95,44.7,N
2019-11-15,-31.5681,151.8619,100,53.8,N
2019-11-15,-30.4025,152.2798,100,99.1,N
2019-11-15,-30.6239,152.2701,98,25.1,N
2019-11-15,-30.8172,152.5989,59,9.7,N
2019-11-15,-30.7835,152.4874,88,17.4,N
2019-11-15,-30.8453,151.9332,100,49.3,N
2019-11-15,-31.1419,152.5999,100,28.0,N
2019-11-15,-31.6584,151.9272,86,26.3,N
2019-11-15,-31.6565,151.9915,84,15.0,N
2019-11-15,-31.6826,151.962,100,22.1,N
2019-11-15,-30.1356,152.5041,100,122.8,N
2019-11-15,-30.1501,152.7069,69,10.3,N
2019-11-15,-15.9419,129.3411,92,12.7,N
2019-11-15,-18.842,124.3945,54,9.3,N
2019-11-16,-15.4383,143.9866,62,15.6,D
2019-11-16,-15.7006,144.1895,70,13.1,D
2019-11-16,-15.8734,142.466,67,18.8,D
2019-11-16,-19.0327,144.1127,69,18.7,D
2019-11-16,-29.3358,152.9361,92,364.0,D
2019-11-16,-30.4085,152.2953,100,815.9,D
2019-11-16,-30.8406,151.9379,100,570.7,D
2019-11-16,-14.6893,127.0276,78,57.1,D
2019-11-16,-15.4995,125.6978,100,202.7,D
2019-11-16,-15.4689,125.7324,71,33.3,D
2019-11-16,-16.5761,124.5344,55,26.0,D
2019-11-16,-18.8222,124.3401,95,71.6,D
2019-11-16,-20.9101,119.1215,86,21.6,D
2019-11-16,-33.3238,150.7034,95,195.9,D
2019-11-16,-33.0621,150.6503,82,76.7,D
2019-11-16,-31.6779,151.95,66,45.7,D
2019-11-16,-29.1627,153.0844,63,25.5,D
2019-11-16,-30.7248,152.2881,73,42.2,D
2019-11-16,-30.4167,152.2901,66,48.1,D
2019-11-16,-29.1487,153.1124,100,160.7,D
2019-11-16,-29.1332,153.1548,84,45.2,D
2019-11-16,-29.1579,152.5962,100,226.7,D
2019-11-16,-30.1357,152.491,78,51.8,D
2019-11-16,-30.2188,150.0763,84,104.1,D
2019-11-16,-29.3684,152.8673,98,119.9,D
2019-11-16,-29.3903,152.87,62,32.8,D
2019-11-16,-29.1223,151.6266,51,23.4,D
2019-11-16,-28.3437,152.673,100,354.1,D
2019-11-16,-28.1112,152.3849,63,39.8,D
2019-11-16,-25.0134,149.9453,71,80.8,D
2019-11-16,-18.8713,124.4287,59,36.1,D
2019-11-16,-18.1078,124.4118,79,37.2,D
2019-11-16,-16.4137,126.642,55,27.7,D
2019-11-16,-15.3595,131.2529,94,37.2,D
2019-11-16,-15.8276,129.5672,78,12.8,D
2019-11-16,-15.5528,130.3268,60,38.9,D
2019-11-16,-12.5256,136.6124,56,52.7,D
2019-11-16,-31.3249,152.0073,100,76.8,N
2019-11-16,-31.5924,151.758,98,18.0,N
2019-11-16,-31.3307,152.0144,100,45.4,N
2019-11-16,-30.8539,152.7474,91,26.7,N
2019-11-16,-30.6137,152.2461,85,16.6,N
2019-11-16,-30.423,152.2242,93,28.2,N
2019-11-16,-30.4018,150.2211,81,10.4,N
2019-11-16,-29.3273,152.9678,100,30.1,N
2019-11-16,-29.1187,153.113,60,15.5,N
2019-11-16,-27.2986,152.2036,100,31.9,N
2019-11-16,-28.0396,152.3889,53,10.5,N
2019-11-16,-27.068,153.0386,60,8.5,N
2019-11-16,-16.6068,144.9949,52,4.9,N
2019-11-16,-12.4993,141.7839,79,14.2,N
2019-11-16,-31.2081,123.546,98,16.5,N
2019-11-16,-15.7184,130.2317,91,53.5,N
2019-11-16,-16.6771,123.8062,78,7.6,N
2019-11-16,-14.5412,126.4893,80,15.3,N
2019-11-16,-15.6782,142.5046,100,21.4,N
2019-11-16,-15.7197,142.5363,51,6.8,N
2019-11-16,-26.1503,146.5362,100,71.1,N
2019-11-16,-24.4506,117.8673,94,14.6,N
2019-11-16,-28.0962,152.3633,73,35.9,D
2019-11-16,-29.1774,153.1385,79,41.4,D
2019-11-16,-30.0768,152.4497,83,33.0,D
2019-11-16,-30.8392,151.8661,84,56.8,D
2019-11-16,-30.9542,151.8827,64,20.9,D
2019-11-16,-31.5519,151.8242,64,36.7,D
2019-11-16,-33.3153,150.6795,76,41.0,D
2019-11-17,-12.4842,136.6751,83,25.9,D
2019-11-17,-13.2578,130.3286,83,66.3,D
2019-11-17,-15.8077,142.5435,80,58.4,D
2019-11-17,-14.6798,127.1031,77,93.2,D
2019-11-17,-14.9355,126.83,91,162.5,D
2019-11-17,-18.3901,126.6096,92,151.8,D
2019-11-17,-18.3989,126.6556,100,280.8,D
2019-11-17,-31.2518,123.6708,71,34.5,D
2019-11-17,-33.352,150.7643,67,46.7,D
2019-11-17,-31.6629,151.8762,65,32.4,D
2019-11-17,-30.6623,152.1372,78,48.2,D
2019-11-17,-27.3228,152.1539,86,74.4,D
2019-11-17,-30.4538,152.2015,90,126.7,D
2019-11-17,-29.1818,151.7343,88,62.1,D
2019-11-17,-28.0396,152.4157,87,78.9,D
2019-11-17,-27.2996,152.1486,86,80.2,D
2019-11-17,-18.499,145.8471,91,46.1,D
2019-11-17,-16.5633,144.9945,100,182.0,D
2019-11-17,-15.7816,143.9278,86,23.7,D
2019-11-17,-15.7051,144.0148,58,10.7,D
2019-11-17,-15.8905,143.9421,90,35.8,D
2019-11-17,-15.8023,142.6132,79,20.7,D
2019-11-17,-15.6869,142.3201,79,29.8,D
2019-11-17,-15.6448,142.4899,100,78.7,D
2019-11-17,-12.9255,143.2553,69,27.3,D
2019-11-17,-12.2509,142.4415,87,23.3,D
2019-11-17,-12.0484,134.7413,57,47.9,D
2019-11-17,-31.6343,124.1244,100,77.8,D
2019-11-17,-31.1972,123.8429,100,97.2,D
2019-11-17,-31.2604,123.6126,99,52.7,D
2019-11-17,-31.188,123.841,100,75.7,D
2019-11-17,-31.203,123.5729,80,40.4,D
2019-11-17,-30.9992,124.1141,100,72.6,D
2019-11-17,-27.1388,128.5642,81,64.6,D
2019-11-17,-21.6518,116.8396,100,134.5,D
2019-11-17,-17.4327,123.925,77,43.2,D
2019-11-17,-17.4313,124.0008,76,176.7,D
2019-11-17,-16.4101,126.66,68,63.9,D
2019-11-17,-15.761,129.3094,82,197.2,D
2019-11-17,-17.9082,122.6569,100,153.1,D
2019-11-17,-14.9856,127.4823,73,84.4,D
2019-11-17,-15.6563,124.9815,65,67.3,D
2019-11-17,-15.0897,127.3253,78,68.7,D
2019-11-17,-14.5615,126.458,90,144.3,D
2019-11-17,-29.7523,152.6152,54,82.3,N
2019-11-17,-27.2801,152.1708,100,300.4,N
2019-11-17,-14.9269,131.3184,60,11.7,N
2019-11-17,-14.6177,134.9456,100,19.6,N
2019-11-17,-15.8877,142.6667,100,193.9,N
2019-11-17,-15.7732,143.929,56,20.5,N
2019-11-17,-13.2222,130.3248,100,131.3,N
2019-11-17,-15.1121,127.4341,100,140.7,N
2019-11-17,-13.6717,130.8429,100,39.6,N
2019-11-17,-13.187,130.2508,69,12.1,N
2019-11-17,-25.0647,149.9663,100,136.8,N
2019-11-17,-29.3914,152.8654,100,29.4,N
2019-11-17,-29.1341,152.6205,94,15.3,N
2019-11-17,-28.0223,152.3916,69,19.9,N
2019-11-17,-30.4036,152.1819,96,19.3,N
2019-11-17,-27.254,152.2494,88,22.6,N
2019-11-17,-30.5887,152.2506,100,39.0,N
2019-11-17,-31.1185,152.6037,63,10.4,N
2019-11-17,-32.9846,150.5608,54,8.8,N
2019-11-17,-30.969,124.0451,92,91.8,N
2019-11-17,-13.2075,130.2762,81,10.1,N
2019-11-17,-13.6784,130.8833,62,4.8,N
2019-11-17,-14.966,131.2977,100,60.6,N
2019-11-17,-31.2,123.8576,96,16.9,N
2019-11-17,-31.6234,124.1004,77,10.8,N
2019-11-18,-15.711,144.021,52,18.7,D
2019-11-18,-24.3902,147.7936,78,40.2,D
2019-11-18,-27.3024,152.1094,87,254.7,D
2019-11-18,-29.3711,151.6663,52,22.8,D
2019-11-18,-33.0261,150.6809,97,153.6,D
2019-11-18,-33.3238,150.7831,72,42.8,D
2019-11-18,-13.2558,130.3046,80,92.2,D
2019-11-18,-14.7088,127.2825,85,34.8,D
2019-11-18,-15.6433,130.3652,86,86.6,D
2019-11-18,-15.6375,124.9647,93,44.5,D
2019-11-18,-17.4221,124.0655,52,18.9,D
2019-11-18,-17.453,123.8995,91,30.0,D
2019-11-18,-31.2883,123.6126,100,85.2,D
2019-11-18,-30.9996,151.1134,84,144.4,D
2019-11-18,-30.1744,152.7192,74,78.1,D
2019-11-18,-29.1198,151.6317,55,53.7,D
2019-11-18,-28.0971,152.3541,55,63.6,D
2019-11-18,-30.9674,124.0205,89,357.4,D
2019-11-18,-21.6535,145.3624,93,409.7,D
2019-11-18,-15.6339,142.3707,96,302.8,D
2019-11-18,-17.4501,123.8942,58,197.2,D
2019-11-18,-16.9449,124.1544,100,1320.8,D
2019-11-18,-14.6075,134.9884,64,13.7,D
2019-11-18,-15.3569,127.2879,93,89.9,D
2019-11-18,-13.2898,130.3484,89,45.1,D
2019-11-18,-12.2181,132.4843,61,20.3,D
2019-11-18,-14.6003,126.5353,97,150.4,D
2019-11-18,-31.2956,123.6136,63,184.0,D
2019-11-18,-32.9778,150.4513,62,25.0,N
2019-11-18,-31.7235,152.0723,94,16.5,N
2019-11-18,-30.8252,151.8626,100,34.0,N
2019-11-18,-31.3985,152.1148,50,10.3,N
2019-11-18,-31.1603,151.9583,91,16.9,N
2019-11-18,-30.8234,152.7697,100,24.0,N
2019-11-18,-33.2148,150.4121,100,27.0,N
2019-11-18,-33.0333,150.3145,89,18.7,N
2019-11-18,-30.4792,152.259,100,74.6,N
2019-11-18,-33.342,150.717,78,32.5,N
2019-11-18,-30.6294,152.1717,100,56.7,N
2019-11-18,-30.4538,152.1828,100,98.4,N
2019-11-18,-30.16,152.7857,80,18.9,N
2019-11-18,-29.223,153.1098,100,27.8,N
2019-11-18,-28.1259,152.3545,100,32.5,N
2019-11-18,-29.2395,153.1235,100,96.9,N
2019-11-18,-29.1154,151.6222,58,6.4,N
2019-11-18,-28.1197,152.3326,100,24.6,N
2019-11-18,-27.3071,152.1003,91,14.4,N
2019-11-18,-25.0264,149.9536,95,14.6,N
2019-11-18,-25.4763,150.8591,59,7.4,N
2019-11-18,-15.7391,144.1706,66,14.1,N
2019-11-18,-18.7632,124.3572,77,7.0,N
2019-11-18,-16.5117,126.7994,100,32.5,N
2019-11-18,-14.9464,131.3396,100,52.4,N
2019-11-18,-15.3831,127.3036,100,27.3,N
2019-11-18,-15.4989,125.809,100,84.7,N
2019-11-18,-15.4153,125.7511,100,25.2,N
2019-11-18,-14.7205,127.3948,79,9.0,N
2019-11-18,-13.0088,143.299,63,7.9,N
2019-11-18,-20.3399,145.08,55,9.8,N
2019-11-18,-15.1406,127.5424,67,34.3,N
2019-11-18,-24.443,117.8822,62,11.6,N
2019-11-18,-31.5453,151.9156,100,272.6,D
2019-11-18,-31.5485,151.8459,84,56.4,D
2019-11-18,-30.8203,151.8653,96,156.4,D
2019-11-18,-30.5648,152.2554,100,1729.6,D
2019-11-18,-33.044,150.7762,81,69.1,D
2019-11-18,-32.9746,150.446,84,91.0,D
2019-11-18,-33.3254,150.7207,92,125.3,D
2019-11-19,-11.4886,142.3546,69,21.8,D
2019-11-19,-12.4628,136.6823,100,85.9,D
2019-11-19,-15.7179,144.009,77,59.4,D
2019-11-19,-14.9988,131.3799,83,78.3,D
2019-11-19,-16.6098,123.7422,80,108.7,D
2019-11-19,-30.2014,120.5323,100,2682.7,D
2019-11-19,-30.3289,120.6012,100,600.2,D
2019-11-19,-31.4093,121.0712,92,563.3,D
2019-11-19,-33.3715,150.801,89,32.5,D
2019-11-19,-33.3565,150.7759,100,418.3,D
2019-11-19,-33.33,150.776,100,79.3,D
2019-11-19,-33.3183,150.5968,56,8.1,D
2019-11-19,-33.255,150.7827,71,15.5,D
2019-11-19,-33.2475,150.7701,84,20.9,D
2019-11-19,-33.1494,150.8096,79,22.2,D
2019-11-19,-30.7081,152.4392,68,32.9,D
2019-11-19,-30.6511,152.1635,100,91.0,D
2019-11-19,-30.5704,152.2663,100,193.9,D
2019-11-19,-30.4814,152.3106,100,272.4,D
2019-11-19,-33.2053,150.4791,52,13.3,D
2019-11-19,-33.1593,150.6187,67,16.8,D
2019-11-19,-30.44,152.1678,99,68.6,D
2019-11-19,-33.1909,150.3268,59,18.7,D
2019-11-19,-33.028,150.7615,100,77.5,D
2019-11-19,-33.0433,150.5885,62,19.9,D
2019-11-19,-33.0702,150.2632,93,40.1,D
2019-11-19,-32.9943,150.5512,52,16.7,D
2019-11-19,-33.0823,150.8343,82,24.4,D
2019-11-19,-32.9958,150.4084,93,48.6,D
2019-11-19,-31.8563,152.1855,100,128.9,D
2019-11-19,-31.7268,152.0764,89,33.6,D
2019-11-19,-31.6801,151.9697,94,51.3,D
2019-11-19,-31.643,151.9044,82,24.8,D
2019-11-19,-31.5469,152.2299,79,25.5,D
2019-11-19,-31.5598,151.903,100,88.8,D
2019-11-19,-30.9602,151.8549,64,16.5,D
2019-11-19,-31.5249,151.8843,99,77.8,D
2019-11-19,-31.3989,152.285,62,15.9,D
2019-11-19,-31.3435,152.0464,88,41.4,D
2019-11-19,-31.1215,152.6219,97,75.0,D
2019-11-19,-30.8564,152.7234,61,25.6,D
2019-11-19,-30.8204,152.7637,93,63.8,D
2019-11-19,-30.1104,152.4422,100,682.9,D
2019-11-19,-27.2731,152.1013,100,120.7,D
2019-11-19,-29.4003,152.8294,100,391.3,D
2019-11-19,-29.2008,153.1106,93,60.7,D
2019-11-19,-29.4234,152.829,98,74.2,D
2019-11-19,-29.7501,152.6472,100,766.1,D
2019-11-19,-29.1699,153.2268,86,43.3,D
2019-11-19,-29.184,151.7593,100,93.4,D
2019-11-19,-27.1502,153.3825,62,60.7,D
2019-11-19,-22.1655,149.2711,72,19.5,D
2019-11-19,-16.5562,145.0108,90,23.3,D
2019-11-19,-15.7651,145.0796,84,23.7,D
2019-11-19,-15.6957,144.2214,86,32.0,D
2019-11-19,-15.4211,143.9706,92,50.2,D
2019-11-19,-11.586,142.5497,76,30.5,D
2019-11-19,-30.9951,124.0044,93,171.9,D
2019-11-19,-30.77,123.0172,100,171.0,D
2019-11-19,-30.8207,123.0015,100,351.8,D
2019-11-19,-30.781,123.0069,85,643.1,D
2019-11-19,-27.1514,128.6292,93,43.0,D
2019-11-19,-17.3863,123.891,61,16.4,D
2019-11-19,-16.8748,124.1051,96,151.8,D
2019-11-19,-17.3842,123.779,91,31.8,D
2019-11-19,-16.9709,124.2005,100,625.0,D
2019-11-19,-16.9238,124.2559,100,81.9,D
2019-11-19,-16.621,123.7652,80,48.2,D
2019-11-19,-14.8456,131.3414,63,100.0,D
2019-11-19,-14.5611,126.2666,100,161.7,D
2019-11-19,-13.3078,130.3456,51,148.0,D
2019-11-19,-33.0241,150.3224,81,49.6,N
2019-11-19,-32.9679,150.525,100,97.5,N
2019-11-19,-31.6302,152.3242,56,43.3,N
2019-11-19,-29.233,153.0124,94,149.1,N
2019-11-19,-30.79,151.9058,59,27.0,N
2019-11-19,-30.4769,152.2039,100,238.3,N
2019-11-19,-15.7722,144.1133,73,16.7,N
2019-11-19,-14.836,131.345,83,29.1,N
2019-11-19,-27.252,152.1254,100,50.0,N
2019-11-19,-30.7981,152.7606,90,20.2,N
2019-11-19,-29.2477,153.1413,65,10.9,N
2019-11-19,-29.7271,152.6331,100,52.4,N
2019-11-19,-30.4523,152.1813,100,96.6,N
2019-11-19,-30.4864,152.32,94,23.8,N
2019-11-19,-30.557,152.2564,100,71.6,N
2019-11-19,-30.5745,152.2391,100,185.3,N
2019-11-19,-31.5487,152.2173,90,18.0,N
2019-11-19,-30.8575,152.6794,91,17.5,N
2019-11-19,-31.1009,152.6114,51,13.0,N
2019-11-19,-31.6965,152.1178,62,20.0,N
2019-11-19,-31.1126,152.6215,100,35.2,N
2019-11-19,-31.336,152.601,51,8.6,N
2019-11-19,-31.3174,152.1272,81,13.0,N
2019-11-19,-31.6534,152.4672,100,44.7,N
2019-11-19,-33.0542,150.2693,99,44.9,N
2019-11-19,-14.8397,131.3847,55,14.6,N
2019-11-19,-14.9176,131.4199,100,20.0,N
2019-11-19,-18.747,124.4413,90,67.9,N
2019-11-19,-30.7024,123.0621,78,48.1,N
2019-11-20,-15.7811,144.1095,75,56.2,D
2019-11-20,-26.1373,146.5386,85,32.7,D
2019-11-20,-29.207,153.047,63,31.6,D
2019-11-20,-29.2232,153.0701,82,38.7,D
2019-11-20,-29.7313,152.6234,100,175.8,D
2019-11-20,-30.5731,152.2466,100,133.9,D
2019-11-20,-30.807,151.9061,83,41.4,D
2019-11-20,-31.5488,152.203,80,47.3,D
2019-11-20,-33.235,150.4962,73,31.0,D
2019-11-20,-33.3578,150.8506,51,33.6,D
2019-11-20,-13.8787,130.9397,60,18.1,D
2019-11-20,-14.9136,131.4812,51,33.6,D
2019-11-20,-14.5116,127.1667,96,48.4,D
2019-11-20,-14.6459,126.3994,63,22.7,D
2019-11-20,-15.6167,130.3906,73,23.9,D
2019-11-20,-15.393,127.403,54,23.3,D
2019-11-20,-15.8166,130.0607,67,32.7,D
2019-11-20,-14.2169,127.3527,84,24.8,D
2019-11-20,-15.4419,125.813,76,22.0,D
2019-11-20,-15.6391,125.0054,94,51.2,D
2019-11-20,-14.83,131.3698,81,33.8,D
2019-11-20,-17.0042,124.2448,86,29.0,D
2019-11-20,-22.4358,116.3515,100,484.1,D
2019-11-20,-31.2428,152.5864,66,79.3,D
2019-11-20,-29.7415,152.6455,61,52.8,D
2019-11-20,-29.2026,153.022,70,112.3,D
2019-11-20,-31.0929,151.9116,91,418.8,D
2019-11-20,-24.6143,128.6294,94,545.1,D
2019-11-20,-15.7702,136.2475,78,14.2,D
2019-11-20,-15.8129,130.0371,57,27.6,D
2019-11-20,-15.6188,125.0476,76,187.2,D
2019-11-20,-14.5064,127.1442,77,67.0,D
2019-11-20,-12.5314,136.6135,69,14.8,D
2019-11-20,-12.5381,133.6022,88,31.7,D
2019-11-20,-31.4058,121.1956,63,23.6,D
2019-11-20,-33.275,150.9315,71,20.1,N
2019-11-20,-31.6934,152.0966,59,13.8,N
2019-11-20,-31.0859,151.9256,73,21.4,N
2019-11-20,-30.6318,152.6376,82,16.1,N
2019-11-20,-24.9558,149.9404,70,11.2,N
2019-11-20,-15.2269,127.5766,100,32.8,N
2019-11-20,-14.905,127.5129,87,9.3,N
2019-11-20,-13.8745,130.8929,77,9.0,N
2019-11-20,-15.8284,129.6431,86,9.3,N
2019-11-20,-13.8637,130.8964,67,7.0,N
2019-11-20,-15.3847,127.4353,58,4.4,N
2019-11-20,-15.7429,144.1192,58,9.4,N
2019-11-20,-26.1514,146.5311,78,7.7,N
2019-11-20,-31.2772,151.9598,100,65.6,N
2019-11-20,-15.073,131.3509,70,18.1,N
2019-11-20,-14.86,127.5171,100,105.1,N
2019-11-20,-15.2272,127.5787,100,23.4,N
2019-11-20,-22.3982,116.3223,87,25.1,N
2019-11-20,-30.683,123.053,100,44.4,N
2019-11-20,-29.2656,153.0901,54,50.3,D
2019-11-20,-33.3567,150.8858,61,56.8,D
2019-11-21,-12.2077,134.6976,64,30.0,D
2019-11-21,-15.7907,145.0804,68,31.9,D
2019-11-21,-15.835,144.0966,78,24.9,D
2019-11-21,-15.0875,131.3634,58,56.9,D
2019-11-21,-16.8986,124.3171,93,206.7,D
2019-11-21,-16.7558,125.1577,62,52.3,D
2019-11-21,-16.9077,124.4046,59,99.4,D
2019-11-21,-20.1238,121.7817,100,321.8,D
2019-11-21,-29.8468,118.5294,76,111.0,D
2019-11-21,-33.2869,150.5453,100,208.3,D
2019-11-21,-33.3476,150.8154,89,47.0,D
2019-11-21,-33.3155,150.5628,54,23.3,D
2019-11-21,-33.208,150.3571,65,31.1,D
2019-11-21,-33.1454,150.6303,100,109.9,D
2019-11-21,-33.0521,150.8203,53,30.2,D
2019-11-21,-31.5505,152.2546,75,21.0,D
2019-11-21,-31.5394,152.1967,58,18.1,D
2019-11-21,-31.3244,152.0946,91,51.3,D
2019-11-21,-31.5027,151.8452,90,42.0,D
2019-11-21,-31.288,151.9426,78,18.1,D
2019-11-21,-30.0242,152.4115,65,13.3,D
2019-11-21,-29.2852,153.152,97,63.0,D
2019-11-21,-29.2881,153.0682,100,360.8,D
2019-11-21,-29.2852,153.0305,100,138.3,D
2019-11-21,-29.2241,153.1981,67,23.0,D
2019-11-21,-29.2119,153.0903,83,20.3,D
2019-11-21,-29.1841,153.0256,95,49.7,D
2019-11-21,-30.8212,152.7541,67,15.9,D
2019-11-21,-31.0774,151.8871,100,674.8,D
2019-11-21,-30.5907,152.2323,72,23.9,D
2019-11-21,-30.4195,151.0118,100,274.3,D
2019-11-21,-29.3046,153.0819,100,1080.3,D
2019-11-21,-28.0222,152.3434,100,121.2,D
2019-11-21,-28.1086,152.3127,97,61.7,D
2019-11-21,-26.1858,152.1309,76,13.3,D
2019-11-21,-15.8847,144.034,83,69.5,D
2019-11-21,-15.4094,143.9957,66,44.6,D
2019-11-21,-12.8594,142.9076,54,23.1,D
2019-11-21,-22.4672,116.3292,70,175.4,D
2019-11-21,-16.9002,124.3045,51,32.8,D
2019-11-21,-16.8357,123.974,72,29.1,D
2019-11-21,-14.9028,131.5015,74,67.7,D
2019-11-21,-15.6056,125.0794,85,29.9,D
2019-11-21,-15.571,125.0646,90,36.6,D
2019-11-21,-14.725,126.4257,87,75.5,D
2019-11-21,-14.5539,126.2757,88,28.3,D
2019-11-21,-31.9586,116.5643,80,144.2,D
2019-11-21,-33.3164,150.6244,60,15.2,N
2019-11-21,-33.157,150.2563,100,25.5,N
2019-11-21,-32.9815,150.483,96,20.3,N
2019-11-21,-31.3672,152.6121,75,22.1,N
2019-11-21,-31.0817,151.8915,100,64.6,N
2019-11-21,-30.5232,152.3092,99,49.2,N
2019-11-21,-29.2798,153.1929,77,29.9,N
2019-11-21,-29.204,153.2439,98,56.3,N
2019-11-21,-28.367,152.745,56,34.5,N
2019-11-21,-15.7401,144.1009,75,8.6,N
2019-11-21,-14.1493,131.4168,91,94.3,N
2019-11-21,-29.1954,153.2488,55,32.3,N
2019-11-21,-29.2543,153.1924,93,30.0,N
2019-11-21,-31.2148,152.4149,68,16.1,N
2019-11-21,-29.2888,153.1839,100,134.2,N
2019-11-21,-29.2774,153.1871,100,182.6,N
2019-11-21,-29.2969,153.1629,100,92.1,N
2019-11-21,-33.2031,150.3596,95,42.1,N
2019-11-21,-30.7552,124.1311,94,21.6,N
2019-11-21,-22.4674,116.3454,100,24.3,N
2019-11-21,-16.9689,124.3974,100,81.5,N
2019-11-21,-15.0568,126.3228,87,61.5,N
2019-11-21,-16.7697,130.0316,67,19.8,N
2019-11-22,-28.1107,152.2841,93,48.9,D
2019-11-22,-29.1562,153.2631,81,27.8,D
2019-11-22,-29.2235,153.2233,100,579.5,D
2019-11-22,-29.2656,153.2093,100,296.7,D
2019-11-22,-29.2598,152.9538,100,259.4,D
2019-11-22,-29.269,152.9522,94,45.2,D
2019-11-22,-29.3078,153.1685,100,530.1,D
2019-11-22,-29.3283,152.9916,53,29.2,D
2019-11-22,-29.7205,152.6221,100,134.1,D
2019-11-22,-32.9556,150.4352,96,53.5,D
2019-11-22,-32.9333,150.4727,78,15.6,D
2019-11-22,-30.0971,152.435,89,38.7,D
2019-11-22,-30.5137,152.2634,54,9.8,D
2019-11-22,-30.5732,152.22,62,14.0,D
2019-11-22,-30.5794,152.197,100,171.7,D
2019-11-22,-32.974,150.4974,77,14.0,D
2019-11-22,-30.8493,152.711,83,31.4,D
2019-11-22,-31.0739,151.9268,71,11.4,D
2019-11-22,-31.3381,151.98,83,30.7,D
2019-11-22,-31.3286,152.1152,87,37.8,D
2019-11-22,-31.4869,151.8639,85,27.8,D
2019-11-22,-31.5127,151.848,93,42.3,D
2019-11-22,-33.0034,150.3864,96,55.1,D
2019-11-22,-33.1679,150.821,91,37.2,D
2019-11-22,-33.2569,150.9305,96,56.3,D
2019-11-22,-33.2163,150.3304,99,68.0,D
2019-11-22,-33.2237,150.3178,99,74.6,D
2019-11-22,-33.288,150.5079,100,87.1,D
2019-11-22,-36.5632,147.1439,54,10.9,D
2019-11-22,-11.453,130.5261,82,23.1,D
2019-11-22,-14.8586,127.6143,100,137.1,D
2019-11-22,-14.9298,127.6068,81,22.1,D
2019-11-22,-14.6423,127.2235,65,13.7,D
2019-11-22,-14.7501,127.4496,82,27.0,D
2019-11-22,-14.7949,127.5253,100,105.8,D
2019-11-22,-14.2083,129.981,66,14.9,D
2019-11-22,-15.0597,126.3079,83,33.3,D
2019-11-22,-15.672,129.5448,96,50.3,D
2019-11-22,-15.6766,125.0784,67,37.8,D
2019-11-22,-29.7434,118.5875,64,39.5,D
2019-11-22,-29.9136,118.579,69,102.6,D
2019-11-22,-37.7618,148.2068,74,23.2,D
2019-11-22,-36.7975,147.4092,85,37.6,D
2019-11-22,-31.8787,152.1586,69,54.6,D
2019-11-22,-31.0105,151.1279,80,56.1,D
2019-11-22,-29.3701,153.0188,80,180.8,D
2019-11-22,-29.2549,152.8988,64,152.9,D
2019-11-22,-15.9046,144.0491,55,28.1,D
2019-11-22,-15.4127,144.0279,75,44.6,D
2019-11-22,-14.2078,129.9661,63,81.5,D
2019-11-22,-31.2653,123.7073,81,38.6,D
2019-11-22,-22.5001,116.3695,100,79.3,D
2019-11-22,-29.3771,152.9994,100,50.0,N
2019-11-22,-29.2734,152.8821,81,69.3,N
2019-11-22,-30.8252,124.0451,72,132.7,N
2019-11-22,-16.3331,125.2605,97,42.7,N
2019-11-22,-13.8541,130.9747,99,35.7,N
2019-11-22,-29.2653,152.8735,53,28.4,N
2019-11-22,-30.5482,152.3324,91,21.7,N
2019-11-22,-31.3329,151.9233,79,16.5,N
2019-11-22,-29.8251,118.5152,87,50.2,N
2019-11-22,-16.3364,125.2638,90,19.9,N
2019-11-22,-29.8258,118.5301,52,13.3,N
2019-11-23,-13.0935,143.0865,75,21.3,D
2019-11-23,-10.9213,142.3318,78,13.9,D
2019-11-23,-15.3502,143.9488,65,14.4,D
2019-11-23,-15.8101,144.0085,86,28.8,D
2019-11-23,-18.0053,140.9451,85,29.8,D
2019-11-23,-19.4477,139.597,81,42.7,D
2019-11-23,-16.734,123.7522,97,127.3,D
2019-11-23,-17.5767,122.2584,97,85.9,D
2019-11-23,-22.493,116.3824,82,19.7,D
2019-11-23,-29.6938,118.571,75,28.4,D
2019-11-23,-30.864,124.0807,92,166.1,D
2019-11-23,-31.2644,123.7114,72,46.8,D
2019-11-23,-37.3311,148.2985,82,86.5,D
2019-11-23,-29.4876,152.3926,88,61.7,D
2019-11-23,-29.3067,152.9793,98,80.2,D
2019-11-23,-29.3227,153.0261,86,38.0,D
2019-11-23,-29.2792,152.8739,84,33.4,D
2019-11-23,-29.3101,144.9048,87,789.4,D
2019-11-23,-27.1005,153.4035,85,37.1,D
2019-11-23,-12.8927,143.4902,71,251.6,D
2019-11-23,-31.2728,123.7084,75,53.8,D
2019-11-23,-31.0374,123.9444,95,178.1,D
2019-11-23,-30.7525,124.1157,87,108.6,D
2019-11-23,-16.334,125.3041,68,29.0,D
2019-11-23,-15.4079,127.5329,82,23.6,D
2019-11-23,-14.9937,126.4142,72,36.0,D
2019-11-23,-13.8214,130.9251,86,47.3,D
2019-11-23,-14.8328,126.6413,100,114.8,D
2019-11-23,-13.8235,130.9673,88,51.4,D
2019-11-23,-36.9103,146.7403,54,11.3,N
2019-11-23,-29.3324,153.0236,79,42.8,N
2019-11-23,-29.2442,152.8743,100,67.5,N
2019-11-23,-29.3063,144.9317,97,24.8,N
2019-11-23,-16.9272,137.7137,76,26.4,N
2019-11-23,-14.3341,143.4821,87,9.9,N
2019-11-23,-12.8687,143.4522,100,16.7,N
2019-11-23,-31.2691,123.7067,84,11.4,N
2019-11-23,-21.9613,124.2682,64,34.8,N
2019-11-23,-17.5375,122.193,100,17.5,N
2019-11-23,-15.7917,144.0094,100,24.1,N
2019-11-23,-17.4699,122.2152,75,23.4,N
2019-11-23,-29.2833,153.2101,53,12.6,D
2019-11-23,-29.2797,152.9623,65,9.5,D
2019-11-23,-29.4919,152.3824,72,19.3,D
2019-11-23,-28.4148,152.6918,67,22.7,D
2019-11-24,-14.4559,126.5737,74,40.2,D
2019-11-24,-14.929,126.2622,59,44.7,D
2019-11-24,-15.6592,129.5349,77,22.0,D
2019-11-24,-15.1247,125.9589,97,216.3,D
2019-11-24,-18.683,123.1528,83,146.4,D
2019-11-24,-21.9435,124.2219,61,37.9,D
2019-11-24,-41.0981,147.0157,92,43.0,D
2019-11-24,-37.3019,148.3139,97,65.5,D
2019-11-24,-29.3198,144.9263,100,759.3,D
2019-11-24,-29.3302,144.9176,100,83.3,D
2019-11-24,-14.2615,143.511,73,14.6,D
2019-11-24,-17.0822,137.9257,89,57.8,D
2019-11-24,-15.8648,144.0599,94,49.6,D
2019-11-24,-15.0523,145.017,96,83.7,D
2019-11-24,-13.0483,143.2597,84,34.6,D
2019-11-24,-13.1395,135.8136,56,37.4,D
2019-11-24,-29.729,118.6184,88,41.0,D
2019-11-24,-31.4391,121.0825,79,16.3,D
2019-11-24,-31.3055,121.1194,68,14.9,D
2019-11-24,-30.7987,122.9379,96,49.5,D
2019-11-24,-29.6662,118.5847,100,132.3,D
2019-11-24,-17.4938,122.2393,69,21.0,D
2019-11-24,-16.674,123.7463,83,60.5,D
2019-11-24,-15.4201,125.1975,70,50.5,D
2019-11-24,-14.5094,127.2997,64,93.7,D
2019-11-24,-37.296,148.3047,76,35.3,N
2019-11-24,-28.3955,125.2704,90,107.8,N
2019-11-24,-12.9005,133.4768,71,4.8,N
2019-11-24,-25.7547,153.0457,88,12.0,N
2019-11-24,-28.4054,152.6851,57,11.5,N
2019-11-24,-29.2539,153.2781,75,30.8,N
2019-11-24,-29.3612,153.1748,100,38.4,N
2019-11-24,-37.2989,148.3009,100,19.2,N
2019-11-24,-37.326,148.2945,100,57.9,N
2019-11-24,-29.7761,118.5219,78,19.8,N
2019-11-24,-14.7413,126.5827,100,54.4,N
2019-11-24,-15.0668,125.6904,53,12.7,N
2019-11-24,-17.4768,125.3405,81,11.8,N
2019-11-24,-27.6997,124.3653,100,43.4,N
2019-11-25,-11.6575,142.5334,80,34.3,D
2019-11-25,-15.443,142.7182,90,63.8,D
2019-11-25,-20.215,139.6415,100,240.3,D
2019-11-25,-29.3316,144.9212,70,12.6,D
2019-11-25,-37.3036,148.2989,100,205.8,D
2019-11-25,-38.2729,146.1113,74,24.6,D
2019-11-25,-16.546,125.9551,86,41.2,D
2019-11-25,-21.3031,123.4994,97,62.0,D
2019-11-25,-22.2159,119.7118,64,12.0,D
2019-11-25,-30.7754,124.0572,64,27.6,D
2019-11-25,-28.2642,152.697,91,106.9,D
2019-11-25,-37.7,147.9012,55,88.7,D
2019-11-25,-36.7417,147.3945,72,65.6,D
2019-11-25,-20.169,139.6576,91,147.4,D
2019-11-25,-16.5622,125.9427,83,54.0,D
2019-11-25,-15.1545,126.1464,53,14.2,D
2019-11-25,-14.9408,126.4043,89,57.5,D
2019-11-25,-14.8984,126.472,78,50.2,D
2019-11-25,-15.6051,124.8365,84,72.7,D
2019-11-25,-14.551,126.3276,75,67.8,D
2019-11-25,-14.8853,126.3966,72,32.0,D
2019-11-25,-14.8595,126.423,81,49.4,D
2019-11-25,-11.3761,131.1626,94,99.3,D
2019-11-25,-29.7683,118.5056,92,166.6,D
2019-11-25,-37.2687,148.2975,98,34.6,N
2019-11-25,-37.3432,148.3485,100,40.2,N
2019-11-25,-37.2864,148.3566,74,48.4,N
2019-11-25,-29.9187,152.0613,83,12.3,N
2019-11-25,-29.3417,153.192,59,12.8,N
2019-11-25,-29.288,152.8364,60,7.4,N
2019-11-25,-29.2381,152.7934,100,48.7,N
2019-11-25,-29.2164,152.3286,53,13.4,N
2019-11-25,-24.5405,151.5814,72,8.2,N
2019-11-25,-20.0025,121.0108,70,25.2,N
2019-11-25,-16.5837,125.922,100,25.1,N
2019-11-25,-15.177,125.8313,63,7.3,N
2019-11-25,-15.1849,125.8434,100,21.1,N
2019-11-25,-34.2787,140.5179,74,12.0,N
2019-11-25,-22.2099,119.2649,81,10.4,N
2019-11-25,-29.2772,153.2915,100,119.2,D
2019-11-25,-29.2981,153.2867,71,42.8,D
2019-11-25,-29.256,152.8121,84,42.6,D
2019-11-25,-29.3147,152.931,79,29.8,D
2019-11-25,-33.2166,150.916,93,89.6,D
2019-11-26,-13.1761,135.8084,55,12.9,D
2019-11-26,-13.351,130.2607,52,48.4,D
2019-11-26,-15.7904,144.0447,71,63.7,D
2019-11-26,-19.1119,121.8407,73,101.8,D
2019-11-26,-22.2124,119.2599,76,115.4,D
2019-11-26,-35.5147,150.0922,100,171.0,D
2019-11-26,-31.1844,152.6629,96,78.5,D
2019-11-26,-31.1079,152.5675,85,30.4,D
2019-11-26,-29.3735,153.1811,94,85.7,D
2019-11-26,-29.3187,153.2959,100,181.2,D
2019-11-26,-29.215,152.789,89,56.5,D
2019-11-26,-29.2069,152.8122,100,124.8,D
2019-11-26,-29.2314,152.3042,96,86.2,D
2019-11-26,-28.2446,152.708,66,45.1,D
2019-11-26,-29.249,152.7827,79,37.9,D
2019-11-26,-29.3016,152.7953,74,42.1,D
2019-11-26,-29.2675,152.8022,96,87.6,D
2019-11-26,-17.7826,138.3088,88,114.5,D
2019-11-26,-15.0194,145.0096,84,30.6,D
2019-11-26,-11.5346,142.54,100,108.6,D
2019-11-26,-34.6323,117.2227,100,313.1,D
2019-11-26,-33.08,123.5994,85,28.6,D
2019-11-26,-29.775,118.523,70,27.9,D
2019-11-26,-22.3371,119.9083,70,14.0,D
2019-11-26,-21.2996,116.2879,92,76.2,D
2019-11-26,-21.3877,120.7617,66,12.9,D
2019-11-26,-17.0741,124.3124,96,75.6,D
2019-11-26,-17.0739,124.1286,100,425.5,D
2019-11-26,-14.159,129.984,69,128.1,D
2019-11-26,-30.6335,147.5368,86,34.7,N
2019-11-26,-29.209,153.2564,73,92.8,N
2019-11-26,-20.228,139.6916,96,13.0,N
2019-11-26,-14.3395,126.5189,57,34.6,N
2019-11-26,-29.2113,153.31,99,0.0,N
2019-11-26,-29.2434,153.336,100,81.6,N
2019-11-26,-29.3478,153.2977,81,25.0,N
2019-11-26,-30.6275,147.56,70,26.1,N
2019-11-26,-35.5038,150.1679,100,70.0,N
2019-11-26,-15.3815,131.9107,100,24.9,N
2019-11-27,-24.9886,143.864,68,13.6,D
2019-11-27,-29.3379,153.2479,68,36.4,D
2019-11-27,-35.3992,149.5642,100,155.9,D
2019-11-27,-14.137,126.9083,84,24.5,D
2019-11-27,-14.8398,126.4825,78,18.3,D
2019-11-27,-16.6282,123.8324,87,29.9,D
2019-11-27,-18.3966,126.0858,90,40.0,D
2019-11-27,-20.7724,120.0519,97,95.7,D
2019-11-27,-30.8488,124.0184,83,29.8,D
2019-11-27,-29.3857,153.1527,66,85.3,D
2019-11-27,-34.0182,149.5363,74,107.4,D
2019-11-27,-14.1652,135.1246,92,40.0,D
2019-11-27,-17.166,124.1345,77,123.5,D
2019-11-27,-15.0831,126.3127,77,111.3,D
2019-11-27,-13.2206,135.8242,80,27.1,D
2019-11-27,-34.1924,115.9229,64,15.9,D
2019-11-27,-29.7462,118.6173,100,203.4,D
2019-11-27,-35.4856,150.0711,95,50.2,N
2019-11-27,-33.2277,150.8724,79,29.8,N
2019-11-27,-31.194,152.656,52,14.5,N
2019-11-27,-19.6957,121.7963,99,28.0,N
2019-11-27,-19.6596,121.7918,100,413.2,N
2019-11-27,-18.3869,126.1158,100,28.2,N
2019-11-27,-14.1738,135.0115,60,32.8,N
2019-11-27,-15.1934,125.3654,100,16.5,N
2019-11-27,-35.3772,149.5599,100,319.6,N
2019-11-27,-19.71,121.6606,100,1448.5,N
2019-11-27,-19.7363,121.715,100,82.7,N
2019-11-27,-18.3976,126.1376,100,70.6,N
2019-11-27,-19.6496,121.6896,100,37.9,N
2019-11-27,-19.7016,121.7302,100,15.5,N
2019-11-27,-21.8012,119.5038,70,8.6,N
2019-11-28,-13.1296,135.7223,75,22.1,D
2019-11-28,-16.2403,137.0465,78,14.4,D
2019-11-28,-16.5171,136.2197,66,13.9,D
2019-11-28,-19.6579,121.6931,100,329.9,D
2019-11-28,-37.6588,148.0027,72,63.3,D
2019-11-28,-35.5566,150.1578,100,204.1,D
2019-11-28,-35.5016,150.181,76,37.2,D
2019-11-28,-35.42,149.5797,93,66.6,D
2019-11-28,-34.0603,150.2462,100,524.8,D
2019-11-28,-31.9995,151.3557,67,28.4,D
2019-11-28,-31.98,151.3627,63,21.3,D
2019-11-28,-31.0587,151.8979,100,86.8,D
2019-11-28,-29.3791,153.1461,63,13.6,D
2019-11-28,-31.0869,152.6557,77,21.1,D
2019-11-28,-30.4077,151.0375,64,16.7,D
2019-11-28,-33.2155,150.8997,94,51.1,D
2019-11-28,-32.9356,151.0127,96,63.3,D
2019-11-28,-32.9076,150.6682,52,11.9,D
2019-11-28,-30.6389,147.5408,78,23.3,D
2019-11-28,-29.1894,152.7125,51,10.0,D
2019-11-28,-29.4086,152.4217,53,28.8,D
2019-11-28,-29.1953,152.7354,80,25.0,D
2019-11-28,-29.3116,152.8198,70,11.8,D
2019-11-28,-22.6327,150.2592,100,100.8,D
2019-11-28,-15.5842,144.3192,85,36.9,D
2019-11-28,-11.1133,142.277,87,79.0,D
2019-11-28,-17.4806,122.2494,100,70.7,D
2019-11-28,-14.9763,128.6061,97,130.8,D
2019-11-28,-35.538,150.0823,100,35.2,N
2019-11-28,-35.3846,149.5113,100,118.7,N
2019-11-28,-26.0996,149.9788,66,16.0,N
2019-11-28,-16.3874,141.7109,100,15.3,N
2019-11-28,-12.2629,136.8285,94,16.3,N
2019-11-28,-12.9115,132.7284,66,7.4,N
2019-11-28,-22.3964,132.7029,100,22.1,N
2019-11-29,-22.6482,150.2701,91,45.8,D
2019-11-29,-30.8115,151.0526,66,11.6,D
2019-11-29,-35.3714,149.5677,91,44.4,D
2019-11-29,-35.4127,149.5946,76,24.1,D
2019-11-29,-35.5313,150.1521,52,13.3,D
2019-11-29,-37.4078,147.9717,79,18.5,D
2019-11-29,-37.3673,148.2675,90,33.7,D
2019-11-29,-13.2367,135.7998,80,61.8,D
2019-11-29,-13.2957,130.3678,51,17.3,D
2019-11-29,-14.1044,129.8421,75,13.1,D
2019-11-29,-14.7102,128.0755,80,23.4,D
2019-11-29,-15.7137,129.7193,82,24.6,D
2019-11-29,-16.3325,124.0978,87,42.5,D
2019-11-29,-37.4175,147.9567,94,213.0,D
2019-11-29,-37.4254,147.5597,87,197.7,D
2019-11-29,-35.4037,149.623,100,4658.5,D
2019-11-29,-35.4369,149.5806,100,508.1,D
2019-11-29,-35.3914,149.613,100,2615.8,D
2019-11-29,-34.0928,150.2127,84,142.3,D
2019-11-29,-32.3384,150.0718,100,979.1,D
2019-11-29,-16.3353,141.8623,90,64.6,D
2019-11-29,-16.4306,141.6144,95,68.9,D
2019-11-29,-16.4527,136.1981,81,25.0,D
2019-11-29,-13.8963,136.5483,63,17.0,D
2019-11-29,-12.5971,136.6327,88,26.8,D
2019-11-29,-26.5705,121.3062,92,92.3,D
2019-11-29,-33.997,150.0252,78,53.7,N
2019-11-29,-32.8668,150.7151,56,24.0,N
2019-11-29,-28.2571,125.2845,92,50.2,N
2019-11-29,-16.3133,124.1245,73,14.9,N
2019-11-29,-12.974,132.7687,62,14.9,N
2019-11-29,-32.3168,150.1375,73,10.5,N
2019-11-29,-33.3024,150.5301,100,36.2,N
2019-11-29,-34.0244,150.0291,100,290.3,N
2019-11-29,-33.2495,150.3438,95,25.8,N
2019-11-29,-23.2972,118.8762,96,24.0,N
2019-11-30,-11.6403,142.5939,87,30.9,D
2019-11-30,-12.3934,135.8165,69,33.8,D
2019-11-30,-16.2896,141.9049,88,40.3,D
2019-11-30,-16.3962,136.2255,67,21.3,D
2019-11-30,-14.7459,125.6473,57,39.0,D
2019-11-30,-28.2474,125.2541,60,67.9,D
2019-11-30,-33.2724,150.3837,87,352.8,D
2019-11-30,-25.7221,153.0371,88,42.7,D
2019-11-30,-22.6732,150.2551,68,18.0,D
2019-11-30,-18.5596,145.9521,69,60.0,D
2019-11-30,-16.2867,141.8306,75,177.3,D
2019-11-30,-28.2615,125.2693,91,57.8,D
2019-11-30,-16.6048,123.6948,94,44.6,D
2019-11-30,-16.3158,124.1183,64,15.3,D
2019-11-30,-14.7664,125.6516,92,37.2,D
2019-11-30,-14.8408,125.5832,84,23.0,D
2019-11-30,-14.1292,126.8955,83,19.4,D
2019-11-30,-35.4701,149.6195,99,22.6,N
2019-11-30,-34.031,150.0362,98,20.4,N
2019-11-30,-32.9379,150.3933,94,19.9,N
2019-11-30,-24.4826,145.4198,80,7.7,N
2019-11-30,-15.3201,143.9111,94,12.3,N
2019-11-30,-21.4383,120.8006,76,6.0,N
2019-11-30,-14.7474,128.0921,99,115.6,N
2019-11-30,-24.5899,151.5841,90,51.9,D
2019-12-01,-33.2939,150.4404,100,104.2,D
2019-12-01,-34.1037,150.2478,71,15.6,D
2019-12-01,-35.3557,149.5759,94,51.7,D
2019-12-01,-33.976,150.0284,59,21.4,D
2019-12-01,-35.3905,149.6917,85,22.3,D
2019-12-01,-35.505,150.0526,54,30.9,D
2019-12-01,-35.4694,149.6499,96,58.8,D
2019-12-01,-12.3561,131.5517,79,19.8,D
2019-12-01,-16.4828,136.1532,94,94.0,D
2019-12-01,-15.4623,124.883,95,173.9,D
2019-12-01,-15.5029,124.8909,92,131.3,D
2019-12-01,-15.7011,127.4706,99,110.7,D
2019-12-01,-28.1813,125.423,88,41.4,D
2019-12-01,-34.1248,150.1424,80,35.2,D
2019-12-01,-32.8734,150.9039,82,53.0,D
2019-12-01,-34.081,150.2527,65,32.7,D
2019-12-01,-35.4378,150.1378,75,372.0,D
2019-12-01,-34.0367,150.302,97,122.2,D
2019-12-01,-34.0167,150.1074,94,93.5,D
2019-12-01,-33.9874,150.1252,95,102.6,D
2019-12-01,-33.3011,150.4977,76,58.6,D
2019-12-01,-33.3079,150.3481,87,67.0,D
2019-12-01,-33.2782,150.321,86,66.3,D
2019-12-01,-32.9282,151.2269,100,304.4,D
2019-12-01,-32.8927,150.9297,67,47.2,D
2019-12-01,-32.9412,150.3858,93,101.2,D
2019-12-01,-32.571,150.317,81,50.1,D
2019-12-01,-32.315,150.1929,100,496.0,D
2019-12-01,-22.7726,150.2852,96,273.2,D
2019-12-01,-22.6775,150.231,82,80.6,D
2019-12-01,-16.2601,141.9734,98,68.5,D
2019-12-01,-16.219,141.951,100,112.3,D
2019-12-01,-16.2942,141.6962,50,17.3,D
2019-12-01,-15.3055,144.0107,80,64.5,D
2019-12-01,-15.2506,143.9056,100,132.5,D
2019-12-01,-13.3631,135.6804,80,31.1,D
2019-12-01,-12.4179,136.8129,81,40.6,D
2019-12-01,-28.2274,125.3945,82,63.9,D
2019-12-01,-23.2261,122.8884,90,65.4,D
2019-12-01,-17.4862,122.351,99,171.4,D
2019-12-01,-17.1267,124.0007,64,63.3,D
2019-12-01,-16.5947,123.6495,65,75.8,D
2019-12-01,-34.0151,150.2915,100,199.9,N
2019-12-01,-17.8354,122.249,100,267.9,N
2019-12-01,-32.9591,151.2274,100,31.8,N
2019-12-01,-34.0288,150.0029,52,13.6,N
2019-12-01,-15.0267,125.8123,62,6.3,N
2019-12-01,-16.2905,124.1219,57,6.2,N
2019-12-02,-16.2527,141.6343,72,21.4,D
2019-12-02,-15.2245,143.9129,87,32.5,D
2019-12-02,-16.1992,141.6117,90,59.0,D
2019-12-02,-16.323,141.5647,59,22.3,D
2019-12-02,-16.3868,141.5854,68,24.6,D
2019-12-02,-22.6597,150.3873,93,137.1,D
2019-12-02,-24.5688,147.9916,77,41.0,D
2019-12-02,-12.4383,131.2471,52,62.2,D
2019-12-02,-15.6671,130.7509,78,132.9,D
2019-12-02,-15.1499,125.086,83,37.9,D
2019-12-02,-15.047,125.8043,100,207.1,D
2019-12-02,-17.1496,122.9163,53,23.4,D
2019-12-02,-17.5022,122.3549,100,154.7,D
2019-12-02,-17.4696,122.3278,100,362.1,D
2019-12-02,-24.1594,113.474,90,76.2,D
2019-12-02,-34.0359,150.0533,77,86.2,D
2019-12-02,-30.004,152.0894,100,377.5,D
2019-12-02,-29.494,152.4302,72,31.8,D
2019-12-02,-29.4373,152.4352,94,93.3,D
2019-12-02,-24.8421,146.98,71,107.8,D
2019-12-02,-24.6182,151.5748,78,59.4,D
2019-12-02,-22.6564,150.3101,87,70.1,D
2019-12-02,-16.6811,127.8336,96,61.1,D
2019-12-02,-16.487,136.1937,74,35.0,D
2019-12-02,-13.5327,132.9465,63,38.8,D
2019-12-02,-34.1755,116.6242,65,32.4,D
2019-12-02,-24.1516,113.5229,54,62.4,D
2019-12-02,-35.595,150.2428,84,13.0,N
2019-12-02,-35.5127,150.3145,97,18.6,N
2019-12-02,-35.5509,150.3631,100,147.9,N
2019-12-02,-35.5296,150.3296,100,74.9,N
2019-12-02,-35.5553,150.1347,100,45.3,N
2019-12-02,-35.4864,150.0328,100,34.8,N
2019-12-02,-35.3591,149.6009,89,17.7,N
2019-12-02,-35.469,149.5737,100,41.9,N
2019-12-02,-31.0814,151.8554,81,14.2,N
2019-12-02,-33.3487,150.5037,98,26.6,N
2019-12-02,-33.2734,150.3165,94,17.7,N
2019-12-02,-32.9778,150.9231,100,20.5,N
2019-12-02,-32.9159,151.0314,62,17.3,N
2019-12-02,-32.9241,150.389,100,23.0,N
2019-12-02,-31.5304,151.9936,65,9.2,N
2019-12-02,-33.9862,150.4056,100,43.0,N
2019-12-02,-34.0956,150.2748,64,15.5,N
2019-12-02,-31.3556,151.9313,97,21.9,N
2019-12-02,-33.7537,150.296,81,15.2,N
2019-12-02,-29.9777,152.938,53,6.2,N
2019-12-02,-29.4885,152.4182,56,12.1,N
2019-12-02,-29.1583,152.2969,56,7.6,N
2019-12-02,-29.9919,151.9729,56,9.1,N
2019-12-02,-29.6944,152.6729,100,53.2,N
2019-12-02,-24.5213,148.0073,100,19.2,N
2019-12-02,-24.538,148.0203,58,11.3,N
2019-12-02,-16.1325,141.9269,66,10.4,N
2019-12-02,-30.0151,152.1605,53,116.5,N
2019-12-02,-22.6799,116.9547,77,19.0,N
2019-12-02,-17.4973,122.2973,82,9.0,N
2019-12-02,-16.3202,141.5232,79,8.1,N
2019-12-02,-33.9708,150.3777,51,122.0,N
2019-12-02,-22.6514,116.9804,100,47.2,N
2019-12-02,-22.7116,150.1617,89,125.7,D
2019-12-02,-25.7606,152.0307,90,70.2,D
2019-12-02,-30.0007,152.182,77,35.9,D
2019-12-02,-30.0311,152.1769,95,75.9,D
2019-12-02,-29.6835,152.6624,60,27.8,D
2019-12-02,-33.3163,150.3958,88,58.6,D
2019-12-02,-31.0799,152.6494,68,17.3,D
2019-12-02,-32.8566,150.9283,81,32.1,D
2019-12-02,-32.8565,150.7485,57,20.2,D
2019-12-02,-32.9315,150.8883,55,32.2,D
2019-12-02,-32.9676,150.3385,54,22.2,D
2019-12-02,-34.1447,150.2071,99,126.0,D
2019-12-02,-35.5602,150.3195,100,142.2,D
2019-12-02,-35.5748,150.2264,84,35.9,D
2019-12-02,-35.476,149.5771,55,25.2,D
2019-12-02,-35.4225,150.1171,95,86.8,D
2019-12-03,-11.5983,142.5705,92,155.4,D
2019-12-03,-12.6325,132.4487,67,19.4,D
2019-12-03,-16.9003,137.4414,100,151.1,D
2019-12-03,-16.1072,141.8613,80,89.3,D
2019-12-03,-16.0934,141.8629,77,77.1,D
2019-12-03,-29.942,118.6157,100,657.1,D
2019-12-03,-35.6053,150.287,100,1672.4,D
2019-12-03,-35.3653,149.5194,97,62.2,D
2019-12-03,-35.5894,150.1696,94,99.0,D
2019-12-03,-35.5656,150.1997,95,52.1,D
2019-12-03,-35.5526,150.1006,87,29.4,D
2019-12-03,-35.5006,150.0215,98,78.5,D
2019-12-03,-35.4732,150.0143,93,52.9,D
2019-12-03,-35.4188,150.0795,100,598.2,D
2019-12-03,-35.4852,149.5884,100,219.5,D
2019-12-03,-35.3866,149.6878,74,16.7,D
2019-12-03,-34.0433,150.0193,84,29.7,D
2019-12-03,-34.0219,150.2505,87,34.0,D
2019-12-03,-34.0287,150.1113,84,42.2,D
2019-12-03,-33.9841,150.149,81,26.9,D
2019-12-03,-33.3613,151.0021,65,30.1,D
2019-12-03,-33.326,150.4039,100,353.9,D
2019-12-03,-33.337,150.4568,82,27.8,D
2019-12-03,-33.2812,150.3182,69,19.2,D
2019-12-03,-33.2491,150.3042,62,21.6,D
2019-12-03,-32.9623,151.0513,100,243.1,D
2019-12-03,-32.9682,151.0061,52,21.0,D
2019-12-03,-32.9891,150.2635,50,21.8,D
2019-12-03,-32.608,150.3345,100,122.6,D
2019-12-03,-31.6054,151.961,100,223.9,D
2019-12-03,-31.5582,152.2778,86,56.0,D
2019-12-03,-32.9432,150.9736,89,41.4,D
2019-12-03,-32.9292,150.8775,86,45.6,D
2019-12-03,-32.8712,150.9767,100,116.3,D
2019-12-03,-32.9778,150.2726,100,195.4,D
2019-12-03,-32.8597,150.6863,100,110.6,D
2019-12-03,-32.9184,150.3945,98,80.2,D
2019-12-03,-34.119,150.1882,100,109.2,D
2019-12-03,-34.091,150.2428,91,42.0,D
2019-12-03,-31.2019,152.6302,87,71.8,D
2019-12-03,-29.9863,151.9959,97,112.7,D
2019-12-03,-30.0265,152.162,93,87.2,D
2019-12-03,-30.0005,151.9174,88,69.3,D
2019-12-03,-29.9624,151.9409,64,21.7,D
2019-12-03,-29.1599,152.8264,60,30.9,D
2019-12-03,-24.8344,146.9907,100,108.4,D
2019-12-03,-24.8161,146.9872,100,149.6,D
2019-12-03,-25.7616,145.9387,95,46.5,D
2019-12-03,-22.6734,150.1487,89,68.7,D
2019-12-03,-16.9922,138.952,73,25.2,D
2019-12-03,-16.243,142.0736,100,72.0,D
2019-12-03,-16.1121,141.9469,59,24.6,D
2019-12-03,-16.0545,141.9011,96,56.1,D
2019-12-03,-16.1443,137.0984,66,46.4,D
2019-12-03,-14.0245,135.0413,85,123.6,D
2019-12-03,-29.9423,118.6063,94,59.1,D
2019-12-03,-14.8385,128.1014,50,92.4,D
2019-12-03,-35.4077,150.0859,100,312.1,N
2019-12-03,-33.9757,150.3373,68,40.2,N
2019-12-03,-31.5935,152.0068,100,256.0,N
2019-12-03,-24.9939,149.2971,98,126.4,N
2019-12-03,-16.0176,142.0217,100,59.8,N
2019-12-03,-15.2836,144.0274,68,20.7,N
2019-12-03,-13.3876,135.6776,58,4.2,N
2019-12-03,-24.9974,149.2915,100,81.9,N
2019-12-03,-30.0339,152.1867,79,22.7,N
2019-12-03,-29.9503,152.1775,100,22.2,N
2019-12-03,-29.986,151.9932,94,21.1,N
2019-12-03,-30.0186,152.1468,94,23.2,N
2019-12-03,-30.4502,152.5067,100,42.5,N
2019-12-03,-31.0862,152.6358,53,6.6,N
2019-12-03,-31.1959,152.6344,84,19.2,N
2019-12-03,-29.1789,152.3197,100,18.4,N
2019-12-03,-29.271,152.254,98,17.7,N
2019-12-03,-29.5103,152.4424,61,12.9,N
2019-12-03,-33.3314,151.0726,100,45.8,N
2019-12-03,-33.3625,151.1037,65,12.8,N
2019-12-03,-33.3227,150.4254,88,14.8,N
2019-12-03,-33.9578,150.4116,100,27.1,N
2019-12-03,-34.0253,150.3782,69,15.1,N
2019-12-03,-31.5256,151.9947,66,12.6,N
2019-12-03,-31.5984,151.9852,100,35.0,N
2019-12-03,-32.5976,150.3434,100,59.6,N
2019-12-03,-32.7382,150.3518,100,34.2,N
2019-12-03,-34.0723,150.3853,100,22.4,N
2019-12-03,-34.1101,150.1468,100,30.7,N
2019-12-03,-32.8347,150.7847,86,12.5,N
2019-12-03,-32.8973,151.012,61,12.5,N
2019-12-03,-32.9698,151.2415,84,16.6,N
2019-12-03,-32.9615,151.0652,100,24.3,N
2019-12-03,-32.9725,150.9668,53,13.6,N
2019-12-03,-32.9685,150.2935,100,27.2,N
2019-12-03,-35.4647,150.0199,97,82.3,N
2019-12-03,-35.5117,150.0262,100,101.1,N
2019-12-03,-32.648,119.8422,80,27.4,N
2019-12-03,-14.024,135.0632,80,11.9,N
2019-12-03,-15.6319,130.7312,71,5.2,N
2019-12-03,-16.8887,137.5314,78,24.4,N
2019-12-04,-16.0808,141.7973,60,39.7,D
2019-12-04,-16.1318,137.1319,58,141.5,D
2019-12-04,-22.6848,150.1332,85,34.6,D
2019-12-04,-25.0001,149.3125,95,73.3,D
2019-12-04,-24.807,147.0055,100,81.2,D
2019-12-04,-29.6463,152.5463,66,69.5,D
2019-12-04,-29.965,151.9581,100,245.0,D
2019-12-04,-29.9621,150.6125,52,43.5,D
2019-12-04,-33.2427,151.0873,90,113.7,D
2019-12-04,-31.4759,151.9488,81,93.7,D
2019-12-04,-32.2992,150.1597,53,38.9,D
2019-12-04,-32.8416,151.4926,78,50.1,D
2019-12-04,-32.8454,150.9418,90,105.1,D
2019-12-04,-32.9045,150.4107,100,1698.0,D
2019-12-04,-32.9561,150.379,81,53.0,D
2019-12-04,-32.9825,150.332,76,40.4,D
2019-12-04,-33.3686,150.5179,100,2208.2,D
2019-12-04,-33.3329,150.4011,97,157.5,D
2019-12-04,-33.9822,149.9934,92,114.2,D
2019-12-04,-34.143,150.155,82,65.9,D
2019-12-04,-35.4863,150.0023,51,33.0,D
2019-12-04,-35.4493,150.0584,82,99.7,D
2019-12-04,-35.6198,150.212,92,175.5,D
2019-12-04,-14.7332,128.1284,62,22.6,D
2019-12-04,-16.6903,123.6955,58,12.5,D
2019-12-04,-29.9662,118.5625,100,113.2,D
2019-12-04,-30.9082,119.821,77,13.8,D
2019-12-04,-32.5698,119.7906,100,68.8,D
2019-12-04,-32.6028,119.7671,99,64.5,D
2019-12-04,-35.4566,150.0173,67,153.6,D
2019-12-04,-34.0035,149.9394,86,256.1,D
2019-12-04,-33.3342,151.0561,81,121.4,D
2019-12-04,-32.9952,150.8969,68,188.4,D
2019-12-04,-32.8859,150.4343,59,73.7,D
2019-12-04,-32.7477,150.4247,88,282.9,D
2019-12-04,-31.554,152.0034,83,115.8,D
2019-12-04,-30.6261,152.3874,72,74.7,D
2019-12-04,-29.993,152.0587,87,147.5,D
2019-12-04,-29.9574,151.9345,88,152.6,D
2019-12-04,-29.2103,152.3171,56,108.5,D
2019-12-04,-25.0571,149.2806,67,159.3,D
2019-12-04,-33.9527,150.1675,76,284.1,D
2019-12-04,-35.4873,149.5339,83,157.6,D
2019-12-04,-33.2297,150.2729,65,138.9,D
2019-12-04,-16.9713,137.4711,100,132.2,D
2019-12-04,-15.6103,142.5047,56,80.1,D
2019-12-04,-16.1776,137.1153,91,76.5,D
2019-12-04,-13.8772,136.8053,62,33.1,D
2019-12-04,-14.0632,134.9866,96,54.7,D
2019-12-04,-13.9607,134.9852,80,46.7,D
2019-12-04,-12.7583,134.6142,80,14.7,D
2019-12-04,-12.3655,136.7654,68,29.0,D
2019-12-04,-32.6578,119.8421,96,182.4,D
2019-12-04,-22.6875,117.0185,74,167.2,D
2019-12-04,-35.4463,150.0385,66,37.2,N
2019-12-04,-34.1561,150.1809,61,36.2,N
2019-12-04,-35.6124,150.1853,100,27.4,N
2019-12-04,-33.9494,150.3731,100,26.6,N
2019-12-04,-33.9709,150.1734,100,35.9,N
2019-12-04,-33.9754,149.9775,69,23.3,N
2019-12-04,-33.3834,150.7302,100,25.6,N
2019-12-04,-33.3318,150.9948,94,18.8,N
2019-12-04,-34.0562,150.0702,100,90.4,N
2019-12-04,-33.2984,151.1064,52,11.9,N
2019-12-04,-33.2555,151.0475,95,23.4,N
2019-12-04,-33.2162,151.1118,100,203.3,N
2019-12-04,-33.1588,150.9145,100,25.7,N
2019-12-04,-33.0914,150.8899,100,58.6,N
2019-12-04,-32.9898,151.0616,100,30.9,N
2019-12-04,-32.9576,151.0818,100,43.5,N
2019-12-04,-32.8951,151.0908,73,10.0,N
2019-12-04,-32.8718,151.0357,91,23.0,N
2019-12-04,-32.8694,150.874,78,13.0,N
2019-12-04,-32.8719,150.7691,92,25.4,N
2019-12-04,-32.8422,150.9347,100,45.3,N
2019-12-04,-32.7758,151.0587,56,6.6,N
2019-12-04,-32.5963,150.3458,85,30.5,N
2019-12-04,-32.7069,150.355,97,25.6,N
2019-12-04,-31.6975,152.046,57,7.3,N
2019-12-04,-31.0724,151.8472,75,10.6,N
2019-12-04,-30.7613,152.5969,100,20.4,N
2019-12-04,-31.4764,151.9722,92,14.2,N
2019-12-04,-31.4498,151.8357,100,42.1,N
2019-12-04,-31.3636,151.9406,100,21.1,N
2019-12-04,-30.4399,152.5348,100,29.6,N
2019-12-04,-31.5491,151.9963,50,12.2,N
2019-12-04,-29.4941,152.535,100,42.9,N
2019-12-04,-29.9993,151.9293,100,35.1,N
2019-12-04,-29.8934,152.0353,70,9.7,N
2019-12-04,-29.6548,152.5067,100,18.8,N
2019-12-04,-29.3776,152.3845,57,6.1,N
2019-12-04,-29.1338,152.2904,91,14.5,N
2019-12-04,-28.129,152.2517,100,35.6,N
2019-12-04,-24.8927,149.9056,100,80.1,N
2019-12-04,-25.0216,149.2755,100,36.1,N
2019-12-04,-24.9769,149.316,86,11.6,N
2019-12-04,-16.1468,142.1002,72,31.0,N
2019-12-04,-16.064,141.7337,70,32.3,N
2019-12-04,-33.0275,123.571,100,118.0,N
2019-12-04,-33.0211,123.5455,85,73.0,N
2019-12-04,-14.8204,128.1715,94,15.9,N
2019-12-04,-16.2794,124.1177,86,8.2,N
2019-12-04,-12.415,131.6648,100,64.8,N
2019-12-04,-16.0785,141.7544,87,15.2,N
2019-12-04,-24.9869,149.3108,99,50.1,N
2019-12-04,-31.133,151.899,67,64.8,N
2019-12-04,-33.3407,150.3889,100,119.1,N
2019-12-04,-33.9506,150.1309,75,106.7,N
2019-12-04,-35.5006,149.6319,70,44.8,N
2019-12-04,-29.9577,118.5685,98,16.6,N
2019-12-04,-25.0287,149.3652,74,136.8,D
2019-12-04,-29.4698,152.3526,84,89.0,D
2019-12-04,-30.0491,152.1405,87,81.2,D
2019-12-04,-31.1377,151.8779,93,106.2,D
2019-12-04,-31.5862,151.7133,92,124.1,D
2019-12-04,-32.7725,150.3795,85,101.9,D
2019-12-04,-32.8865,150.4117,100,312.9,D
2019-12-04,-33.3014,150.2892,86,106.7,D
2019-12-04,-33.3403,150.4141,93,152.4,D
2019-12-04,-33.9959,150.17,95,167.4,D
2019-12-04,-34.1374,150.1449,79,65.1,D
2019-12-04,-35.4395,150.2515,58,45.1,D
2019-12-04,-35.5062,149.6142,91,127.0,D
2019-12-05,-12.34,136.7768,94,49.3,D
2019-12-05,-12.9829,136.2666,90,39.5,D
2019-12-05,-13.8793,136.8301,100,93.7,D
2019-12-05,-16.0185,142.1486,85,50.8,D
2019-12-05,-16.1705,142.0935,72,22.1,D
2019-12-05,-16.109,137.1386,100,238.3,D
2019-12-05,-18.7852,140.2905,54,14.5,D
2019-12-05,-22.667,117.0511,72,34.2,D
2019-12-05,-42.1157,147.9666,72,58.2,D
2019-12-05,-35.6232,150.2122,90,39.6,D
2019-12-05,-35.5877,150.1395,75,59.2,D
2019-12-05,-35.483,150.3127,50,18.8,D
2019-12-05,-35.3408,149.6345,51,8.3,D
2019-12-05,-35.3937,149.6683,61,15.9,D
2019-12-05,-35.3349,149.6809,63,14.0,D
2019-12-05,-35.3419,149.5503,100,332.2,D
2019-12-05,-34.1456,150.2925,100,87.4,D
2019-12-05,-34.1248,150.3159,87,518.7,D
2019-12-05,-34.0326,150.4444,94,832.8,D
2019-12-05,-34.0402,150.4571,100,447.5,D
2019-12-05,-34.0517,150.1145,100,539.6,D
2019-12-05,-33.9837,150.2032,100,274.0,D
2019-12-05,-34.0214,150.1316,100,271.7,D
2019-12-05,-33.9627,150.357,100,85.3,D
2019-12-05,-33.9881,150.1703,62,15.7,D
2019-12-05,-33.9521,150.1683,100,90.2,D
2019-12-05,-33.964,150.0806,83,27.5,D
2019-12-05,-33.9638,150.0124,100,484.0,D
2019-12-05,-33.3951,151.1226,84,29.6,D
2019-12-05,-33.397,150.7303,100,185.4,D
2019-12-05,-33.3533,150.449,100,1073.5,D
2019-12-05,-33.3119,151.0667,81,24.9,D
2019-12-05,-33.3368,150.5675,93,47.0,D
2019-12-05,-33.3518,150.4598,94,227.1,D
2019-12-05,-33.3321,150.3339,90,39.6,D
2019-12-05,-33.3119,150.2911,100,149.0,D
2019-12-05,-33.3443,150.4473,73,28.2,D
2019-12-05,-33.087,150.9018,89,44.0,D
2019-12-05,-33.2261,150.3071,98,64.2,D
2019-12-05,-33.0826,150.8679,98,56.6,D
2019-12-05,-32.7651,150.4494,100,1401.5,D
2019-12-05,-32.9821,150.9958,100,249.1,D
2019-12-05,-33.0078,150.9461,100,101.4,D
2019-12-05,-32.9713,151.0707,83,19.6,D
2019-12-05,-32.8999,150.7304,87,30.8,D
2019-12-05,-32.9517,151.0777,93,42.6,D
2019-12-05,-32.9063,151.0726,89,35.9,D
2019-12-05,-32.8929,151.0368,91,37.0,D
2019-12-05,-32.8659,151.0312,100,74.6,D
2019-12-05,-32.9751,150.2604,80,27.7,D
2019-12-05,-32.9571,150.3235,70,25.7,D
2019-12-05,-32.954,150.2787,82,26.5,D
2019-12-05,-32.8397,150.9653,100,272.2,D
2019-12-05,-32.9037,150.3845,100,194.8,D
2019-12-05,-32.8434,150.7463,90,33.7,D
2019-12-05,-32.7801,150.4084,100,642.7,D
2019-12-05,-32.7591,150.4263,93,45.3,D
2019-12-05,-32.7462,150.33,94,51.7,D
2019-12-05,-32.7057,150.3547,100,72.2,D
2019-12-05,-32.582,150.3128,71,21.6,D
2019-12-05,-32.2789,150.1845,100,158.2,D
2019-12-05,-31.5962,151.9978,92,50.8,D
2019-12-05,-31.5599,152.0079,100,155.5,D
2019-12-05,-31.5323,152.002,90,38.6,D
2019-12-05,-31.487,151.9401,97,57.8,D
2019-12-05,-31.443,151.9187,89,43.5,D
2019-12-05,-31.3776,151.9326,81,28.5,D
2019-12-05,-31.2213,152.3973,63,17.3,D
2019-12-05,-30.8135,152.5785,60,19.7,D
2019-12-05,-30.7647,152.5792,100,501.8,D
2019-12-05,-30.6311,152.3837,95,61.0,D
2019-12-05,-30.1955,152.65,98,79.7,D
2019-12-05,-29.9514,152.1987,93,55.6,D
2019-12-05,-30.0183,151.9578,100,512.2,D
2019-12-05,-29.9456,152.1745,80,31.9,D
2019-12-05,-30.0177,150.6274,100,78.1,D
2019-12-05,-29.7063,152.5729,77,27.0,D
2019-12-05,-29.6625,152.5208,52,26.6,D
2019-12-05,-29.3472,153.073,79,31.2,D
2019-12-05,-29.1883,152.2914,100,108.9,D
2019-12-05,-28.7462,152.3576,97,73.2,D
2019-12-05,-28.0877,152.2458,100,161.1,D
2019-12-05,-25.7679,152.073,65,22.5,D
2019-12-05,-25.035,149.3448,95,52.3,D
2019-12-05,-24.5931,151.5441,81,40.4,D
2019-12-05,-24.8221,146.909,81,24.9,D
2019-12-05,-18.7763,140.2981,83,67.8,D
2019-12-05,-16.1411,137.1316,89,247.5,D
2019-12-05,-13.323,135.6867,60,129.3,D
2019-12-05,-12.3189,136.8297,82,106.1,D
2019-12-05,-32.4846,119.7794,89,91.2,D
2019-12-05,-21.6249,118.6313,88,39.7,D
2019-12-05,-15.0622,128.6791,100,279.7,D
2019-12-05,-42.1156,147.9785,52,22.4,N
2019-12-05,-35.4362,150.3831,54,75.3,N
2019-12-05,-35.4621,150.0078,100,70.9,N
2019-12-05,-35.5212,149.5867,100,43.1,N
2019-12-05,-35.3463,149.5297,76,32.8,N
2019-12-05,-34.0187,150.5635,100,65.7,N
2019-12-05,-34.1137,150.1326,65,19.5,N
2019-12-05,-33.9536,150.0943,100,42.5,N
2019-12-05,-33.9536,150.0328,66,31.4,N
2019-12-05,-32.9394,150.3586,63,40.9,N
2019-12-05,-32.8289,150.7711,82,32.5,N
2019-12-05,-32.6952,150.3873,100,66.7,N
2019-12-05,-31.6181,151.7408,98,67.5,N
2019-12-05,-31.1699,152.4862,66,31.9,N
2019-12-05,-30.4236,152.5514,100,90.1,N
2019-12-05,-28.1525,152.2461,56,46.4,N
2019-12-05,-24.753,146.9829,100,111.2,N
2019-12-05,-16.9975,137.5319,84,10.2,N
2019-12-05,-16.7959,137.3386,60,8.7,N
2019-12-05,-16.3713,142.1035,100,160.9,N
2019-12-05,-16.5344,136.2448,100,21.7,N
2019-12-05,-13.4233,135.6651,100,37.1,N
2019-12-05,-25.0524,149.2708,100,243.4,N
2019-12-05,-28.2548,151.4366,63,15.0,N
2019-12-05,-28.744,152.3721,100,52.1,N
2019-12-05,-29.8894,153.1285,72,11.0,N
2019-12-05,-29.9113,152.1098,58,14.6,N
2019-12-05,-30.4285,152.5413,100,21.6,N
2019-12-05,-30.8013,152.5577,89,30.0,N
2019-12-05,-31.3093,151.9284,100,1466.3,N
2019-12-05,-31.3192,151.9261,100,31.5,N
2019-12-05,-31.4342,151.9321,100,30.2,N
2019-12-05,-31.467,152.0025,100,26.7,N
2019-12-05,-31.5411,152.0187,100,28.5,N
2019-12-05,-31.5455,152.0437,100,48.4,N
2019-12-05,-31.6104,151.9978,100,24.3,N
2019-12-05,-35.4051,150.2714,100,47.5,N
2019-12-05,-35.4354,150.3224,100,123.4,N
2019-12-05,-35.4944,150.372,100,27.7,N
2019-12-05,-34.018,150.4828,100,54.9,N
2019-12-05,-34.0067,149.9757,89,52.0,N
2019-12-05,-35.3825,150.2628,100,53.1,N
2019-12-05,-32.0666,151.3719,80,15.0,N
2019-12-05,-32.7446,150.5089,97,33.9,N
2019-12-05,-35.395,150.2739,84,32.5,N
2019-12-05,-33.9119,150.2301,100,46.8,N
2019-12-05,-34.0053,150.5303,100,705.0,N
2019-12-05,-35.5899,150.0896,100,67.8,N
2019-12-05,-30.9183,119.7936,100,20.3,N
2019-12-05,-21.8642,119.1581,84,10.3,N
2019-12-05,-12.3271,136.8389,89,12.5,N
2019-12-05,-16.3568,142.0662,100,70.4,N
2019-12-05,-16.0438,142.2209,65,18.1,N
2019-12-06,-13.5558,142.1339,63,53.4,D
2019-12-06,-26.1622,146.5369,66,21.5,D
2019-12-06,-24.5951,148.0206,90,40.5,D
2019-12-06,-29.2885,152.2419,80,38.2,D
2019-12-06,-29.3203,152.8402,82,40.0,D
2019-12-06,-28.7806,148.1503,97,47.6,D
2019-12-06,-31.6213,151.7315,100,123.3,D
2019-12-06,-31.5268,152.1764,63,26.3,D
2019-12-06,-31.553,152.0245,100,141.9,D
2019-12-06,-31.5765,151.7079,100,178.8,D
2019-12-06,-28.7212,152.3131,98,93.2,D
2019-12-06,-31.6936,152.0369,67,19.0,D
2019-12-06,-29.8917,152.1199,81,40.6,D
2019-12-06,-29.9629,152.0113,77,23.4,D
2019-12-06,-30.7696,152.544,90,61.5,D
2019-12-06,-30.7669,152.6206,97,114.9,D
2019-12-06,-30.7529,152.5923,100,135.1,D
2019-12-06,-31.1414,151.8892,80,28.2,D
2019-12-06,-31.3111,151.9279,65,38.3,D
2019-12-06,-32.2768,150.1911,100,93.1,D
2019-12-06,-32.5823,150.3588,100,111.9,D
2019-12-06,-32.7264,150.4496,82,35.3,D
2019-12-06,-32.6992,150.3895,100,146.1,D
2019-12-06,-32.7454,150.5236,100,490.9,D
2019-12-06,-32.8224,150.9946,100,307.9,D
2019-12-06,-32.8341,151.0063,89,40.7,D
2019-12-06,-32.7771,150.3758,93,60.5,D
2019-12-06,-32.8261,150.7713,100,136.5,D
2019-12-06,-34.0573,150.041,92,54.2,D
2019-12-06,-32.9517,150.309,96,76.0,D
2019-12-06,-33.9118,150.1822,100,146.3,D
2019-12-06,-42.1107,147.9689,89,120.8,D
2019-12-06,-11.3717,130.4758,85,35.5,D
2019-12-06,-12.4547,131.639,71,25.6,D
2019-12-06,-14.7133,128.1191,73,20.5,D
2019-12-06,-15.4732,124.7132,63,16.5,D
2019-12-06,-15.0805,128.7153,84,30.7,D
2019-12-06,-15.0966,125.0928,67,32.1,D
2019-12-06,-18.6452,123.5136,100,153.8,D
2019-12-06,-22.0646,118.9354,83,96.2,D
2019-12-06,-32.4842,119.7713,100,166.2,D
2019-12-06,-32.4981,119.7937,84,34.9,D
2019-12-06,-30.6742,152.4762,89,270.7,D
2019-12-06,-29.7409,152.5631,61,84.7,D
2019-12-06,-29.2282,152.7416,76,62.5,D
2019-12-06,-28.732,152.4152,100,677.5,D
2019-12-06,-42.1153,147.9952,100,265.4,D
2019-12-06,-33.9484,150.0979,93,225.1,D
2019-12-06,-33.912,150.19,96,275.5,D
2019-12-06,-35.6696,145.4986,71,14.8,D
2019-12-06,-34.1522,150.3686,94,3266.1,D
2019-12-06,-34.1311,150.2519,58,95.5,D
2019-12-06,-34.068,150.464,54,132.5,D
2019-12-06,-33.3672,150.3139,63,116.6,D
2019-12-06,-33.9174,150.231,84,133.8,D
2019-12-06,-33.9447,150.3147,100,351.6,D
2019-12-06,-30.1558,150.9004,100,1331.6,D
2019-12-06,-24.8043,146.9352,50,130.5,D
2019-12-06,-16.9886,137.6041,100,131.8,D
2019-12-06,-16.7788,137.3371,55,19.0,D
2019-12-06,-16.8365,137.5165,89,35.0,D
2019-12-06,-14.8219,128.0138,52,41.2,D
2019-12-06,-16.1171,137.1505,81,20.9,D
2019-12-06,-16.0776,137.1638,56,11.6,D
2019-12-06,-13.5145,142.1196,53,32.6,D
2019-12-06,-14.0919,134.9993,81,12.3,D
2019-12-06,-12.9057,131.2362,56,13.0,D
2019-12-06,-12.3479,136.7566,84,31.3,D
2019-12-06,-12.6859,134.5398,77,38.5,D
2019-12-06,-33.0585,123.5519,100,279.4,D
2019-12-06,-32.5482,119.8213,66,58.7,D
2019-12-06,-32.4933,119.7607,79,51.4,D
2019-12-06,-30.1972,120.1999,100,3446.9,D
2019-12-06,-35.5137,149.5746,56,33.0,N
2019-12-06,-34.1292,150.1289,73,34.3,N
2019-12-06,-33.9567,150.3432,100,72.0,N
2019-12-06,-33.3162,150.2944,51,29.6,N
2019-12-06,-33.0901,150.9423,100,36.2,N
2019-12-06,-29.6106,152.5792,100,50.5,N
2019-12-06,-31.5212,152.3271,73,12.5,N
2019-12-06,-31.5773,151.6947,100,48.3,N
2019-12-06,-31.518,152.0521,92,21.6,N
2019-12-06,-31.5045,152.0435,100,74.3,N
2019-12-06,-29.446,152.5152,100,32.5,N
2019-12-06,-29.3068,152.8322,76,9.1,N
2019-12-06,-31.4388,151.8318,100,30.4,N
2019-12-06,-31.4389,151.8107,93,28.2,N
2019-12-06,-31.4122,151.8532,100,69.9,N
2019-12-06,-31.3287,152.1227,61,17.2,N
2019-12-06,-29.3032,152.2655,99,36.5,N
2019-12-06,-30.7432,152.5834,100,40.5,N
2019-12-06,-30.7312,152.5969,100,114.2,N
2019-12-06,-29.2285,152.7222,67,13.4,N
2019-12-06,-29.095,153.1541,100,28.6,N
2019-12-06,-29.0514,153.1844,56,8.6,N
2019-12-06,-30.6457,152.486,100,73.9,N
2019-12-06,-30.6412,152.4913,100,107.8,N
2019-12-06,-32.9173,151.2313,87,25.0,N
2019-12-06,-32.8883,151.0382,56,16.6,N
2019-12-06,-30.6644,152.0366,100,29.7,N
2019-12-06,-30.6448,152.0178,82,23.6,N
2019-12-06,-30.501,152.5848,100,54.7,N
2019-12-06,-30.4859,152.6255,100,140.6,N
2019-12-06,-32.7975,151.0395,100,65.6,N
2019-12-06,-32.81,150.9597,86,23.9,N
2019-12-06,-32.7973,150.5872,87,30.1,N
2019-12-06,-32.8035,150.3841,52,27.4,N
2019-12-06,-30.1676,150.8372,100,39.6,N
2019-12-06,-30.1525,150.871,100,70.6,N
2019-12-06,-30.1262,150.9016,100,336.4,N
2019-12-06,-32.7539,150.6604,100,118.3,N
2019-12-06,-32.7781,150.3532,94,36.4,N
2019-12-06,-29.9073,152.1012,100,38.3,N
2019-12-06,-32.6945,150.587,81,21.7,N
2019-12-06,-29.7259,152.1887,56,15.1,N
2019-12-06,-26.5423,152.2719,100,28.9,N
2019-12-06,-26.1741,146.5379,78,42.7,N
2019-12-06,-28.7471,152.5,100,394.0,N
2019-12-06,-28.7474,152.4083,72,18.4,N
2019-12-06,-28.7148,152.4361,63,21.4,N
2019-12-06,-28.7316,152.2938,100,34.1,N
2019-12-06,-28.6914,152.4597,100,81.4,N
2019-12-06,-28.752,152.3684,100,194.6,N
2019-12-06,-28.509,152.4595,100,67.7,N
2019-12-06,-28.1174,152.2453,69,12.7,N
2019-12-06,-25.0285,149.2643,93,24.6,N
2019-12-06,-17.311,142.4373,79,71.4,N
2019-12-06,-18.2164,124.1224,100,187.9,N
2019-12-06,-16.1493,124.584,75,8.1,N
2019-12-06,-16.6501,127.9132,100,13.0,N
2019-12-06,-16.4128,142.1123,100,42.3,N
2019-12-06,-25.6743,153.0387,93,35.6,N
2019-12-06,-28.4941,152.3778,74,29.2,N
2019-12-06,-28.6653,152.4154,100,159.6,N
2019-12-06,-28.7384,152.4991,56,54.7,N
2019-12-06,-28.7453,152.3059,81,39.2,N
2019-12-06,-29.6053,152.6493,100,58.3,N
2019-12-06,-29.6152,152.6432,100,73.3,N
2019-12-06,-31.6398,152.0557,83,34.1,N
2019-12-06,-30.016,151.9365,59,21.7,N
2019-12-06,-30.1424,150.9181,58,37.6,N
2019-12-06,-30.4715,152.5815,100,77.8,N
2019-12-06,-30.7026,152.5412,100,76.5,N
2019-12-06,-30.6505,152.0951,88,37.3,N
2019-12-06,-32.5778,150.3047,95,33.8,N
2019-12-06,-33.9266,150.0645,94,37.8,N
2019-12-06,-33.9081,150.2498,83,26.0,N
2019-12-06,-33.9728,149.9779,58,20.1,N
2019-12-06,-16.2988,123.9641,58,4.7,N
2019-12-06,-32.942,120.7038,60,7.2,N
2019-12-06,-28.7737,152.3242,73,163.5,D
2019-12-06,-30.019,151.9373,90,214.3,D
2019-12-06,-34.0559,150.0065,70,110.0,D
2019-12-07,-11.4902,142.5608,54,18.6,D
2019-12-07,-13.0242,143.1869,73,25.5,D
2019-12-07,-13.325,135.7313,74,37.7,D
2019-12-07,-14.9052,143.8712,72,12.3,D
2019-12-07,-15.4437,144.6535,85,40.5,D
2019-12-07,-16.0545,142.2695,88,34.2,D
2019-12-07,-17.3086,142.6437,56,11.9,D
2019-12-07,-17.3768,142.6447,69,14.2,D
2019-12-07,-17.0242,137.5858,57,10.9,D
2019-12-07,-27.3189,147.9763,91,242.7,D
2019-12-07,-21.722,118.4075,52,12.3,D
2019-12-07,-35.3507,149.6174,88,58.0,D
2019-12-07,-34.1791,150.1851,95,81.3,D
2019-12-07,-34.0484,150.0038,87,53.9,D
2019-12-07,-33.9307,150.1563,75,43.7,D
2019-12-07,-33.3977,150.4054,97,90.6,D
2019-12-07,-33.9734,149.9592,75,24.2,D
2019-12-07,-33.3665,150.3177,98,97.3,D
2019-12-07,-33.2201,151.0483,96,74.8,D
2019-12-07,-33.1311,150.9504,86,33.4,D
2019-12-07,-32.9894,151.2009,52,18.7,D
2019-12-07,-32.9264,150.7995,92,54.2,D
2019-12-07,-32.9416,150.3142,78,32.3,D
2019-12-07,-29.8902,152.111,99,71.0,D
2019-12-07,-30.7942,152.5378,63,17.0,D
2019-12-07,-30.1762,150.8472,75,62.7,D
2019-12-07,-29.9036,152.081,83,25.6,D
2019-12-07,-32.8305,150.9198,91,53.1,D
2019-12-07,-32.8177,150.7691,54,16.4,D
2019-12-07,-32.7985,150.5026,75,27.1,D
2019-12-07,-32.7692,150.316,86,41.8,D
2019-12-07,-30.3618,150.8623,100,331.4,D
2019-12-07,-29.9906,150.6367,100,80.8,D
2019-12-07,-30.1799,150.8546,100,95.3,D
2019-12-07,-30.1477,150.8424,75,50.5,D
2019-12-07,-32.6071,150.3181,90,52.6,D
2019-12-07,-32.2685,150.1821,72,44.5,D
2019-12-07,-31.4928,152.0462,100,82.1,D
2019-12-07,-31.4467,152.0542,88,40.1,D
2019-12-07,-31.4142,152.0145,88,33.9,D
2019-12-07,-31.4231,151.8296,100,146.4,D
2019-12-07,-30.6771,152.0448,100,473.3,D
2019-12-07,-29.647,152.6108,92,46.5,D
2019-12-07,-29.5432,152.426,100,110.8,D
2019-12-07,-29.4243,152.3596,94,53.2,D
2019-12-07,-29.3056,152.2902,94,52.7,D
2019-12-07,-29.0926,153.1416,100,91.7,D
2019-12-07,-29.0656,153.1364,62,24.4,D
2019-12-07,-30.7572,152.4818,69,15.3,D
2019-12-07,-28.669,152.3735,100,64.1,D
2019-12-07,-28.6661,152.394,100,143.0,D
2019-12-07,-28.7878,152.3175,76,15.2,D
2019-12-07,-28.7672,152.3981,94,215.9,D
2019-12-07,-28.0994,152.3068,91,32.9,D
2019-12-07,-28.7454,152.2891,98,63.0,D
2019-12-07,-28.7654,152.345,100,77.8,D
2019-12-07,-26.1669,146.5451,67,32.9,D
2019-12-07,-28.5166,152.4136,70,40.2,D
2019-12-07,-29.2503,144.9645,57,47.5,D
2019-12-07,-24.6039,148.0077,83,40.4,D
2019-12-07,-24.7956,147.0289,80,56.5,D
2019-12-07,-17.2394,142.4886,100,346.2,D
2019-12-07,-15.4691,143.3569,56,41.4,D
2019-12-07,-14.5793,141.9477,84,91.7,D
2019-12-07,-11.4843,142.534,87,79.0,D
2019-12-07,-28.2482,125.5223,100,440.5,D
2019-12-07,-21.3087,119.2441,73,42.2,D
2019-12-07,-16.5659,127.9612,100,214.7,D
2019-12-07,-16.4539,124.4414,58,10.2,D
2019-12-07,-15.5892,127.4533,63,30.3,D
2019-12-07,-14.7089,128.11,69,26.8,D
2019-12-07,-12.3467,131.1567,80,33.3,D
2019-12-07,-37.4557,147.5987,98,18.6,N
2019-12-07,-32.7616,150.3064,51,15.1,N
2019-12-07,-34.0529,149.9745,72,14.0,N
2019-12-07,-34.0023,149.9672,98,23.2,N
2019-12-07,-32.9287,150.2883,100,43.5,N
2019-12-07,-34.0718,150.103,52,13.2,N
2019-12-07,-34.1721,150.296,88,16.8,N
2019-12-07,-33.3213,150.2816,100,91.6,N
2019-12-07,-33.2859,150.2438,100,395.0,N
2019-12-07,-33.2259,150.2867,100,64.5,N
2019-12-07,-32.8186,150.9093,88,20.4,N
2019-12-07,-32.9086,150.2826,100,55.0,N
2019-12-07,-32.8405,150.4263,89,19.5,N
2019-12-07,-32.7916,150.602,100,32.9,N
2019-12-07,-32.2871,150.1292,100,39.7,N
2019-12-07,-30.6077,151.2734,89,30.9,N
2019-12-07,-30.3765,150.8349,100,35.3,N
2019-12-07,-30.168,150.8319,99,31.8,N
2019-12-07,-29.4264,152.5207,53,28.2,N
2019-12-07,-28.6586,152.4467,85,74.0,N
2019-12-07,-28.6388,152.4148,90,71.5,N
2019-12-07,-24.4905,145.4001,88,12.8,N
2019-12-07,-17.4703,142.7043,95,20.0,N
2019-12-07,-17.4598,142.6484,100,24.2,N
2019-12-07,-16.846,142.117,75,6.0,N
2019-12-07,-11.6996,142.5824,62,5.6,N
2019-12-07,-25.0672,149.2584,52,92.8,N
2019-12-07,-28.6451,152.3699,99,82.5,N
2019-12-07,-28.828,150.9269,100,88.3,N
2019-12-07,-30.3703,150.8489,82,39.6,N
2019-12-07,-29.4965,152.3116,99,51.3,N
2019-12-07,-32.7009,150.4794,75,32.0,N
2019-12-07,-33.2582,150.2219,100,218.0,N
2019-12-07,-33.3401,150.2903,100,1575.7,N
2019-12-07,-32.4386,120.3381,92,15.8,N
2019-12-07,-16.7162,127.9157,99,106.1,N
2019-12-07,-16.5013,142.48,100,76.3,N
2019-12-07,-17.4703,142.6861,62,9.1,N
2019-12-07,-30.7262,119.9039,62,49.4,N
2019-12-08,-22.6586,150.134,62,15.8,D
2019-12-08,-25.0734,149.2292,75,37.4,D
2019-12-08,-25.0874,149.2512,76,35.5,D
2019-12-08,-25.0949,149.1745,86,39.8,D
2019-12-08,-25.1264,149.2372,90,54.1,D
2019-12-08,-28.6401,152.3513,100,137.3,D
2019-12-08,-28.7685,152.4867,73,19.2,D
2019-12-08,-28.7799,152.3032,100,206.2,D
2019-12-08,-29.4238,152.5099,85,28.2,D
2019-12-08,-29.9137,152.261,58,19.8,D
2019-12-08,-30.0222,151.9265,78,31.0,D
2019-12-08,-30.4671,152.6197,73,32.5,D
2019-12-08,-30.6324,152.1459,78,38.3,D
2019-12-08,-31.3418,152.0991,99,80.7,D
2019-12-08,-32.3395,150.158,82,26.3,D
2019-12-08,-32.748,150.3015,95,58.0,D
2019-12-08,-32.8146,150.3802,66,28.0,D
2019-12-08,-32.882,150.3385,94,54.3,D
2019-12-08,-33.2537,150.2371,100,89.4,D
2019-12-08,-33.3638,150.2962,96,64.3,D
2019-12-08,-33.9958,150.4671,55,21.6,D
2019-12-08,-35.5424,149.5892,88,31.2,D
2019-12-08,-12.44,136.7451,67,42.3,D
2019-12-08,-12.8477,134.5681,87,47.2,D
2019-12-08,-14.7184,128.16,73,36.8,D
2019-12-08,-15.6618,130.8239,93,42.0,D
2019-12-08,-16.9671,137.6551,95,227.6,D
2019-12-08,-18.0416,124.1938,71,20.6,D
2019-12-08,-20.2676,123.2732,100,204.5,D
2019-12-08,-29.425,123.923,96,71.6,D
2019-12-08,-42.1022,147.9469,82,24.2,D
2019-12-08,-36.5944,147.2307,69,43.0,D
2019-12-08,-35.3384,149.6482,89,72.7,D
2019-12-08,-33.2304,151.0409,53,53.2,D
2019-12-08,-32.8702,150.3442,100,377.4,D
2019-12-08,-30.634,152.1561,70,120.2,D
2019-12-08,-30.1202,150.8674,89,137.5,D
2019-12-08,-26.1798,146.5378,93,65.7,D
2019-12-08,-22.6608,150.1238,56,82.1,D
2019-12-08,-18.3435,144.6293,89,82.0,D
2019-12-08,-17.228,142.4792,98,74.0,D
2019-12-08,-16.4974,142.3812,72,40.5,D
2019-12-08,-16.3707,142.0133,80,57.6,D
2019-12-08,-15.7323,142.2968,91,47.9,D
2019-12-08,-15.4493,143.3305,100,527.0,D
2019-12-08,-14.8573,143.8436,91,66.9,D
2019-12-08,-15,142.6349,55,31.3,D
2019-12-08,-14.3867,143.4857,66,36.7,D
2019-12-08,-13.4697,142.4809,88,45.7,D
2019-12-08,-14.063,134.9145,79,33.5,D
2019-12-08,-13.4404,135.5393,99,80.7,D
2019-12-08,-12.7187,134.5246,99,93.5,D
2019-12-08,-12.3277,136.8214,96,57.0,D
2019-12-08,-11.3591,131.165,60,30.1,D
2019-12-08,-34.408,117.8439,88,35.5,D
2019-12-08,-33.0073,123.6986,97,108.4,D
2019-12-08,-32.9315,120.8743,87,131.6,D
2019-12-08,-30.8973,120.1781,100,496.1,D
2019-12-08,-32.3817,120.0649,100,402.1,D
2019-12-08,-32.4642,120.1826,92,31.2,D
2019-12-08,-32.4934,119.8754,100,95.9,D
2019-12-08,-32.382,120.1235,100,93.1,D
2019-12-08,-23.888,118.7072,100,85.6,D
2019-12-08,-15.7487,124.471,92,252.8,D
2019-12-08,-25.3342,151.6936,86,30.4,N
2019-12-08,-25.1555,149.2447,74,83.2,N
2019-12-08,-26.1459,127.7182,90,62.7,N
2019-12-08,-15.6946,124.5743,58,20.3,N
2019-12-08,-18.3949,144.7209,51,16.3,N
2019-12-08,-24.9835,149.2801,94,12.4,N
2019-12-08,-25.1489,149.2792,94,17.8,N
2019-12-08,-30.1146,150.885,56,9.1,N
2019-12-08,-33.2771,151.208,71,24.0,N
2019-12-08,-37.4661,147.6004,78,12.1,N
2019-12-08,-18.2707,124.0724,82,8.9,N
2019-12-08,-26.6494,126.1821,64,7.4,N
2019-12-09,-13.509,142.0381,85,29.0,D
2019-12-09,-14.7618,143.8393,53,11.8,D
2019-12-09,-14.6213,141.9523,90,37.3,D
2019-12-09,-16.5382,142.3022,85,30.1,D
2019-12-09,-15.5682,144.5674,83,30.0,D
2019-12-09,-15.6796,142.2973,86,33.8,D
2019-12-09,-17.3658,142.5354,72,16.0,D
2019-12-09,-17.4821,142.5105,73,31.2,D
2019-12-09,-18.3148,144.4843,100,121.7,D
2019-12-09,-22.6471,150.1511,79,75.1,D
2019-12-09,-29.2923,144.9574,93,58.7,D
2019-12-09,-33.3809,150.2827,80,188.6,D
2019-12-09,-15.0328,128.7364,84,167.3,D
2019-12-09,-16.4014,128.4161,87,215.0,D
2019-12-09,-32.7628,120.4222,100,159.3,D
2019-12-09,-34.4003,117.7568,62,22.7,D
2019-12-09,-35.3386,150.1932,53,50.8,D
2019-12-09,-34.032,149.959,94,164.9,D
2019-12-09,-33.9131,150.5651,63,76.5,D
2019-12-09,-33.4365,150.7012,64,42.4,D
2019-12-09,-33.3239,150.2509,95,155.9,D
2019-12-09,-33.1761,151.0777,80,61.6,D
2019-12-09,-32.7966,150.3317,62,41.4,D
2019-12-09,-32.7871,150.3345,87,98.8,D
2019-12-09,-32.7179,150.6431,62,48.3,D
2019-12-09,-31.6362,151.6964,74,29.8,D
2019-12-09,-30.7262,152.6038,79,52.5,D
2019-12-09,-30.5097,152.6277,68,26.9,D
2019-12-09,-30.1349,150.8524,58,24.4,D
2019-12-09,-29.4962,152.2584,58,27.5,D
2019-12-09,-28.8218,150.9127,95,96.7,D
2019-12-09,-25.6167,153.0194,79,28.5,D
2019-12-09,-25.1536,149.1997,52,53.4,D
2019-12-09,-21.7226,145.6583,75,87.0,D
2019-12-09,-22.6719,150.1296,100,114.1,D
2019-12-09,-21.7482,145.5368,100,335.0,D
2019-12-09,-18.3971,144.602,92,174.5,D
2019-12-09,-17.5288,142.4461,50,176.9,D
2019-12-09,-15.4453,144.5956,76,107.2,D
2019-12-09,-15.463,144.5648,89,146.1,D
2019-12-09,-15.0365,142.6025,86,199.2,D
2019-12-09,-33.0977,123.5574,78,72.2,D
2019-12-09,-27.7982,126.6037,88,49.8,D
2019-12-09,-16.5519,128.0996,93,41.6,D
2019-12-09,-16.3829,128.4487,97,59.7,D
2019-12-09,-18.2915,124.0833,76,27.9,D
2019-12-09,-16.7945,124.299,53,14.8,D
2019-12-09,-15.7176,124.5646,50,16.5,D
2019-12-09,-15.0248,128.7413,100,63.1,D
2019-12-09,-13.4622,135.5217,83,121.3,D
2019-12-09,-12.8212,130.3778,60,23.4,D
2019-12-09,-34.4078,117.7577,100,484.9,D
2019-12-09,-37.4085,148.2717,100,21.5,N
2019-12-09,-37.4201,148.0167,100,44.3,N
2019-12-09,-37.4481,147.5283,91,15.8,N
2019-12-09,-37.3376,147.9427,63,13.6,N
2019-12-09,-37.6773,147.9106,50,6.4,N
2019-12-09,-35.4761,149.9745,100,71.0,N
2019-12-09,-35.4053,150.0208,99,16.3,N
2019-12-09,-35.3294,150.1686,82,11.1,N
2019-12-09,-34.0793,150.47,65,11.2,N
2019-12-09,-34.0435,149.9625,100,17.9,N
2019-12-09,-33.9022,150.172,96,15.0,N
2019-12-09,-33.9245,150.0199,100,19.9,N
2019-12-09,-33.399,150.4582,85,11.4,N
2019-12-09,-33.3665,150.3099,51,10.0,N
2019-12-09,-33.3401,150.237,100,21.6,N
2019-12-09,-33.0397,151.0564,52,9.1,N
2019-12-09,-32.9426,150.5532,74,8.2,N
2019-12-09,-32.9136,150.26,70,13.4,N
2019-12-09,-32.804,150.3753,100,25.8,N
2019-12-09,-32.7744,150.3241,69,8.3,N
2019-12-09,-30.1844,150.84,100,29.1,N
2019-12-09,-28.8295,150.8958,51,6.5,N
2019-12-09,-28.6653,152.2922,83,20.2,N
2019-12-09,-30.6256,152.134,90,18.1,N
2019-12-09,-25.303,151.2945,100,43.1,N
2019-12-09,-25.1046,149.1379,100,40.6,N
2019-12-09,-26.4324,151.4857,74,10.8,N
2019-12-09,-21.7533,145.632,70,6.1,N
2019-12-09,-21.7272,145.4903,65,7.2,N
2019-12-09,-18.3962,144.6102,82,10.5,N
2019-12-09,-17.5716,142.4752,100,31.6,N
2019-12-09,-17.4298,142.3895,100,46.2,N
2019-12-09,-16.5236,142.2378,100,55.1,N
2019-12-09,-15.3998,144.6176,84,8.3,N
2019-12-09,-15.003,142.4933,100,17.8,N
2019-12-09,-13.4424,142.4282,70,10.2,N
2019-12-09,-33.3611,150.2924,92,82.8,N
2019-12-09,-37.4624,147.5792,88,100.7,N
2019-12-09,-26.993,125.9148,89,10.8,N
2019-12-09,-13.473,142.3734,100,19.2,N
2019-12-09,-14.37,143.4939,59,5.8,N
2019-12-09,-16.867,142.141,70,5.3,N
2019-12-09,-21.7762,145.5752,81,25.7,N
2019-12-09,-37.4728,147.9962,70,203.4,N
2019-12-09,-25.3018,151.2807,93,66.1,D
2019-12-09,-28.6439,152.3227,84,25.1,D
2019-12-09,-28.7584,152.2522,89,42.2,D
2019-12-09,-28.5591,149.8307,64,29.6,D
2019-12-09,-29.5305,152.2151,100,165.5,D
2019-12-09,-30.0055,151.9119,100,234.2,D
2019-12-09,-33.3025,150.2111,75,34.2,D
2019-12-09,-31.4112,151.9109,78,32.6,D
2019-12-09,-31.4553,152.0634,93,49.7,D
2019-12-09,-32.6754,150.5108,85,42.2,D
2019-12-09,-32.7983,151.0011,90,47.0,D
2019-12-09,-32.7621,150.2994,89,49.6,D
2019-12-09,-32.8069,150.3755,91,54.6,D
2019-12-09,-33.2331,151.1874,83,30.6,D
2019-12-09,-32.9228,150.2753,89,47.2,D
2019-12-09,-33.3363,150.2232,100,117.4,D
2019-12-09,-33.3753,150.3317,82,33.2,D
2019-12-09,-33.3915,150.2498,92,54.8,D
2019-12-09,-33.789,150.2771,89,50.4,D
2019-12-09,-34.0601,150.0067,69,28.5,D
2019-12-09,-34.1208,150.1237,96,68.8,D
2019-12-09,-34.1788,150.156,100,335.9,D
2019-12-09,-35.4012,150.03,68,24.0,D
2019-12-09,-37.4805,147.6249,82,35.7,D
2019-12-10,-12.5063,135.8854,61,10.9,D
2019-12-10,-14.2068,129.9776,63,20.0,D
2019-12-10,-16.5367,141.6197,80,110.6,D
2019-12-10,-15.2001,126.5021,70,50.3,D
2019-12-10,-16.804,127.9129,97,107.1,D
2019-12-10,-27.0021,125.9222,76,24.6,D
2019-12-10,-42.1544,147.9507,98,76.1,D
2019-12-10,-37.4775,147.9814,52,24.1,D
2019-12-10,-37.4811,147.5202,75,13.9,D
2019-12-10,-36.5511,147.2021,63,15.2,D
2019-12-10,-35.3265,149.6629,99,80.1,D
2019-12-10,-35.3286,149.6503,100,136.1,D
2019-12-10,-33.2414,150.2346,99,84.5,D
2019-12-10,-33.0534,151.0173,100,152.6,D
2019-12-10,-33.3446,150.2386,91,51.4,D
2019-12-10,-33.475,150.5499,100,164.6,D
2019-12-10,-33.3637,150.6502,75,150.9,D
2019-12-10,-33.379,150.3253,56,17.8,D
2019-12-10,-33.1456,151.0152,100,164.5,D
2019-12-10,-33.2763,150.2155,95,63.7,D
2019-12-10,-32.929,150.2543,100,432.5,D
2019-12-10,-33.0374,151.0447,63,32.8,D
2019-12-10,-32.9923,150.8365,70,26.8,D
2019-12-10,-32.9244,150.5805,68,27.4,D
2019-12-10,-32.8492,150.3569,100,252.3,D
2019-12-10,-32.8565,150.3161,98,91.9,D
2019-12-10,-32.7474,150.6819,61,25.2,D
2019-12-10,-32.6794,150.5124,78,49.5,D
2019-12-10,-32.638,150.3223,100,239.2,D
2019-12-10,-32.3505,150.1546,96,72.3,D
2019-12-10,-31.4076,151.9307,71,70.5,D
2019-12-10,-30.6186,152.162,87,96.2,D
2019-12-10,-29.3314,152.2241,53,50.4,D
2019-12-10,-25.1051,149.2749,74,31.1,D
2019-12-10,-21.7196,145.5915,100,82.5,D
2019-12-10,-17.4558,142.4107,91,66.0,D
2019-12-10,-16.0932,137.1955,89,75.1,D
2019-12-10,-15.4326,143.2205,79,20.6,D
2019-12-10,-15.0359,142.4808,94,47.2,D
2019-12-10,-14.9922,142.4643,96,57.0,D
2019-12-10,-13.5181,141.9688,70,30.4,D
2019-12-10,-11.4844,142.5324,100,92.3,D
2019-12-10,-32.7388,120.34,89,33.0,D
2019-12-10,-30.7381,119.7987,100,193.4,D
2019-12-10,-27.5254,127.3595,86,73.4,D
2019-12-10,-18.2324,123.2813,99,131.2,D
2019-12-10,-31.3899,151.793,100,259.0,N
2019-12-10,-29.9769,151.9164,67,68.0,N
2019-12-10,-32.8369,150.3236,89,173.3,N
2019-12-10,-19.263,124.1656,83,67.7,N
2019-12-10,-14.9639,128.6794,72,11.0,N
2019-12-10,-25.3087,151.7021,95,13.9,N
2019-12-10,-29.456,152.2601,80,20.2,N
2019-12-10,-33.9744,150.5424,71,12.2,N
2019-12-10,-31.3714,151.8255,100,19.3,N
2019-12-10,-31.5473,151.7031,73,10.9,N
2019-12-10,-32.6323,150.3569,51,11.8,N
2019-12-10,-32.8447,150.3052,100,50.1,N
2019-12-10,-33.9332,150.5687,67,8.6,N
2019-12-10,-34.1052,150.4207,90,17.7,N
2019-12-10,-35.3718,150.2071,50,16.6,N
2019-12-10,-14.7112,128.2043,100,187.1,N
2019-12-10,-16.5153,128.0107,81,11.5,N
2019-12-10,-27.7523,126.5269,86,10.2,N
2019-12-11,-15.2331,142.0432,80,34.1,D
2019-12-11,-17.122,141.4958,71,34.1,D
2019-12-11,-17.7608,142.2737,82,36.5,D
2019-12-11,-30.1782,150.8322,93,134.9,D
2019-12-11,-33.4046,150.2633,100,321.8,D
2019-12-11,-16.4729,128.0094,86,89.1,D
2019-12-11,-14.4024,127.4684,63,20.3,D
2019-12-11,-17.815,125.4365,100,111.1,D
2019-12-11,-17.8199,125.4751,80,30.1,D
2019-12-11,-22.9052,117.1693,74,21.9,D
2019-12-11,-32.9089,150.244,85,157.7,D
2019-12-11,-34.1453,150.47,89,210.5,D
2019-12-11,-30.1201,150.892,84,146.2,D
2019-12-11,-18.2158,145.3879,84,237.3,D
2019-12-11,-26.351,125.7503,97,227.6,D
2019-12-11,-17.7108,142.245,86,259.2,D
2019-12-11,-17.7974,125.4495,52,73.9,D
2019-12-11,-16.7675,127.9241,89,71.4,D
2019-12-11,-16.2975,128.4184,100,96.9,D
2019-12-11,-15.3212,127.5582,94,57.6,D
2019-12-11,-14.3948,127.4827,76,19.8,D
2019-12-11,-14.4466,127.4714,100,169.0,D
2019-12-11,-32.2921,120.1932,100,367.2,D
2019-12-11,-32.7626,150.2874,87,21.9,N
2019-12-11,-25.35,146.5632,61,10.0,N
2019-12-11,-17.5072,142.3925,99,40.3,N
2019-12-11,-15.4414,143.3893,69,10.4,N
2019-12-11,-15.1163,142.3889,57,9.8,N
2019-12-11,-21.6935,119.9042,98,27.3,N
2019-12-11,-16.8219,127.9694,96,19.0,N
2019-12-11,-14.4367,127.4984,51,8.2,N
2019-12-11,-15.2324,143.9876,63,3.7,N
2019-12-11,-16.5189,141.6525,100,124.3,N
2019-12-11,-25.1078,148.6777,100,161.0,N
2019-12-11,-20.3158,123.5201,92,36.6,N
2019-12-11,-32.7692,150.2856,60,28.7,D
2019-12-12,-13.3309,135.7764,91,37.6,D
2019-12-12,-14.9151,142.5845,68,27.1,D
2019-12-12,-16.5838,141.643,90,97.4,D
2019-12-12,-15.2293,128.5417,79,77.5,D
2019-12-12,-15.2411,126.5878,51,67.5,D
2019-12-12,-21.5132,117.9046,77,71.6,D
2019-12-12,-35.6269,150.1242,71,205.9,D
2019-12-12,-34.2238,150.5278,96,61.3,D
2019-12-12,-34.1632,150.069,83,29.6,D
2019-12-12,-33.3692,150.2063,94,245.4,D
2019-12-12,-33.3395,150.1596,100,552.1,D
2019-12-12,-33.2927,150.1608,61,14.2,D
2019-12-12,-33.1133,149.827,51,18.7,D
2019-12-12,-32.6803,150.4297,87,36.4,D
2019-12-12,-30.2636,150.332,94,49.7,D
2019-12-12,-26.0618,152.9084,81,63.1,D
2019-12-12,-18.4915,144.6566,80,18.0,D
2019-12-12,-18.2438,144.3912,95,44.7,D
2019-12-12,-17.0983,137.5952,69,48.3,D
2019-12-12,-15.2137,144.1144,100,83.0,D
2019-12-12,-15.0979,142.3939,56,22.3,D
2019-12-12,-33.1117,123.571,94,47.3,D
2019-12-12,-32.6766,120.2699,70,43.7,D
2019-12-12,-27.0202,125.876,80,15.4,D
2019-12-12,-22.6944,126.3343,100,99.9,D
2019-12-12,-17.3406,122.9824,98,57.6,D
2019-12-12,-15.3987,129.9446,83,361.8,D
2019-12-12,-14.5947,125.286,86,143.4,D
2019-12-12,-17.7124,142.3349,100,117.2,N
2019-12-12,-16.932,137.6605,79,7.2,N
2019-12-12,-27.4021,150.8307,100,74.4,N
2019-12-12,-37.3332,147.985,59,18.2,N
2019-12-12,-31.4814,115.6048,100,62.8,N
2019-12-12,-15.8311,141.6638,57,25.7,N
2019-12-13,-15.2496,143.3306,67,37.5,D
2019-12-13,-17.4815,142.8482,50,28.9,D
2019-12-13,-17.7454,142.3319,96,176.9,D
2019-12-13,-25.1002,149.3016,85,25.4,D
2019-12-13,-25.2033,149.2471,76,16.5,D
2019-12-13,-34.2041,150.08,59,18.1,D
2019-12-13,-13.5329,132.8837,68,44.6,D
2019-12-13,-16.7975,128.0076,87,42.0,D
2019-12-13,-16.3219,128.3363,91,48.5,D
2019-12-13,-21.1633,120.7284,66,15.8,D
2019-12-13,-21.1778,120.6947,85,42.5,D
2019-12-13,-23.1963,116.036,100,379.9,D
2019-12-13,-30.7505,119.7387,90,50.9,D
2019-12-13,-32.3564,120.0826,100,384.3,D
2019-12-13,-32.722,120.3538,68,33.4,D
2019-12-13,-33.3668,150.1498,75,1068.5,D
2019-12-13,-16.7014,141.8388,94,398.3,D
2019-12-13,-16.0716,143.3984,89,196.3,D
2019-12-13,-16.389,136.1309,87,29.0,D
2019-12-13,-15.2366,143.2923,87,163.2,D
2019-12-13,-16.5955,128.1521,64,59.0,D
2019-12-13,-12.3418,131.5784,73,14.0,D
2019-12-13,-12.4528,131.9715,52,9.2,D
2019-12-13,-13.5153,132.9291,90,41.4,D
2019-12-13,-32.9573,123.5475,70,67.3,D
2019-12-13,-32.4732,120.3437,96,134.0,D
2019-12-13,-30.7613,119.7265,100,507.2,D
2019-12-13,-30.6622,119.8443,79,55.0,D
2019-12-13,-22.5617,115.7372,74,52.9,D
2019-12-13,-21.1667,120.6154,59,102.0,D
2019-12-13,-26.0052,151.4998,76,10.4,N
2019-12-13,-25.1862,150.3363,100,27.9,N
2019-12-13,-15.1509,142.8728,82,36.5,N
2019-12-13,-29.3037,128.2649,100,126.2,N
2019-12-13,-18.823,123.9115,87,13.2,N
2019-12-13,-15.7633,142.6932,89,18.0,N
2019-12-13,-31.4612,115.6365,100,187.9,N
2019-12-13,-18.7369,123.8841,100,25.3,N
2019-12-13,-31.4063,115.5526,52,13.0,N
2019-12-13,-31.474,115.6613,92,15.4,N
2019-12-14,-15.5685,141.5302,82,28.5,D
2019-12-14,-16.0221,143.4695,82,35.7,D
2019-12-14,-15.982,142.9518,81,33.7,D
2019-12-14,-16.102,143.2649,100,119.4,D
2019-12-14,-13.4145,142.1012,100,96.5,D
2019-12-14,-14.5317,142.9029,94,74.0,D
2019-12-14,-14.9681,142.7386,91,53.4,D
2019-12-14,-15.1935,143.3111,53,35.2,D
2019-12-14,-16.316,143.2518,84,39.8,D
2019-12-14,-16.0398,137.1585,85,31.1,D
2019-12-14,-18.2221,144.467,97,143.4,D
2019-12-14,-15.2511,125.0026,53,36.9,D
2019-12-14,-29.897,119.5855,90,157.6,D
2019-12-14,-30.7639,119.7241,96,264.0,D
2019-12-14,-32.3473,120.098,100,439.1,D
2019-12-14,-32.5252,120.3329,87,2022.6,D
2019-12-14,-37.5147,147.9392,63,17.8,D
2019-12-14,-34.2528,150.4998,79,25.3,D
2019-12-14,-34.1963,150.3712,89,40.2,D
2019-12-14,-34.218,150.1157,100,218.1,D
2019-12-14,-33.5432,150.3238,96,67.6,D
2019-12-14,-34.1173,150.1169,59,26.9,D
2019-12-14,-33.9226,150.2923,78,33.3,D
2019-12-14,-33.9213,149.9833,84,31.6,D
2019-12-14,-33.405,150.2746,95,59.2,D
2019-12-14,-33.3228,150.1195,98,76.2,D
2019-12-14,-33.2827,150.2085,97,73.2,D
2019-12-14,-33.1115,149.8541,86,35.8,D
2019-12-14,-32.9323,150.5375,51,20.0,D
2019-12-14,-32.7935,151.0182,59,17.7,D
2019-12-14,-32.8719,150.2257,100,160.8,D
2019-12-14,-32.813,150.3108,100,120.6,D
2019-12-14,-32.7442,150.2788,90,47.6,D
2019-12-14,-32.6608,150.5575,82,46.1,D
2019-12-14,-32.6233,150.2879,64,19.5,D
2019-12-14,-31.5649,152.1387,50,17.9,D
2019-12-14,-30.1374,150.3156,100,311.1,D
2019-12-14,-28.6803,148.1655,79,20.3,D
2019-12-14,-25.3326,151.716,67,27.4,D
2019-12-14,-24.9581,149.3457,93,49.8,D
2019-12-14,-15.8789,142.8387,72,59.2,D
2019-12-14,-18.1083,142.4898,76,184.2,D
2019-12-14,-17.4114,142.8758,78,76.3,D
2019-12-14,-16.2647,142.7107,84,56.2,D
2019-12-14,-15.938,143.0738,53,52.4,D
2019-12-14,-15.6264,144.5776,51,19.7,D
2019-12-14,-15.3482,144.5206,84,40.2,D
2019-12-14,-15.2848,143.2932,62,53.0,D
2019-12-14,-14.7301,144.0501,59,26.8,D
2019-12-14,-33.1242,123.6212,100,218.4,D
2019-12-14,-33.0946,123.602,76,33.2,D
2019-12-14,-33.0726,123.5478,73,50.3,D
2019-12-14,-32.9946,123.53,100,172.4,D
2019-12-14,-32.9618,123.5395,93,57.5,D
2019-12-14,-32.5875,120.149,100,279.4,D
2019-12-14,-32.4781,120.3573,95,162.4,D
2019-12-14,-30.7692,119.7004,67,132.4,D
2019-12-14,-28.2248,125.5871,67,30.9,D
2019-12-14,-15.1742,124.9178,89,26.9,D
2019-12-14,-37.4995,147.5349,100,29.2,N
2019-12-14,-33.3713,150.1138,100,72.2,N
2019-12-14,-32.665,150.4638,77,23.4,N
2019-12-14,-30.3403,151.3325,100,184.6,N
2019-12-14,-25,149.1773,84,25.1,N
2019-12-14,-18.8978,139.4682,100,15.6,N
2019-12-14,-17.8337,142.4828,78,5.9,N
2019-12-14,-16.9403,138.3331,72,5.0,N
2019-12-14,-16.7971,137.5618,100,67.1,N
2019-12-14,-25.0034,149.1818,51,22.9,N
2019-12-14,-30.1236,150.3026,91,41.0,N
2019-12-14,-33.1003,149.8537,76,26.9,N
2019-12-14,-33.0891,123.4183,100,63.7,N
2019-12-14,-33.0673,123.4264,100,64.6,N
2019-12-14,-32.9946,123.6677,76,11.6,N
2019-12-14,-33.143,123.4644,100,20.3,N
2019-12-14,-33.1166,123.4984,100,168.0,N
2019-12-14,-33.0933,123.514,71,22.4,N
2019-12-14,-33.0999,123.475,100,94.2,N
2019-12-14,-33.023,123.3822,100,28.6,N
2019-12-14,-33.0749,123.4418,100,47.6,N
2019-12-14,-32.9782,123.4655,100,40.1,N
2019-12-14,-32.9328,123.5496,100,91.3,N
2019-12-14,-33.0781,123.4831,68,28.8,N
2019-12-14,-33.1033,123.3949,100,198.7,N
2019-12-14,-32.6636,120.1984,95,13.5,N
2019-12-14,-32.6435,120.3371,81,9.4,N
2019-12-14,-32.6515,120.2179,98,15.2,N
2019-12-14,-29.329,128.2485,83,46.2,N
2019-12-14,-12.6102,135.0356,100,25.8,N
2019-12-14,-18.8688,139.4633,100,48.3,N
2019-12-14,-29.3273,128.2378,73,13.2,N
2019-12-14,-33.0638,123.3823,100,63.1,N
2019-12-14,-33.1227,123.524,100,89.6,N
2019-12-14,-33.0372,123.4249,71,74.6,N
2019-12-14,-32.9418,123.4861,100,88.8,N
2019-12-14,-33.048,123.475,65,84.8,N
2019-12-15,-15.7306,145.1964,66,37.1,D
2019-12-15,-19.8465,144.934,84,82.6,D
2019-12-15,-25.0325,149.1772,93,46.8,D
2019-12-15,-27.4089,150.8793,65,31.1,D
2019-12-15,-29.4813,152.2263,50,19.5,D
2019-12-15,-31.3856,151.2983,59,26.1,D
2019-12-15,-32.7948,150.3197,66,18.2,D
2019-12-15,-33.31,150.1288,73,20.5,D
2019-12-15,-33.3802,150.1604,59,18.2,D
2019-12-15,-34.1367,150.4719,71,12.3,D
2019-12-15,-34.123,150.0857,78,33.0,D
2019-12-15,-12.8271,135.2207,76,55.9,D
2019-12-15,-13.1584,130.3671,80,23.0,D
2019-12-15,-14.4268,127.599,89,30.3,D
2019-12-15,-15.2696,127.5104,99,63.5,D
2019-12-15,-15.1196,128.2874,96,49.2,D
2019-12-15,-15.4779,127.7884,76,12.7,D
2019-12-15,-15.6752,127.1509,60,18.8,D
2019-12-15,-16.3843,128.0609,82,24.0,D
2019-12-15,-16.7124,128.0388,89,29.2,D
2019-12-15,-17.4652,126.2743,95,53.4,D
2019-12-15,-27.8391,126.6349,82,28.5,D
2019-12-15,-29.2599,127.5957,96,52.9,D
2019-12-15,-32.652,120.1739,62,25.1,D
2019-12-15,-33.1412,123.4947,100,419.4,D
2019-12-15,-32.7827,120.208,80,40.8,D
2019-12-15,-32.7446,120.2319,75,30.2,D
2019-12-15,-32.9809,123.53,100,142.4,D
2019-12-15,-33.0167,123.5272,100,879.5,D
2019-12-15,-33.1141,123.6225,96,50.4,D
2019-12-15,-33.1305,123.608,80,37.4,D
2019-12-15,-33.1543,116.2458,71,97.5,D
2019-12-15,-34.775,143.338,92,38.5,D
2019-12-15,-20.521,144.2098,97,106.4,D
2019-12-15,-18.9088,144.6552,81,128.8,D
2019-12-15,-16.5062,137.644,76,14.7,D
2019-12-15,-16.8211,136.9167,81,24.2,D
2019-12-15,-16.5552,137.563,75,440.9,D
2019-12-15,-16.5278,137.6255,61,11.7,D
2019-12-15,-17.5466,144.8947,98,215.7,D
2019-12-15,-17.6317,142.2545,64,32.0,D
2019-12-15,-16.5486,142.7548,75,83.8,D
2019-12-15,-16.0252,143.9857,74,54.3,D
2019-12-15,-16.9685,138.2623,87,27.9,D
2019-12-15,-16.0431,136.24,57,16.6,D
2019-12-15,-16.7569,127.9575,54,108.8,D
2019-12-15,-13.3296,135.8005,90,35.2,D
2019-12-15,-13.3361,135.8207,81,18.2,D
2019-12-15,-13.6435,132.5921,75,17.4,D
2019-12-15,-12.6953,136.2595,80,18.4,D
2019-12-15,-11.9493,135.7443,61,7.8,D
2019-12-15,-12.5651,135.0744,56,20.4,D
2019-12-15,-33.1584,123.6405,97,171.0,D
2019-12-15,-33.1398,123.651,100,245.8,D
2019-12-15,-33.1357,123.6079,54,48.8,D
2019-12-15,-33.048,123.5131,53,106.6,D
2019-12-15,-32.9887,123.5585,100,286.3,D
2019-12-15,-32.9623,123.6086,97,130.3,D
2019-12-15,-32.8066,120.1815,89,53.2,D
2019-12-15,-33.4002,115.9421,85,37.8,D
2019-12-15,-32.666,120.1615,100,721.2,D
2019-12-15,-33.21,116.3245,87,42.1,D
2019-12-15,-33.1917,116.2542,100,203.7,D
2019-12-15,-33.1933,116.1811,89,41.2,D
2019-12-15,-33.1465,116.2498,100,1161.0,D
2019-12-15,-32.5306,120.1081,100,215.9,D
2019-12-15,-22.2609,117.2079,100,399.0,D
2019-12-15,-34.1273,150.0996,100,87.7,N
2019-12-15,-33.4902,150.3845,100,76.1,N
2019-12-15,-32.7167,150.2752,78,82.8,N
2019-12-15,-32.6584,150.5851,100,81.0,N
2019-12-15,-29.8276,151.1243,55,18.8,N
2019-12-15,-31.6454,151.1725,70,23.4,N
2019-12-15,-29.4382,152.2605,100,35.8,N
2019-12-15,-29.3737,151.4295,58,16.8,N
2019-12-15,-30.8129,151.7887,100,57.7,N
2019-12-15,-26.4459,152.4103,50,22.7,N
2019-12-15,-20.2328,144.2812,81,73.1,N
2019-12-15,-32.9147,123.5341,100,120.7,N
2019-12-15,-18.9037,139.5278,100,95.2,N
2019-12-15,-15.1928,128.3307,82,8.1,N
2019-12-15,-13.1564,130.3644,98,18.1,N
2019-12-15,-20.2212,144.2858,98,27.1,N
2019-12-15,-25.0025,149.1775,89,18.9,N
2019-12-15,-29.332,152.127,51,16.6,N
2019-12-15,-29.47,152.0325,100,591.8,N
2019-12-15,-30.1764,150.0709,94,19.0,N
2019-12-15,-31.2915,151.8703,89,58.4,N
2019-12-15,-32.6431,150.5611,79,25.5,N
2019-12-15,-31.6513,151.1705,99,33.8,N
2019-12-15,-33.5548,150.3785,100,113.2,N
2019-12-15,-33.8213,150.3239,87,31.8,N
2019-12-15,-33.8789,150.2135,83,16.8,N
2019-12-15,-33.9497,150.5551,56,22.6,N
2019-12-15,-34.1929,150.194,98,37.8,N
2019-12-15,-34.3581,150.451,64,13.1,N
2019-12-15,-33.2738,150.1663,85,40.0,N
2019-12-15,-33.2918,150.1326,78,16.8,N
2019-12-15,-33.2723,150.1516,83,34.4,N
2019-12-15,-33.2557,150.983,77,17.3,N
2019-12-15,-33.1201,116.2408,100,232.5,N
2019-12-15,-33.1462,116.2556,100,40.7,N
2019-12-15,-30.7969,119.8561,62,5.2,N
2019-12-15,-33.1795,116.186,100,850.0,N
2019-12-15,-29.4226,152.269,50,75.4,D
2019-12-15,-30.7926,151.8068,87,177.1,D
2019-12-15,-29.4251,152.2607,72,128.6,D
2019-12-15,-31.4344,151.3727,69,163.1,D
2019-12-15,-30.2288,150.9721,66,59.9,D
2019-12-15,-32.6655,150.6022,85,236.4,D
2019-12-15,-33.8876,150.1629,70,160.3,D
2019-12-15,-32.9296,150.2374,65,58.9,D
2019-12-15,-33.523,150.2918,60,102.9,D
2019-12-16,-15.2527,144.1578,85,24.7,D
2019-12-16,-16.5678,137.6535,55,16.2,D
2019-12-16,-16.817,136.9432,69,24.2,D
2019-12-16,-17.2875,137.9346,67,26.6,D
2019-12-16,-19.214,139.172,89,39.4,D
2019-12-16,-27.3873,150.8587,75,182.2,D
2019-12-16,-29.808,151.1317,100,1506.5,D
2019-12-16,-14.4227,127.5779,85,105.9,D
2019-12-16,-17.8472,123.3727,88,79.3,D
2019-12-16,-30.7951,119.7832,100,382.2,D
2019-12-16,-32.6205,120.2423,75,812.5,D
2019-12-16,-32.6438,120.1914,65,42.6,D
2019-12-16,-33.1639,123.5082,87,185.7,D
2019-12-16,-33.1368,123.3347,72,77.2,D
2019-12-16,-33.0261,123.4896,68,116.2,D
2019-12-16,-34.3497,150.4555,99,145.5,D
2019-12-16,-34.2487,150.1085,78,56.0,D
2019-12-16,-34.1816,150.0825,91,95.4,D
2019-12-16,-33.3514,150.1086,70,49.4,D
2019-12-16,-33.5538,150.3568,75,45.4,D
2019-12-16,-33.4061,150.1349,100,518.7,D
2019-12-16,-33.1075,149.8231,77,34.2,D
2019-12-16,-32.9117,150.2057,100,1470.1,D
2019-12-16,-32.6434,150.5913,69,51.0,D
2019-12-16,-32.8286,150.237,100,458.3,D
2019-12-16,-32.7367,150.2534,65,46.2,D
2019-12-16,-32.661,150.3192,92,89.4,D
2019-12-16,-32.3645,150.1208,100,1320.6,D
2019-12-16,-31.5728,152.1583,77,36.1,D
2019-12-16,-31.4907,152.0871,63,23.8,D
2019-12-16,-31.3737,151.7931,76,39.0,D
2019-12-16,-31.4045,151.2806,63,27.4,D
2019-12-16,-30.8145,151.8083,100,288.7,D
2019-12-16,-30.6925,152.0706,74,27.5,D
2019-12-16,-30.1018,150.3407,100,198.9,D
2019-12-16,-28.6155,152.3216,100,128.9,D
2019-12-16,-29.8248,151.1725,67,19.1,D
2019-12-16,-29.4998,152.1842,100,189.5,D
2019-12-16,-29.4539,152.2882,95,64.9,D
2019-12-16,-30.6179,151.0733,72,32.3,D
2019-12-16,-30.3232,151.3283,96,67.7,D
2019-12-16,-30.223,150.9744,100,165.5,D
2019-12-16,-29.9059,152.2509,82,28.6,D
2019-12-16,-29.4841,151.9737,100,371.1,D
2019-12-16,-29.43,152.2478,100,115.5,D
2019-12-16,-29.3645,152.1146,100,166.5,D
2019-12-16,-28.8403,152.2643,63,10.4,D
2019-12-16,-28.7817,152.4525,94,50.5,D
2019-12-16,-28.7163,152.2542,98,65.2,D
2019-12-16,-27.3895,150.9278,100,251.2,D
2019-12-16,-25.0696,152.2465,87,31.2,D
2019-12-16,-27.3642,150.8863,100,297.6,D
2019-12-16,-26.4685,152.4083,100,110.1,D
2019-12-16,-25.0604,152.245,100,781.2,D
2019-12-16,-25.1829,149.2463,89,39.5,D
2019-12-16,-24.9669,149.3939,91,58.4,D
2019-12-16,-24.2776,150.9444,100,88.2,D
2019-12-16,-21.9135,149.0345,91,67.6,D
2019-12-16,-18.028,145.4258,81,61.9,D
2019-12-16,-18.0153,145.4246,69,51.2,D
2019-12-16,-17.5478,142.3089,83,125.2,D
2019-12-16,-17.2967,142.8468,86,143.7,D
2019-12-16,-15.4998,145.1536,82,61.2,D
2019-12-16,-32.8051,120.2126,98,422.7,D
2019-12-16,-23.1027,119.5904,100,361.2,D
2019-12-16,-15.2152,128.3486,100,108.3,D
2019-12-16,-15.1288,128.3071,100,210.7,D
2019-12-16,-14.9928,126.5507,100,70.6,D
2019-12-16,-14.5022,127.5132,65,11.3,D
2019-12-16,-14.3855,127.5576,57,13.8,D
2019-12-16,-16.052,128.4793,68,35.0,D
2019-12-16,-15.1349,131.9356,60,39.2,D
2019-12-16,-15.6758,125.2953,75,16.2,D
2019-12-16,-30.0301,118.0217,100,794.0,D
2019-12-16,-37.494,147.941,100,26.9,N
2019-12-16,-35.3816,150.3126,100,22.7,N
2019-12-16,-32.3442,150.1324,78,12.8,N
2019-12-16,-30.1898,150.0689,93,15.9,N
2019-12-16,-31.4127,151.3938,52,20.9,N
2019-12-16,-31.3879,150.8186,100,53.8,N
2019-12-16,-30.8104,151.7857,50,34.0,N
2019-12-16,-30.0906,151.9381,80,27.9,N
2019-12-16,-30.1169,150.3146,100,57.8,N
2019-12-16,-29.125,150.8384,100,39.1,N
2019-12-16,-26.4121,152.431,100,61.5,N
2019-12-16,-26.4154,152.4381,100,44.1,N
2019-12-16,-25.0665,152.2033,100,978.8,N
2019-12-16,-24.5463,151.8132,93,42.8,N
2019-12-16,-24.946,149.3791,100,30.9,N
2019-12-16,-27.3874,150.8843,100,40.5,N
2019-12-16,-27.3478,150.9205,94,21.9,N
2019-12-16,-22.9789,149.9854,57,9.6,N
2019-12-16,-18.9351,146.1016,73,9.2,N
2019-12-16,-19.046,145.7423,85,14.1,N
2019-12-16,-19.2602,139.4477,100,28.4,N
2019-12-16,-18.3724,143.8525,95,12.3,N
2019-12-16,-17.974,145.3977,100,19.3,N
2019-12-16,-17.8579,142.5293,100,47.5,N
2019-12-16,-18.4871,138.3313,100,46.1,N
2019-12-16,-17.8649,142.526,100,35.5,N
2019-12-16,-25.0517,152.2139,100,266.6,N
2019-12-16,-26.4137,152.4329,95,94.1,N
2019-12-16,-30.1036,150.2979,100,138.6,N
2019-12-16,-30.1775,150.0869,50,27.1,N
2019-12-16,-33.1515,123.678,92,13.4,N
2019-12-16,-23.0896,119.5808,100,15.3,N
2019-12-16,-17.7069,142.4208,71,9.8,N
2019-12-16,-19.2564,139.4481,88,9.8,N
2019-12-16,-17.4931,145.154,59,63.3,D
2019-12-16,-25.0419,152.2293,87,265.3,D
2019-12-16,-25.0521,152.1729,80,26.0,D
2019-12-16,-25.7522,151.0487,61,12.4,D
2019-12-16,-26.4729,152.3488,99,78.5,D
2019-12-16,-28.6121,152.2972,80,26.2,D
2019-12-16,-28.8201,152.3295,89,37.4,D
2019-12-16,-29.2926,152.1638,67,35.4,D
2019-12-16,-29.3206,152.1098,57,21.2,D
2019-12-16,-29.4462,152.0249,69,19.8,D
2019-12-16,-29.5015,152.1423,89,41.0,D
2019-12-17,-30.3386,151.0045,96,55.4,D
2019-12-17,-30.3534,151.3367,96,52.1,D
2019-12-17,-30.8217,151.7961,94,47.2,D
2019-12-17,-31.3957,151.3941,100,81.9,D
2019-12-17,-31.4147,151.2847,100,133.3,D
2019-12-17,-31.5745,152.1463,80,25.7,D
2019-12-17,-32.6732,150.7142,75,30.9,D
2019-12-17,-32.7548,150.2476,77,33.4,D
2019-12-17,-32.8978,150.623,92,52.5,D
2019-12-17,-32.9145,150.2108,50,18.5,D
2019-12-17,-33.186,150.2351,78,24.1,D
2019-12-17,-33.3883,150.1666,56,16.0,D
2019-12-17,-34.779,145.926,74,25.6,D
2019-12-17,-34.0969,149.9778,89,42.4,D
2019-12-17,-33.8213,150.2226,64,23.9,D
2019-12-17,-34.2379,150.1028,74,26.6,D
2019-12-17,-35.3456,150.0407,68,20.6,D
2019-12-17,-37.5264,147.9622,81,22.6,D
2019-12-17,-12.6005,135.0518,78,43.9,D
2019-12-17,-13.1841,135.3686,75,22.1,D
2019-12-17,-13.8927,135.6307,65,16.6,D
2019-12-17,-15.2672,127.4304,69,17.7,D
2019-12-17,-16.5475,137.6995,86,89.3,D
2019-12-17,-15.6327,127.1454,64,19.5,D
2019-12-17,-15.9357,127.93,97,73.4,D
2019-12-17,-18.3504,130.6341,93,25.8,D
2019-12-17,-27.2716,120.7246,91,128.5,D
2019-12-17,-32.5998,120.0069,92,125.4,D
2019-12-17,-37.5321,147.9831,79,20.2,D
2019-12-17,-37.4171,148.0594,55,27.9,D
2019-12-17,-32.9501,150.2353,84,58.6,D
2019-12-17,-33.4045,150.1086,89,73.6,D
2019-12-17,-33.0706,151.004,74,44.2,D
2019-12-17,-34.245,150.1407,77,54.9,D
2019-12-17,-35.3607,150.3152,97,116.8,D
2019-12-17,-34.1612,150.4637,82,69.6,D
2019-12-17,-33.5663,150.4736,62,31.4,D
2019-12-17,-33.5664,150.3578,74,50.3,D
2019-12-17,-32.7921,150.2747,70,58.2,D
2019-12-17,-32.367,150.1865,51,24.8,D
2019-12-17,-30.348,151.3359,85,77.5,D
2019-12-17,-31.4258,151.3883,82,82.0,D
2019-12-17,-31.3636,151.3729,86,101.7,D
2019-12-17,-30.5516,150.9173,64,37.7,D
2019-12-17,-29.4992,152.1409,95,219.8,D
2019-12-17,-29.3647,152.0334,97,255.4,D
2019-12-17,-28.8158,152.2669,96,260.4,D
2019-12-17,-27.9022,148.0206,89,40.7,D
2019-12-17,-25.187,147.2962,97,83.4,D
2019-12-17,-17.9721,145.358,98,123.8,D
2019-12-17,-17.9921,144.9376,57,28.2,D
2019-12-17,-18.1615,143.7451,73,20.8,D
2019-12-17,-17.996,145.3482,100,387.3,D
2019-12-17,-17.9275,144.872,100,359.5,D
2019-12-17,-18.0551,145.4082,68,36.7,D
2019-12-17,-18.9726,143.7399,100,118.9,D
2019-12-17,-18.1651,145.5079,91,79.4,D
2019-12-17,-17.6772,144.7827,92,63.1,D
2019-12-17,-17.6483,144.7841,89,47.5,D
2019-12-17,-17.5623,144.849,100,178.0,D
2019-12-17,-15.574,144.5163,88,55.1,D
2019-12-17,-15.704,143.3043,76,27.8,D
2019-12-17,-17.554,144.834,100,210.6,D
2019-12-17,-17.5522,144.8146,93,61.7,D
2019-12-17,-17.5249,144.8497,54,37.3,D
2019-12-17,-17.366,144.0505,64,17.9,D
2019-12-17,-17.3897,143.069,84,31.3,D
2019-12-17,-17.0523,137.7983,90,54.8,D
2019-12-17,-16.2419,143.1883,100,265.6,D
2019-12-17,-16.0191,143.5036,80,28.6,D
2019-12-17,-16.9257,137.6744,84,41.8,D
2019-12-17,-15.2654,144.1762,88,46.8,D
2019-12-17,-13.7475,143.1181,78,21.2,D
2019-12-17,-13.6562,143.108,86,47.7,D
2019-12-17,-13.5863,142.56,81,26.2,D
2019-12-17,-13.0863,143.1547,86,42.9,D
2019-12-17,-33.1417,123.6957,74,18.7,D
2019-12-17,-33.1018,123.6858,98,84.7,D
2019-12-17,-32.7602,120.116,100,226.0,D
2019-12-17,-27.9058,128.0343,65,114.3,D
2019-12-17,-30.4466,122.3915,100,819.4,D
2019-12-17,-22.2582,117.2159,90,37.9,D
2019-12-17,-31.3874,151.2482,80,143.8,N
2019-12-17,-30.3121,151.3129,90,74.8,N
2019-12-17,-29.3444,152.0078,70,52.2,N
2019-12-17,-22.9791,149.9526,64,30.5,N
2019-12-17,-18.4125,143.7058,100,131.3,N
2019-12-17,-16.1251,128.4732,90,16.2,N
2019-12-17,-18.399,144.0106,79,36.6,N
2019-12-17,-24.5527,151.7767,86,10.7,N
2019-12-17,-25.5338,150.8636,81,10.8,N
2019-12-17,-29.1236,150.8365,51,5.3,N
2019-12-17,-30.1242,150.298,98,18.0,N
2019-12-17,-31.3677,151.2681,100,48.5,N
2019-12-17,-31.4011,151.2663,99,20.6,N
2019-12-17,-32.6613,150.6559,74,9.8,N
2019-12-17,-32.857,151.1168,59,8.8,N
2019-12-17,-32.8974,150.174,100,52.9,N
2019-12-17,-33.4901,150.2776,100,21.8,N
2019-12-17,-34.0883,150.4247,50,7.5,N
2019-12-17,-35.3249,150.2877,88,28.7,N
2019-12-17,-35.6135,150.0935,64,9.4,N
2019-12-17,-37.4836,147.6088,59,6.5,N
2019-12-17,-17.5179,125.1229,100,30.8,N
2019-12-17,-30.7801,119.7408,70,10.7,N
2019-12-18,-16.2224,143.123,92,47.8,D
2019-12-18,-15.3827,144.5435,98,62.7,D
2019-12-18,-15.7396,143.3253,81,24.9,D
2019-12-18,-15.8207,143.2531,100,97.9,D
2019-12-18,-16.0586,143.4973,72,17.6,D
2019-12-18,-16.0929,142.4379,78,31.2,D
2019-12-18,-17.9395,144.7036,66,11.4,D
2019-12-18,-17.4923,144.8537,77,24.4,D
2019-12-18,-17.2922,142.8898,73,15.6,D
2019-12-18,-17.3714,143.0505,98,68.4,D
2019-12-18,-17.4073,143.034,100,77.9,D
2019-12-18,-16.6186,137.6846,52,34.7,D
2019-12-18,-17.8337,142.6309,59,13.1,D
2019-12-18,-17.9923,142.5914,73,18.1,D
2019-12-18,-18.3795,143.7107,81,28.8,D
2019-12-18,-20.2419,144.1513,82,25.3,D
2019-12-18,-25.5438,150.8489,78,87.1,D
2019-12-18,-28.8094,152.2618,74,136.5,D
2019-12-18,-33.5778,150.4046,66,87.6,D
2019-12-18,-15.6744,127.0116,87,78.5,D
2019-12-18,-15.0202,126.546,75,32.2,D
2019-12-18,-15.7173,127.0397,89,86.4,D
2019-12-18,-17.9477,123.2738,93,43.9,D
2019-12-18,-21.2897,122.3692,93,42.3,D
2019-12-18,-22.2487,117.1918,69,23.2,D
2019-12-18,-27.2685,120.6878,100,82.7,D
2019-12-18,-30.4306,123.1537,100,222.4,D
2019-12-18,-32.5442,119.9821,99,84.5,D
2019-12-18,-37.4607,147.4976,68,55.6,D
2019-12-18,-34.3484,150.4599,92,195.0,D
2019-12-18,-33.563,150.3239,98,277.4,D
2019-12-18,-34.2031,150.3725,90,173.9,D
2019-12-18,-32.3807,150.14,86,116.4,D
2019-12-18,-30.0661,151.9683,86,68.9,D
2019-12-18,-29.3776,152.2842,60,53.1,D
2019-12-18,-31.3757,151.2442,83,88.5,D
2019-12-18,-31.2677,151.843,58,43.2,D
2019-12-18,-29.2926,152.1148,66,45.4,D
2019-12-18,-28.7785,152.2501,72,47.8,D
2019-12-18,-25.7758,151.0184,100,176.5,D
2019-12-18,-24.2711,150.94,55,21.1,D
2019-12-18,-27.3503,150.8789,87,68.3,D
2019-12-18,-19.0654,145.6965,80,118.5,D
2019-12-18,-17.5593,144.7671,77,131.1,D
2019-12-18,-15.6286,143.3586,63,71.2,D
2019-12-18,-32.8523,123.4566,94,447.9,D
2019-12-18,-32.1792,121.4121,97,501.0,D
2019-12-18,-27.9211,127.6761,100,180.0,D
2019-12-18,-28.84,124.7402,75,69.8,D
2019-12-18,-21.18,136.7942,100,275.6,D
2019-12-18,-16.5487,137.5325,72,86.4,D
2019-12-18,-15.8082,134.8759,87,64.9,D
2019-12-18,-16.2442,128.3675,62,16.7,D
2019-12-18,-15.7535,127.1782,97,60.7,D
2019-12-18,-13.5506,130.4251,78,30.0,D
2019-12-18,-13.4067,135.78,100,219.4,D
2019-12-18,-13.4274,135.4332,72,37.7,D
2019-12-18,-15.7031,128.9602,94,39.6,D
2019-12-18,-13.1542,130.2991,53,11.3,D
2019-12-18,-32.6127,120.0339,63,176.0,D
2019-12-18,-32.1823,121.3866,51,118.7,D
2019-12-18,-35.2999,150.2757,100,23.3,N
2019-12-18,-35.3366,150.2831,100,23.8,N
2019-12-18,-33.3967,150.1054,50,8.2,N
2019-12-18,-33.4094,150.3539,100,18.7,N
2019-12-18,-33.558,150.4734,100,22.0,N
2019-12-18,-33.4514,150.5127,72,15.7,N
2019-12-18,-33.9588,150.2966,74,7.7,N
2019-12-18,-34.2197,150.333,79,9.0,N
2019-12-18,-34.1406,150.4466,87,11.3,N
2019-12-18,-34.1102,149.9919,100,108.9,N
2019-12-18,-33.29,150.078,100,27.3,N
2019-12-18,-32.7759,150.2191,100,33.6,N
2019-12-18,-32.9363,150.1852,100,81.7,N
2019-12-18,-32.8182,150.6414,80,8.9,N
2019-12-18,-32.8329,150.2699,100,17.6,N
2019-12-18,-32.7326,150.7229,100,23.3,N
2019-12-18,-32.7625,150.2496,100,36.1,N
2019-12-18,-32.6681,150.7254,68,7.9,N
2019-12-18,-32.6801,150.3157,55,9.6,N
2019-12-18,-32.6382,150.4833,94,12.5,N
2019-12-18,-32.6394,150.2746,100,20.3,N
2019-12-18,-32.3706,150.159,100,15.7,N
2019-12-18,-31.5843,152.1405,80,10.1,N
2019-12-18,-31.6208,151.1647,90,12.7,N
2019-12-18,-31.4179,151.4165,100,53.9,N
2019-12-18,-31.3257,151.8405,100,39.0,N
2019-12-18,-31.3373,151.7641,100,23.9,N
2019-12-18,-31.361,151.3612,92,13.3,N
2019-12-18,-31.3575,151.2668,79,9.5,N
2019-12-18,-30.6977,152.594,73,10.0,N
2019-12-18,-30.6545,151.9465,68,8.7,N
2019-12-18,-29.2824,152.1813,52,7.1,N
2019-12-18,-30.129,150.2896,99,16.4,N
2019-12-18,-29.5032,152.1072,100,47.5,N
2019-12-18,-29.3746,152.2727,100,24.8,N
2019-12-18,-29.3155,152.0666,73,17.6,N
2019-12-18,-29.1119,152.2447,58,7.7,N
2019-12-18,-28.6463,152.2703,67,8.8,N
2019-12-18,-26.4782,152.414,70,10.0,N
2019-12-18,-25.2525,149.1024,76,6.8,N
2019-12-18,-24.0249,146.3971,66,6.7,N
2019-12-18,-18.3341,143.7325,54,16.6,N
2019-12-18,-18.346,143.7213,100,69.8,N
2019-12-18,-18.1991,143.7456,89,14.6,N
2019-12-18,-20.2139,144.2045,58,12.0,N
2019-12-18,-17.8699,145.2953,100,25.8,N
2019-12-18,-17.6296,144.7747,81,9.8,N
2019-12-18,-17.9093,142.4693,100,101.8,N
2019-12-18,-17.4774,144.79,57,15.1,N
2019-12-18,-16.2488,143.0851,77,13.1,N
2019-12-18,-16.0851,142.5446,90,16.7,N
2019-12-18,-15.3493,144.5387,100,18.8,N
2019-12-18,-33.3418,150.0683,71,93.1,N
2019-12-18,-32.6013,120.3742,100,88.2,N
2019-12-18,-32.2441,121.5396,100,46.7,N
2019-12-18,-32.2429,121.4103,100,38.9,N
2019-12-18,-32.1839,121.5547,74,7.0,N
2019-12-18,-28.828,124.6616,80,8.0,N
2019-12-18,-30.4178,123.155,64,9.3,N
2019-12-18,-30.4097,123.1417,68,9.0,N
2019-12-18,-17.9916,123.2336,88,8.4,N
2019-12-18,-14.3143,127.5218,63,17.0,N
2019-12-18,-16.1319,142.9591,100,18.4,N
2019-12-18,-18.2012,143.6896,83,15.2,N
2019-12-18,-16.5173,137.7351,72,11.7,N
2019-12-18,-17.9138,142.5552,52,6.9,N
2019-12-18,-18.294,143.7013,100,24.5,N
2019-12-18,-18.3461,143.6881,100,23.2,N
2019-12-18,-20.2054,144.2115,82,11.0,N
2019-12-18,-33.5681,150.4763,58,90.5,N
2019-12-18,-34.0966,150.0417,84,113.7,N
2019-12-18,-19.8201,121.9674,86,19.2,N
2019-12-18,-26.5006,152.381,98,116.7,D
2019-12-18,-29.3582,152.0654,84,45.7,D
2019-12-18,-29.4875,152.1549,85,46.4,D
2019-12-18,-30.1355,151.9275,96,77.7,D
2019-12-18,-31.3503,151.8076,73,22.9,D
2019-12-18,-31.6376,152.0969,78,29.3,D
2019-12-18,-31.5861,152.1565,70,29.1,D
2019-12-18,-32.7703,150.9933,72,25.3,D
2019-12-18,-34.1168,149.9717,100,827.5,D
2019-12-18,-31.3336,151.7725,100,322.0,D
2019-12-18,-31.6474,152.0943,57,15.3,D
2019-12-18,-33.5656,150.5023,100,847.9,D
2019-12-18,-33.3437,150.0739,100,407.2,D
2019-12-18,-32.9513,150.2009,94,84.8,D
2019-12-18,-33.3988,150.1669,100,129.8,D
2019-12-18,-33.4418,150.2192,96,89.8,D
2019-12-18,-34.2517,150.1947,69,26.2,D
2019-12-18,-32.6549,150.3043,83,44.8,D
2019-12-18,-32.7547,150.7285,94,78.9,D
2019-12-18,-32.9556,150.814,66,21.4,D
2019-12-18,-33.4501,150.2638,100,211.5,D
2019-12-18,-32.7708,150.2295,97,101.7,D
2019-12-18,-33.5644,150.3198,86,53.0,D
2019-12-18,-33.8314,150.1973,81,43.0,D
2019-12-18,-33.8895,150.1289,86,51.0,D
2019-12-18,-34.1195,150.0712,93,77.1,D
2019-12-18,-32.9328,150.18,61,23.1,D
2019-12-18,-35.5442,149.9718,96,0.0,D
2019-12-19,-13.0598,143.1884,57,63.6,D
2019-12-19,-13.4827,135.4193,74,20.9,D
2019-12-19,-17.7944,142.6153,50,35.7,D
2019-12-19,-15.0969,128.2632,68,48.2,D
2019-12-19,-17.3641,143.9575,68,92.1,D
2019-12-19,-18.1964,143.7728,59,64.1,D
2019-12-19,-15.7228,142.0608,72,46.9,D
2019-12-19,-16.2278,142.2147,58,47.7,D
2019-12-19,-15.2613,129.9257,86,52.6,D
2019-12-19,-25.3616,128.1071,100,120.8,D
2019-12-19,-27.6062,128.6092,100,87.1,D
2019-12-19,-27.6076,128.5523,57,26.1,D
2019-12-19,-30.4511,123.1379,69,59.5,D
2019-12-19,-27.9261,128.3751,95,49.4,D
2019-12-19,-27.9378,128.0249,100,97.8,D
2019-12-19,-27.9668,128.072,100,85.7,D
2019-12-19,-28.2822,129.404,67,10.9,D
2019-12-19,-28.2728,129.406,100,81.7,D
2019-12-19,-27.9192,127.6363,100,94.8,D
2019-12-19,-29.3167,128.3964,96,50.3,D
2019-12-19,-32.2767,121.4285,100,338.3,D
2019-12-19,-32.7089,120.4489,76,91.0,D
2019-12-19,-35.1056,150.3753,67,99.1,D
2019-12-19,-35.3903,150.0458,66,27.9,D
2019-12-19,-37.5308,147.983,80,18.8,D
2019-12-19,-37.3888,148.2781,83,23.7,D
2019-12-19,-37.3321,148.4183,88,31.0,D
2019-12-19,-37.2758,148.4354,97,56.0,D
2019-12-19,-37.2487,148.4292,59,14.4,D
2019-12-19,-35.5292,149.9735,100,522.8,D
2019-12-19,-35.3518,150.049,95,57.4,D
2019-12-19,-35.2653,150.1895,100,84.8,D
2019-12-19,-35.2874,150.1706,52,28.5,D
2019-12-19,-35.2744,150.1313,100,1770.8,D
2019-12-19,-32.7678,150.2209,90,115.5,D
2019-12-19,-32.6389,150.2596,98,74.0,D
2019-12-19,-31.3708,151.3119,100,133.6,D
2019-12-19,-33.4311,150.1733,67,43.6,D
2019-12-19,-33.418,150.1341,87,326.3,D
2019-12-19,-32.912,150.1696,100,385.9,D
2019-12-19,-32.8781,150.1669,98,72.2,D
2019-12-19,-32.842,150.208,99,76.3,D
2019-12-19,-32.6877,150.2894,99,158.1,D
2019-12-19,-31.6445,152.1328,100,128.3,D
2019-12-19,-31.6524,151.1734,91,61.0,D
2019-12-19,-31.3507,151.8912,86,66.7,D
2019-12-19,-31.4135,151.3585,100,254.7,D
2019-12-19,-31.3225,151.7454,100,324.4,D
2019-12-19,-30.6707,152.1213,92,88.1,D
2019-12-19,-30.248,150.308,68,19.9,D
2019-12-19,-29.5168,152.0381,78,56.6,D
2019-12-19,-29.3556,152.1565,92,100.8,D
2019-12-19,-28.8267,152.2599,74,48.2,D
2019-12-19,-28.5944,152.3272,93,95.1,D
2019-12-19,-25.0814,152.1669,80,68.8,D
2019-12-19,-26.4168,152.4526,90,117.8,D
2019-12-19,-21.8896,149.0179,70,34.3,D
2019-12-19,-20.936,136.705,62,53.1,D
2019-12-19,-17.9165,144.9081,50,11.8,D
2019-12-19,-17.5738,144.7984,84,19.4,D
2019-12-19,-17.8728,142.4865,98,59.9,D
2019-12-19,-17.7082,143.3476,100,89.8,D
2019-12-19,-20.6357,136.2377,63,38.0,D
2019-12-19,-18.3451,143.651,74,21.5,D
2019-12-19,-21.0898,135.3609,89,223.2,D
2019-12-19,-18.9512,143.7216,82,35.2,D
2019-12-19,-18.4022,143.9664,90,32.6,D
2019-12-19,-18.3406,144.0079,66,17.7,D
2019-12-19,-17.9629,145.454,50,20.2,D
2019-12-19,-17.8897,145.3248,95,56.2,D
2019-12-19,-18.1089,143.7025,100,77.2,D
2019-12-19,-17.3591,143.9928,94,45.0,D
2019-12-19,-17.3635,142.9187,100,84.4,D
2019-12-19,-17.3453,142.916,93,47.8,D
2019-12-19,-18.3244,143.6671,93,53.3,D
2019-12-19,-15.342,144.6424,99,70.1,D
2019-12-19,-15.3394,144.5344,51,12.0,D
2019-12-19,-14.7331,143.6514,80,42.3,D
2019-12-19,-15.5511,144.4734,84,27.6,D
2019-12-19,-16.5126,144.2541,72,13.7,D
2019-12-19,-16.2106,142.1631,99,63.7,D
2019-12-19,-16.1019,142.5443,61,15.6,D
2019-12-19,-13.5775,142.9264,90,31.4,D
2019-12-19,-32.5168,120.0765,99,70.7,D
2019-12-19,-32.2719,121.4572,97,0.0,D
2019-12-19,-32.2898,121.3924,100,102.1,D
2019-12-19,-32.2656,121.4334,93,116.4,D
2019-12-19,-32.2966,121.4844,100,0.0,D
2019-12-19,-32.2457,121.457,95,0.0,D
2019-12-19,-32.2273,121.4536,100,0.0,D
2019-12-19,-33.1794,123.3799,100,60.6,D
2019-12-19,-32.7059,120.5072,100,330.1,D
2019-12-19,-32.6737,120.4524,100,131.5,D
2019-12-19,-32.6479,120.4792,100,303.9,D
2019-12-19,-32.6111,120.4606,100,1961.3,D
2019-12-19,-32.2104,121.4391,100,188.7,D
2019-12-19,-32.1846,121.4909,100,978.5,D
2019-12-19,-32.153,121.4682,76,18.5,D
2019-12-19,-30.4132,122.3555,98,52.3,D
2019-12-19,-30.8059,119.9572,100,163.9,D
2019-12-19,-27.9427,128.0941,100,136.8,D
2019-12-19,-27.8968,128.3837,92,65.9,D
2019-12-19,-27.9939,127.6047,100,340.2,D
2019-12-19,-30.4087,123.1456,94,102.8,D
2019-12-19,-30.4773,123.1109,70,51.6,D
2019-12-19,-28.2928,129.4006,100,275.4,D
2019-12-19,-28.1808,129.1002,91,468.5,D
2019-12-19,-28.0765,128.0165,87,357.1,D
2019-12-19,-30.4482,123.1809,87,110.7,D
2019-12-19,-20.3207,122.0105,78,19.7,D
2019-12-19,-20.664,118.5863,93,36.0,D
2019-12-19,-16.8524,129.7105,92,307.6,D
2019-12-19,-19.8216,121.853,78,15.2,D
2019-12-19,-17.2615,122.6416,87,38.1,D
2019-12-19,-17.1546,122.7297,86,35.3,D
2019-12-19,-15.3202,127.4014,74,38.0,D
2019-12-19,-35.2503,150.2802,100,328.2,N
2019-12-19,-35.258,150.3124,100,239.4,N
2019-12-19,-35.2901,150.0415,100,112.3,N
2019-12-19,-33.5355,150.2655,100,180.0,N
2019-12-19,-33.2943,150.0262,100,488.8,N
2019-12-19,-33.1869,150.2259,66,48.8,N
2019-12-19,-32.9518,150.1646,85,55.6,N
2019-12-19,-32.7859,150.137,100,250.6,N
2019-12-19,-31.563,151.6691,79,70.5,N
2019-12-19,-30.2494,150.312,71,45.3,N
2019-12-19,-27.9906,127.5163,91,127.1,N
2019-12-19,-17.8876,142.5428,80,17.5,N
2019-12-19,-17.3335,142.985,93,31.2,N
2019-12-19,-18.9777,143.6638,77,23.5,N
2019-12-19,-18.4372,143.955,51,23.0,N
2019-12-19,-16.2621,143.0918,76,22.7,N
2019-12-19,-14.6326,127.5221,100,80.0,N
2019-12-19,-12.5892,135.1259,75,6.6,N
2019-12-19,-25.0734,152.1594,68,8.5,N
2019-12-19,-27.3743,152.6557,85,10.9,N
2019-12-19,-28.7803,152.4425,64,6.3,N
2019-12-19,-29.272,152.1621,100,21.3,N
2019-12-19,-29.1251,150.8321,100,21.9,N
2019-12-19,-29.3594,152.0744,100,34.6,N
2019-12-19,-29.4809,152.1406,100,35.6,N
2019-12-19,-30.4445,152.6143,80,8.4,N
2019-12-19,-30.7023,152.0578,89,11.2,N
2019-12-19,-30.6839,152.121,87,10.0,N
2019-12-19,-31.4073,151.3701,86,11.4,N
2019-12-19,-31.3281,151.813,68,15.5,N
2019-12-19,-31.3752,151.8793,57,10.8,N
2019-12-19,-31.4839,152.1109,76,7.8,N
2019-12-19,-33.2007,150.2106,100,96.4,N
2019-12-19,-31.4011,151.3784,79,14.5,N
2019-12-19,-31.4295,151.3327,100,30.0,N
2019-12-19,-34.2635,150.1613,100,191.5,N
2019-12-19,-33.0029,150.7737,99,16.5,N
2019-12-19,-33.0867,149.8442,100,62.6,N
2019-12-19,-33.3833,150.6654,70,7.6,N
2019-12-19,-33.2942,150.0435,100,281.3,N
2019-12-19,-31.6269,152.1455,95,16.4,N
2019-12-19,-31.6402,152.1104,90,11.4,N
2019-12-19,-32.5963,150.5366,100,22.2,N
2019-12-19,-32.6626,150.3106,54,10.9,N
2019-12-19,-31.7812,151.8203,65,12.2,N
2019-12-19,-32.6037,150.5238,100,54.3,N
2019-12-19,-32.6531,150.7171,100,35.4,N
2019-12-19,-32.7799,150.1733,100,73.5,N
2019-12-19,-32.6673,150.7478,100,32.6,N
2019-12-19,-32.7804,150.1321,100,29.4,N
2019-12-19,-32.7559,150.202,100,191.6,N
2019-12-19,-32.7896,150.1884,65,11.4,N
2019-12-19,-33.566,150.5334,100,27.7,N
2019-12-19,-33.4231,150.1485,100,27.4,N
2019-12-19,-33.5891,150.3293,84,22.3,N
2019-12-19,-33.4404,150.5569,100,18.5,N
2019-12-19,-34.0895,150.0514,71,16.5,N
2019-12-19,-33.5227,150.258,76,10.1,N
2019-12-19,-33.8599,150.2942,100,39.2,N
2019-12-19,-33.9635,150.242,65,7.5,N
2019-12-19,-33.9585,150.4498,76,8.8,N
2019-12-19,-34.2994,150.503,100,26.3,N
2019-12-19,-34.2237,150.1991,85,12.8,N
2019-12-19,-34.3272,150.4454,100,25.7,N
2019-12-19,-35.2448,150.2906,100,153.1,N
2019-12-19,-35.2716,150.1162,100,66.9,N
2019-12-19,-35.2825,150.1253,75,26.9,N
2019-12-19,-35.0661,150.3894,93,21.4,N
2019-12-19,-35.243,150.2791,100,33.2,N
2019-12-19,-35.2421,150.1531,53,13.7,N
2019-12-19,-35.5604,150.0072,100,35.3,N
2019-12-19,-32.152,121.5728,65,42.8,N
2019-12-19,-32.0922,121.5293,100,88.2,N
2019-12-19,-32.1924,121.65,100,79.9,N
2019-12-19,-33.5553,123.805,74,33.5,N
2019-12-19,-32.1093,121.6009,100,81.8,N
2019-12-19,-32.1995,121.6466,100,73.2,N
2019-12-19,-32.2436,121.7054,84,39.4,N
2019-12-19,-22.2028,117.1462,70,10.0,N
2019-12-19,-22.0978,117.2022,65,11.3,N
2019-12-19,-15.0271,128.2691,100,24.1,N
2019-12-19,-28.1181,129.1183,99,22.8,N
2019-12-19,-32.0981,121.5548,73,38.1,N
2019-12-19,-32.1241,121.5222,53,40.6,N
2019-12-19,-33.561,123.8098,99,25.0,N
2019-12-20,-16.9927,138.3813,79,139.3,D
2019-12-20,-17.3376,142.9581,96,112.7,D
2019-12-20,-16.1501,142.4556,74,36.4,D
2019-12-20,-16.4842,137.575,62,84.9,D
2019-12-20,-17.517,145.0904,53,20.2,D
2019-12-20,-17.3066,142.915,69,29.1,D
2019-12-20,-18.6088,143.7712,72,28.4,D
2019-12-20,-17.041,138.371,100,776.4,D
2019-12-20,-18.1968,143.8081,66,16.3,D
2019-12-20,-17.9001,142.5422,74,29.7,D
2019-12-20,-18.4259,143.9455,92,61.5,D
2019-12-20,-23.0005,149.9503,83,32.9,D
2019-12-20,-27.3744,152.6729,50,46.9,D
2019-12-20,-29.1037,152.2398,53,34.7,D
2019-12-20,-33.4247,150.136,77,44.1,D
2019-12-20,-31.3646,151.2491,84,82.6,D
2019-12-20,-33.2354,150.0932,72,56.3,D
2019-12-20,-34.1248,150.0438,80,62.7,D
2019-12-20,-32.7932,150.173,74,42.8,D
2019-12-20,-31.9162,135.414,54,30.7,D
2019-12-20,-33.1923,150.2192,89,96.3,D
2019-12-20,-33.604,150.3538,52,45.1,D
2019-12-20,-35.1953,150.0721,80,58.2,D
2019-12-20,-34.8648,138.8295,100,441.5,D
2019-12-20,-35.296,150.0525,95,143.3,D
2019-12-20,-15.3647,128.5011,55,19.9,D
2019-12-20,-15.8887,126.1295,97,59.7,D
2019-12-20,-19.507,131.8594,73,70.0,D
2019-12-20,-22.2075,117.2112,73,31.1,D
2019-12-20,-28.0908,129.0554,100,288.0,D
2019-12-20,-28.1539,129.1297,88,101.0,D
2019-12-20,-26.8751,127.7453,100,184.4,D
2019-12-20,-27.9048,127.9579,100,234.1,D
2019-12-20,-32.1059,121.6315,57,44.8,D
2019-12-20,-33.5615,123.8373,71,31.9,D
2019-12-20,-33.5522,123.7987,100,120.7,D
2019-12-20,-34.3373,150.4075,53,66.4,D
2019-12-20,-34.2055,150.426,97,423.8,D
2019-12-20,-33.2099,150.1738,88,227.1,D
2019-12-20,-32.8623,150.245,92,309.3,D
2019-12-20,-31.6406,151.207,87,192.0,D
2019-12-20,-30.3606,151.349,85,128.9,D
2019-12-20,-28.7169,152.21,70,73.3,D
2019-12-20,-24.5953,151.8006,95,188.5,D
2019-12-20,-22.6028,150.3944,58,61.2,D
2019-12-20,-37.2703,148.4487,100,447.2,D
2019-12-20,-34.2053,150.4105,80,308.6,D
2019-12-20,-35.7357,136.8938,83,21.7,D
2019-12-20,-34.3561,137.684,100,70.2,D
2019-12-20,-34.3364,137.691,94,43.8,D
2019-12-20,-34.9223,138.8771,99,69.3,D
2019-12-20,-32.0178,135.6354,58,10.9,D
2019-12-20,-32.0269,135.6371,93,39.7,D
2019-12-20,-31.9276,135.4108,100,99.0,D
2019-12-20,-28.2693,129.3786,100,155.4,D
2019-12-20,-28.0699,129.1823,81,66.2,D
2019-12-20,-28.2849,129.22,81,38.5,D
2019-12-20,-28.0574,129.0323,87,321.0,D
2019-12-20,-27.8208,127.9548,83,106.2,D
2019-12-20,-27.8229,127.9303,100,761.4,D
2019-12-20,-19.2358,134.6011,100,101.0,D
2019-12-20,-20.6539,136.2109,100,175.3,D
2019-12-20,-19.0083,143.6829,57,74.9,D
2019-12-20,-15.6924,143.3674,67,131.6,D
2019-12-20,-13.3174,143.1302,62,72.7,D
2019-12-20,-12.2696,132.2291,74,23.2,D
2019-12-20,-11.8147,133.3824,89,30.3,D
2019-12-20,-12.1852,133.0011,85,41.9,D
2019-12-20,-15.0598,128.2771,81,42.9,D
2019-12-20,-12.898,136.322,78,28.0,D
2019-12-20,-12.9014,136.3293,93,71.5,D
2019-12-20,-33.5894,123.7449,85,153.8,D
2019-12-20,-33.4819,123.868,100,1059.4,D
2019-12-20,-32.1473,121.4862,74,136.2,D
2019-12-20,-32.0634,121.5185,99,350.5,D
2019-12-20,-35.2077,150.1358,100,42.6,N
2019-12-20,-37.2605,148.4727,100,292.5,N
2019-12-20,-37.4608,147.6047,98,36.0,N
2019-12-20,-37.4231,147.5944,82,22.7,N
2019-12-20,-35.5648,149.9914,97,27.8,N
2019-12-20,-34.2271,150.3333,75,16.4,N
2019-12-20,-34.9712,150.6364,83,15.7,N
2019-12-20,-35.2924,150.0931,97,52.8,N
2019-12-20,-37.4489,147.596,100,37.9,N
2019-12-20,-33.2395,150.1108,98,27.6,N
2019-12-20,-31.33,151.3177,100,26.9,N
2019-12-20,-33.5475,150.2413,59,10.7,N
2019-12-20,-32.618,150.4877,50,19.8,N
2019-12-20,-31.6351,152.0902,77,9.1,N
2019-12-20,-31.6034,151.0081,68,13.6,N
2019-12-20,-33.2522,150.0608,93,21.1,N
2019-12-20,-32.928,150.1705,91,19.3,N
2019-12-20,-32.6498,150.7386,53,14.0,N
2019-12-20,-31.3554,151.9092,100,34.1,N
2019-12-20,-31.3702,151.2293,100,248.0,N
2019-12-20,-30.5474,150.9132,52,6.0,N
2019-12-20,-26.4893,152.4565,88,12.2,N
2019-12-20,-30.1848,150.0523,100,24.0,N
2019-12-20,-29.2851,152.0992,100,19.7,N
2019-12-20,-26.4067,152.4562,91,12.1,N
2019-12-20,-24.5349,151.8534,60,5.3,N
2019-12-20,-25.7642,151,94,12.7,N
2019-12-20,-23.0074,150.0207,61,5.9,N
2019-12-20,-18.2165,143.7917,100,47.0,N
2019-12-20,-17.9454,142.7336,100,355.6,N
2019-12-20,-18.5832,143.7569,100,62.6,N
2019-12-20,-18.2338,143.7526,100,132.9,N
2019-12-20,-15.7915,142.9662,75,17.5,N
2019-12-20,-16.0643,143.0828,82,23.4,N
2019-12-20,-15.6635,143.4071,60,11.0,N
2019-12-20,-35.7233,137.0801,97,58.0,N
2019-12-20,-34.8342,138.9816,65,82.8,N
2019-12-20,-33.5511,123.7536,100,156.3,N
2019-12-20,-31.9715,121.4444,100,185.3,N
2019-12-20,-25.4003,129.1278,72,8.1,N
2019-12-20,-20.7529,119.2078,99,54.2,N
2019-12-20,-14.4732,127.3604,54,5.9,N
2019-12-20,-17.4463,144.6862,60,4.6,N
2019-12-20,-18.2457,143.6909,100,33.8,N
2019-12-20,-18.321,142.7014,88,10.5,N
2019-12-20,-18.0455,142.5216,67,5.4,N
2019-12-20,-30.6144,151.0212,78,44.6,N
2019-12-20,-33.8672,150.1127,70,33.1,N
2019-12-20,-37.4603,147.7351,100,1157.2,N
2019-12-20,-35.6923,136.9372,100,167.3,N
2019-12-20,-37.2509,148.4864,100,71.6,N
2019-12-20,-37.402,147.6458,100,135.4,N
2019-12-20,-37.4537,147.6414,100,534.0,N
2019-12-20,-37.5514,147.7256,100,151.3,N
2019-12-20,-37.6513,147.8836,88,60.1,N
2019-12-20,-37.5012,147.755,100,5292.8,N
2019-12-20,-37.5686,147.7752,100,725.6,N
2019-12-20,-37.5692,147.8189,100,4808.0,N
2019-12-20,-37.6085,147.8148,100,2603.9,N
2019-12-20,-34.8691,138.9981,57,7.8,N
2019-12-20,-37.5363,147.7014,100,234.9,N
2019-12-20,-37.5645,147.7253,100,119.2,N
2019-12-20,-23.6107,124.0071,100,116.4,N
2019-12-20,-33.5701,123.7255,100,210.9,N
2019-12-20,-28.8758,152.2935,87,94.1,D
2019-12-20,-33.5813,150.2841,95,163.1,D
2019-12-20,-31.6199,151.0287,89,113.3,D
2019-12-20,-32.685,150.2706,93,156.7,D
2019-12-20,-34.1449,150.0469,56,62.7,D
2019-12-20,-35.0973,150.3288,95,133.7,D
2019-12-20,-35.0728,150.3356,79,84.5,D
2019-12-20,-35.2365,150.1621,73,174.3,D
2019-12-20,-42.0939,147.9641,69,32.7,D
2019-12-21,-12.334,132.8231,100,228.5,D
2019-12-21,-15.1482,143.2496,81,66.0,D
2019-12-21,-15.8076,141.5641,77,26.5,D
2019-12-21,-16.5441,137.5182,54,13.6,D
2019-12-21,-17.8504,142.6741,67,19.4,D
2019-12-21,-16.8118,129.6894,68,54.3,D
2019-12-21,-16.5423,137.7567,69,21.9,D
2019-12-21,-20.9797,136.6382,70,15.8,D
2019-12-21,-20.9929,136.6655,100,64.0,D
2019-12-21,-23.1664,129.1027,89,92.2,D
2019-12-21,-35.6553,140.0373,95,142.6,D
2019-12-21,-35.7435,136.9302,75,59.2,D
2019-12-21,-32.0726,121.4907,55,209.1,D
2019-12-21,-35.5312,149.9638,100,253.1,D
2019-12-21,-34.2741,150.1199,91,43.6,D
2019-12-21,-34.2847,150.162,100,116.8,D
2019-12-21,-34.256,150.1848,95,51.1,D
2019-12-21,-34.1653,150.4388,67,13.5,D
2019-12-21,-34.1802,149.9924,100,295.7,D
2019-12-21,-34.0986,150.1301,64,29.6,D
2019-12-21,-35.1593,150.2883,80,49.7,D
2019-12-21,-37.6156,147.8661,53,48.6,D
2019-12-21,-37.5765,147.9366,100,264.2,D
2019-12-21,-37.5544,147.8795,82,67.5,D
2019-12-21,-37.4124,147.6673,89,50.2,D
2019-12-21,-35.2608,150.0693,100,1807.3,D
2019-12-21,-35.5729,150.0072,100,151.3,D
2019-12-21,-35.4991,149.9394,99,82.6,D
2019-12-21,-35.2976,150.0766,100,133.6,D
2019-12-21,-35.2914,150.0518,100,383.8,D
2019-12-21,-35.2062,150.268,100,0.0,D
2019-12-21,-35.2285,150.0274,100,154.8,D
2019-12-21,-35.1564,150.3797,100,0.0,D
2019-12-21,-35.1397,150.3649,100,0.0,D
2019-12-21,-35.1334,150.2716,91,31.7,D
2019-12-21,-35.0941,150.4247,100,651.8,D
2019-12-21,-35.0985,150.3223,83,110.9,D
2019-12-21,-35.0689,150.4133,100,179.3,D
2019-12-21,-35.6957,140.1017,78,121.9,D
2019-12-21,-34.3589,150.4337,100,650.3,D
2019-12-21,-34.2512,150.0813,100,295.7,D
2019-12-21,-35.0537,150.3872,94,392.1,D
2019-12-21,-34.265,150.1184,95,53.3,D
2019-12-21,-35.2019,150.1107,96,48.6,D
2019-12-21,-35.268,150.3568,84,57.0,D
2019-12-21,-35.2352,150.262,100,0.0,D
2019-12-21,-34.2288,150.4517,88,36.4,D
2019-12-21,-34.1377,150.0299,100,66.7,D
2019-12-21,-30.787,151.7725,100,130.7,D
2019-12-21,-31.1277,150.6064,87,27.6,D
2019-12-21,-33.8596,150.2627,61,20.8,D
2019-12-21,-33.6388,150.398,97,57.3,D
2019-12-21,-33.6176,150.3486,100,883.3,D
2019-12-21,-33.5332,150.5594,92,45.4,D
2019-12-21,-33.5091,150.5324,74,20.2,D
2019-12-21,-31.4485,151.3045,98,67.1,D
2019-12-21,-33.2466,150.1105,100,239.7,D
2019-12-21,-33.2435,150.0651,100,384.7,D
2019-12-21,-33.1834,150.2315,100,350.9,D
2019-12-21,-32.955,150.8145,84,25.8,D
2019-12-21,-32.908,150.5681,52,15.5,D
2019-12-21,-33.8625,150.241,93,46.2,D
2019-12-21,-33.8534,150.2393,88,36.3,D
2019-12-21,-33.8488,150.2047,51,11.4,D
2019-12-21,-33.4286,150.3883,100,383.3,D
2019-12-21,-32.8309,150.656,93,46.0,D
2019-12-21,-32.837,150.2163,77,18.1,D
2019-12-21,-32.7051,150.7677,70,22.8,D
2019-12-21,-32.7684,150.1198,100,235.0,D
2019-12-21,-32.6372,150.7254,85,34.2,D
2019-12-21,-32.6511,150.4317,94,49.3,D
2019-12-21,-32.6194,150.5901,100,148.2,D
2019-12-21,-32.6224,150.4371,87,34.6,D
2019-12-21,-32.1427,151.4002,85,36.5,D
2019-12-21,-31.6278,151.2115,100,595.7,D
2019-12-21,-31.6066,150.9781,100,81.8,D
2019-12-21,-31.3884,151.8761,100,160.0,D
2019-12-21,-31.3766,151.224,98,61.4,D
2019-12-21,-30.6577,152.1367,69,51.7,D
2019-12-21,-33.8774,150.1316,84,25.5,D
2019-12-21,-33.8607,150.1167,100,1065.3,D
2019-12-21,-31.3595,151.2257,100,100.1,D
2019-12-21,-33.0613,149.8494,100,1724.4,D
2019-12-21,-33.2541,150.0559,68,16.0,D
2019-12-21,-33.5106,150.5215,94,53.8,D
2019-12-21,-32.6403,150.6382,80,28.3,D
2019-12-21,-32.7458,150.1486,100,102.8,D
2019-12-21,-31.6443,151.2258,100,118.1,D
2019-12-21,-32.7796,150.7555,100,85.6,D
2019-12-21,-29.4624,152.1709,72,28.2,D
2019-12-21,-29.2653,152.1282,99,84.9,D
2019-12-21,-29.1088,150.8226,100,88.6,D
2019-12-21,-26.5029,152.4117,80,38.5,D
2019-12-21,-30.1183,150.9089,68,11.2,D
2019-12-21,-25.7658,151,87,47.9,D
2019-12-21,-22.9313,149.9005,74,19.7,D
2019-12-21,-20.9782,136.6344,100,843.1,D
2019-12-21,-18.4267,143.8921,99,86.8,D
2019-12-21,-18.4295,143.8868,91,52.0,D
2019-12-21,-18.3367,143.8851,59,28.2,D
2019-12-21,-17.8394,142.7055,77,51.8,D
2019-12-21,-17.0642,138.1358,57,47.1,D
2019-12-21,-17.1894,142.769,76,23.3,D
2019-12-21,-17.7784,143.2592,80,42.5,D
2019-12-21,-16.0943,142.9724,77,24.4,D
2019-12-21,-15.7048,143.3235,88,43.4,D
2019-12-21,-15.5812,143.4092,72,22.9,D
2019-12-21,-13.8583,135.7126,83,148.1,D
2019-12-21,-15.772,143.0457,84,34.6,D
2019-12-21,-35.605,140.0996,73,180.9,D
2019-12-21,-33.6058,123.705,100,314.7,D
2019-12-21,-33.6139,123.7188,100,1591.7,D
2019-12-21,-33.6037,123.6419,100,510.0,D
2019-12-21,-33.1245,123.3196,72,13.2,D
2019-12-21,-32.1295,121.4931,100,321.7,D
2019-12-21,-32.3228,121.4885,100,203.1,D
2019-12-21,-32.269,121.3526,85,64.2,D
2019-12-21,-32.0781,121.4701,100,532.4,D
2019-12-21,-31.4198,121.1258,93,62.0,D
2019-12-21,-31.9986,121.4681,75,24.9,D
2019-12-21,-33.5046,123.7799,93,54.6,D
2019-12-21,-33.6124,123.7309,100,542.4,D
2019-12-21,-29.5338,124.8389,65,16.5,D
2019-12-21,-25.4158,129.087,55,185.7,D
2019-12-21,-17.5914,124.4031,94,44.8,D
2019-12-21,-14.6554,126.0512,70,23.7,D
2019-12-21,-37.6073,147.8608,67,19.3,N
2019-12-21,-37.911,141.4906,100,196.4,N
2019-12-21,-37.5554,147.7412,54,11.8,N
2019-12-21,-35.7004,136.8863,100,96.4,N
2019-12-21,-33.2129,150.1321,100,106.4,N
2019-12-21,-33.1599,150.2045,100,372.6,N
2019-12-21,-30.2443,150.2833,93,41.1,N
2019-12-21,-33.0323,149.8923,100,128.1,N
2019-12-21,-32.7779,150.1072,100,82.3,N
2019-12-21,-32.5957,150.5461,98,43.6,N
2019-12-21,-31.6165,150.9792,100,67.5,N
2019-12-21,-32.9759,150.1765,92,47.0,N
2019-12-21,-32.7172,150.1536,100,231.9,N
2019-12-21,-31.4328,151.3456,100,66.2,N
2019-12-21,-33.2212,150.0285,100,94.4,N
2019-12-21,-21.0332,135.4149,91,18.6,N
2019-12-21,-18.2533,143.7593,64,9.3,N
2019-12-21,-17.7733,142.6305,66,6.1,N
2019-12-21,-16.273,142.3409,100,21.7,N
2019-12-21,-15.7834,143.3503,67,9.9,N
2019-12-21,-18.9228,143.7483,98,22.4,N
2019-12-21,-17.7663,143.2963,97,17.7,N
2019-12-21,-15.6989,143.3717,100,138.3,N
2019-12-21,-29.264,152.1242,91,30.3,N
2019-12-21,-30.2261,150.3004,100,35.6,N
2019-12-21,-30.7238,152.0472,82,14.6,N
2019-12-21,-31.3843,151.8839,100,35.2,N
2019-12-21,-31.4594,151.3228,100,28.3,N
2019-12-21,-31.6171,151.2287,70,22.6,N
2019-12-21,-31.4611,152.0899,80,13.2,N
2019-12-21,-32.5754,150.266,100,28.9,N
2019-12-21,-32.7286,150.1514,100,56.7,N
2019-12-21,-33.1676,150.1964,63,27.1,N
2019-12-21,-34.3087,150.4259,89,24.5,N
2019-12-21,-33.0381,149.882,100,55.8,N
2019-12-21,-37.6114,147.8898,58,45.5,N
2019-12-21,-33.6635,123.5816,100,133.7,N
2019-12-21,-32.1746,121.3878,60,5.6,N
2019-12-21,-32.0482,121.4696,91,20.4,N
2019-12-21,-32.0293,121.3933,100,28.3,N
2019-12-21,-20.7449,119.2403,80,12.1,N
2019-12-21,-16.4799,137.7546,71,16.8,N
2019-12-21,-33.6524,123.4967,90,33.2,N
2019-12-21,-35.7593,137.03,100,65.0,N
2019-12-22,-18.0142,145.0661,73,33.8,D
2019-12-22,-18.2636,143.7407,84,84.3,D
2019-12-22,-28.2556,152.4994,50,15.5,D
2019-12-22,-30.1869,150.0562,82,32.8,D
2019-12-22,-32.7322,150.1731,91,50.2,D
2019-12-22,-32.7848,150.7626,95,72.1,D
2019-12-22,-32.9992,149.9596,97,73.5,D
2019-12-22,-32.9976,149.9469,98,79.1,D
2019-12-22,-37.4419,148.0073,54,4.9,D
2019-12-22,-37.5922,147.7548,100,126.8,D
2019-12-22,-38.0808,141.8093,79,26.1,D
2019-12-22,-12.3199,132.8402,92,95.4,D
2019-12-22,-16.2977,129.5854,70,14.4,D
2019-12-22,-24.2789,129.5748,52,14.9,D
2019-12-22,-24.29,129.5734,86,41.7,D
2019-12-22,-23.6641,132.0714,58,44.0,D
2019-12-22,-25.8416,130.0036,100,178.8,D
2019-12-22,-25.8805,129.958,62,47.4,D
2019-12-22,-29.5528,124.8713,77,42.2,D
2019-12-22,-32.0788,121.4138,69,28.7,D
2019-12-22,-32.3174,121.4112,97,57.5,D
2019-12-22,-32.0443,121.5406,88,34.4,D
2019-12-22,-42.1005,147.9526,72,29.4,D
2019-12-22,-37.5699,147.8942,91,74.1,D
2019-12-22,-37.6602,147.7861,100,236.6,D
2019-12-22,-36.6204,141.455,71,21.9,D
2019-12-22,-37.38,147.5627,58,42.2,D
2019-12-22,-31.6235,150.9812,60,83.1,D
2019-12-22,-25.8252,130.026,50,65.3,D
2019-12-22,-23.9087,129.4779,100,516.5,D
2019-12-22,-23.5259,128.5557,88,149.3,D
2019-12-22,-20.6458,136.1266,100,92.1,D
2019-12-22,-21.5992,126.6029,96,378.7,D
2019-12-22,-18.2809,144.0072,72,53.8,D
2019-12-22,-18.005,144.6414,59,54.3,D
2019-12-22,-17.597,143.7957,78,79.9,D
2019-12-22,-16.2522,142.2809,90,90.5,D
2019-12-22,-18.2624,144.0297,81,75.4,D
2019-12-22,-13.3817,135.3744,83,29.6,D
2019-12-22,-14.2534,142.0504,57,35.7,D
2019-12-22,-15.3897,132.3284,85,42.0,D
2019-12-22,-13.3714,135.3822,89,38.1,D
2019-12-22,-12.6164,135.0726,95,54.5,D
2019-12-22,-11.802,133.4049,63,16.8,D
2019-12-22,-32.383,123.3287,100,1543.2,D
2019-12-22,-32.3644,123.3679,100,979.8,D
2019-12-22,-30.7239,123.5173,99,269.1,D
2019-12-22,-32.3648,123.2191,71,90.1,D
2019-12-22,-30.5013,150.9109,100,53.9,N
2019-12-22,-24.9661,149.4208,100,37.8,N
2019-12-22,-18.326,143.9006,60,29.9,N
2019-12-22,-16.7103,144.5816,93,62.3,N
2019-12-22,-30.7234,123.4394,67,64.5,N
2019-12-22,-24.8697,127.1041,61,7.7,N
2019-12-22,-15.7713,124.4474,83,14.1,N
2019-12-22,-18.011,143.6529,72,9.6,N
2019-12-22,-20.213,144.1341,75,8.4,N
2019-12-22,-37.6432,147.8089,68,43.5,N
2019-12-22,-23.6591,132.1976,79,47.5,N
2019-12-23,-13.3656,135.3697,83,47.9,D
2019-12-23,-15.7198,143.0522,70,22.8,D
2019-12-23,-13.5337,142.527,66,11.3,D
2019-12-23,-17.6334,143.1872,75,29.6,D
2019-12-23,-17.6315,143.1824,90,39.4,D
2019-12-23,-18.0286,143.6413,98,83.3,D
2019-12-23,-18.9308,143.7859,87,49.0,D
2019-12-23,-16.4421,137.6192,75,88.4,D
2019-12-23,-20.3904,134.5253,77,37.8,D
2019-12-23,-25.8309,130.071,71,49.5,D
2019-12-23,-27.5847,128.4162,100,502.3,D
2019-12-23,-37.5974,147.6719,56,154.1,D
2019-12-23,-21.6552,118.8427,96,78.1,D
2019-12-23,-37.3684,147.5596,67,43.1,D
2019-12-23,-35.2966,150.3673,80,35.1,D
2019-12-23,-35.172,150.0321,100,751.6,D
2019-12-23,-34.943,150.6516,87,51.0,D
2019-12-23,-34.9049,150.2769,90,65.3,D
2019-12-23,-33.6528,150.4153,92,75.7,D
2019-12-23,-35.2394,150.354,50,18.1,D
2019-12-23,-34.919,150.2991,83,37.7,D
2019-12-23,-35.1875,149.9876,95,84.5,D
2019-12-23,-33.0185,149.8524,54,20.1,D
2019-12-23,-29.2728,152.1772,81,25.4,D
2019-12-23,-28.5909,152.265,81,23.6,D
2019-12-23,-24.6187,151.5116,94,56.3,D
2019-12-23,-19.1794,145.9759,51,12.7,D
2019-12-23,-18.9278,143.7818,75,79.1,D
2019-12-23,-17.9824,145.4998,82,62.4,D
2019-12-23,-17.6,143.7136,80,55.7,D
2019-12-23,-15.6009,143.5908,100,388.4,D
2019-12-23,-18.3419,142.6018,94,181.1,D
2019-12-23,-15.0469,144.8812,88,63.3,D
2019-12-23,-29.2285,128.1721,100,56.5,D
2019-12-23,-28.3106,129.3392,100,71.6,D
2019-12-23,-25.8137,130.0427,100,84.9,D
2019-12-23,-23.7346,132.1148,52,44.0,D
2019-12-23,-23.2442,124.3641,100,70.5,D
2019-12-23,-13.4507,133.4171,81,90.0,D
2019-12-23,-14.438,127.3893,95,62.7,D
2019-12-23,-34.9671,150.4231,90,18.9,N
2019-12-23,-35.1685,150.0287,96,23.1,N
2019-12-23,-19.785,143.4563,56,8.0,N
2019-12-23,-18.62,143.8077,65,5.3,N
2019-12-23,-15.6375,143.5627,100,70.5,N
2019-12-23,-15.5948,143.5957,50,10.3,N
2019-12-23,-18.0084,143.7134,81,7.2,N
2019-12-23,-18.2948,143.7689,100,48.2,N
2019-12-23,-17.6032,143.7111,86,9.8,N
2019-12-23,-16.0893,143.9783,80,9.2,N
2019-12-23,-16.6104,144.2471,64,5.7,N
2019-12-23,-16.5008,137.8082,100,27.9,N
2019-12-23,-13.5395,142.1836,61,3.9,N
2019-12-23,-28.3708,124.7041,100,82.9,N
2019-12-23,-28.3678,124.6594,100,186.9,N
2019-12-23,-12.2893,132.8445,85,27.2,N
2019-12-23,-16.5514,137.8552,100,37.2,N
2019-12-23,-17.0059,137.821,71,6.3,N
2019-12-23,-16.5219,137.8463,84,8.4,N
2019-12-24,-17.2728,142.9879,64,100.3,D
2019-12-24,-30.2531,150.2761,70,17.1,D
2019-12-24,-33.6393,150.3151,60,17.4,D
2019-12-24,-37.9368,141.5124,74,37.8,D
2019-12-24,-37.3244,148.47,72,13.2,D
2019-12-24,-37.5485,147.723,63,31.8,D
2019-12-24,-11.6406,131.1691,81,25.7,D
2019-12-24,-15.1698,132.3129,75,21.3,D
2019-12-24,-15.1947,132.3523,64,14.5,D
2019-12-24,-15.1359,132.35,62,22.7,D
2019-12-24,-15.1469,132.3592,86,35.9,D
2019-12-24,-15.3768,132.4115,59,14.3,D
2019-12-24,-16.6682,137.8465,100,347.4,D
2019-12-24,-21.0124,135.3964,75,48.4,D
2019-12-24,-25.8009,130.0642,88,31.6,D
2019-12-24,-25.8051,130.0694,88,24.2,D
2019-12-24,-23.6522,132.2028,82,36.6,D
2019-12-24,-38.0912,141.8228,87,38.9,D
2019-12-24,-32.8722,150.6411,54,47.2,D
2019-12-24,-18.9059,143.7553,100,147.1,D
2019-12-24,-21.1108,135.0911,55,38.2,D
2019-12-24,-18.6005,143.7358,79,29.2,D
2019-12-24,-17.3993,143.1998,100,104.8,D
2019-12-24,-17.2664,142.8895,100,257.1,D
2019-12-24,-16.7575,144.2716,50,33.0,D
2019-12-24,-16.8582,137.6122,57,13.4,D
2019-12-24,-16.6729,137.8337,100,149.7,D
2019-12-24,-18.0133,143.7105,85,38.6,D
2019-12-24,-15.8907,142.0861,89,47.8,D
2019-12-24,-16.6013,137.8273,59,11.2,D
2019-12-24,-15.0268,144.8767,79,62.3,D
2019-12-24,-16.4855,137.7934,59,14.2,D
2019-12-24,-14.894,143.9149,88,109.2,D
2019-12-24,-17.456,144.6874,67,33.6,D
2019-12-24,-17.9932,144.643,87,50.2,D
2019-12-24,-15.3511,144.6054,62,33.6,D
2019-12-24,-17.6678,144.8072,100,153.7,D
2019-12-24,-17.5957,143.7372,78,44.6,D
2019-12-24,-15.7126,143.0647,100,130.4,D
2019-12-24,-15.9541,143.9721,67,39.6,D
2019-12-24,-16.7652,144.2786,96,114.3,D
2019-12-24,-12.8787,136.3226,58,14.1,D
2019-12-24,-13.1128,143.1903,67,25.4,D
2019-12-24,-13.6333,132.3566,85,108.7,D
2019-12-24,-11.8601,133.4099,75,27.4,D
2019-12-24,-33.6837,123.6577,100,1206.8,D
2019-12-24,-27.8459,128.5376,87,238.8,D
2019-12-24,-32.0599,121.5735,79,25.5,D
2019-12-24,-28.851,128.7099,100,144.2,N
2019-12-24,-25.8207,129.8617,100,466.9,N
2019-12-24,-25.7679,129.7727,94,11.3,N
2019-12-24,-25.8375,129.8698,100,164.5,N
2019-12-24,-25.8223,129.8485,100,220.0,N
2019-12-24,-25.8462,129.8846,100,78.4,N
2019-12-24,-20.4088,134.51,79,6.3,N
2019-12-24,-16.5876,137.9027,73,22.2,N
2019-12-24,-12.1756,133.2919,57,4.7,N
2019-12-24,-21.4122,139.8849,100,121.1,N
2019-12-24,-31.3994,151.2451,81,16.2,N
2019-12-24,-14.3533,127.6305,76,6.7,N
2019-12-24,-20.5563,122.6952,100,162.6,N
2019-12-24,-25.7698,129.743,90,21.4,N
2019-12-24,-25.8081,129.7989,53,22.8,N
2019-12-24,-28.8288,128.71,96,25.1,N
2019-12-24,-28.8177,128.7115,71,10.8,N
2019-12-25,-13.1222,143.1484,75,23.1,D
2019-12-25,-16.472,137.7952,64,26.1,D
2019-12-25,-15.8174,142.9309,98,60.2,D
2019-12-25,-17.6569,144.8076,63,11.0,D
2019-12-25,-13.9572,135.5547,83,128.8,D
2019-12-25,-17.2134,142.9657,92,37.2,D
2019-12-25,-17.3183,143.1124,80,21.8,D
2019-12-25,-16.6061,137.8909,90,87.4,D
2019-12-25,-18.0837,145.5085,79,28.1,D
2019-12-25,-16.5625,137.8869,79,44.4,D
2019-12-25,-15.8399,143.3878,62,18.6,D
2019-12-25,-21.1792,148.1218,71,38.2,D
2019-12-25,-18.2939,143.7997,77,15.2,D
2019-12-25,-20.3828,134.5475,81,101.8,D
2019-12-25,-21.6831,133.8715,52,46.8,D
2019-12-25,-23.6411,132.2295,100,440.5,D
2019-12-25,-25.811,129.6603,95,475.3,D
2019-12-25,-37.9357,141.5117,59,12.2,D
2019-12-25,-14.239,129.9408,57,52.0,D
2019-12-25,-21.0092,116.5411,98,61.8,D
2019-12-25,-21.1902,118.619,69,13.1,D
2019-12-25,-27.8207,127.9868,68,113.9,D
2019-12-25,-32.3774,121.347,50,25.0,D
2019-12-25,-37.3418,148.4862,55,22.4,D
2019-12-25,-34.3138,150.4041,80,75.6,D
2019-12-25,-24.763,147.3205,65,105.9,D
2019-12-25,-17.6472,143.6675,95,323.1,D
2019-12-25,-16.0165,144.0154,71,79.6,D
2019-12-25,-13.5145,142.912,75,64.6,D
2019-12-25,-37.5474,147.5277,93,461.1,D
2019-12-25,-28.9004,128.7317,100,103.2,D
2019-12-25,-29.1681,128.1203,99,78.7,D
2019-12-25,-29.1079,128.1181,76,46.3,D
2019-12-25,-28.298,129.298,94,39.0,D
2019-12-25,-27.8248,127.9848,62,20.6,D
2019-12-25,-25.8467,129.7916,93,36.6,D
2019-12-25,-25.9011,129.7971,100,69.9,D
2019-12-25,-26.0212,128.4202,100,175.0,D
2019-12-25,-25.766,129.7823,100,188.9,D
2019-12-25,-21.0895,135.2069,56,57.5,D
2019-12-25,-20.5612,122.7018,54,34.5,D
2019-12-25,-17.2545,127.9278,94,40.3,D
2019-12-25,-13.4887,135.2716,89,151.0,D
2019-12-25,-13.3609,132.7093,72,26.3,D
2019-12-25,-13.9774,135.484,94,218.3,D
2019-12-25,-13.9379,135.5221,99,259.6,D
2019-12-25,-37.5298,147.6738,100,26.2,N
2019-12-25,-37.5102,147.9246,100,28.8,N
2019-12-25,-37.5405,147.581,100,55.0,N
2019-12-25,-32.8644,150.6356,94,15.9,N
2019-12-25,-34.2412,150.2958,84,11.1,N
2019-12-25,-32.7766,150.7927,51,5.6,N
2019-12-25,-34.199,149.9552,81,11.9,N
2019-12-25,-33.517,150.2128,59,12.7,N
2019-12-25,-34.187,149.9803,66,7.7,N
2019-12-25,-24.7597,147.3161,93,11.1,N
2019-12-25,-24.6064,146.7758,100,60.7,N
2019-12-25,-18.2813,143.8169,100,16.8,N
2019-12-25,-17.2627,143.8889,89,10.7,N
2019-12-25,-15.3789,144.1706,100,15.7,N
2019-12-25,-15.0184,143.9855,100,20.1,N
2019-12-25,-17.1826,142.9593,100,18.7,N
2019-12-25,-17.1603,142.883,71,8.1,N
2019-12-25,-15.6402,144.6707,78,7.9,N
2019-12-25,-13.5454,142.8033,59,8.7,N
2019-12-25,-35.0413,150.4879,97,86.0,N
2019-12-25,-28.7545,128.682,93,28.8,N
2019-12-25,-25.7523,129.8118,90,26.3,N
2019-12-25,-13.4755,142.8285,84,10.0,N
2019-12-25,-15.0227,143.984,95,18.3,N
2019-12-25,-17.1826,142.9957,82,10.0,N
2019-12-25,-16.448,137.7887,100,38.1,N
2019-12-25,-16.5508,137.9112,92,16.3,N
2019-12-25,-17.8207,142.7995,82,9.4,N
2019-12-25,-28.857,128.7092,66,22.7,N
2019-12-25,-23.1685,117.0308,100,33.0,N
2019-12-25,-32.734,151.0099,69,21.8,D
2019-12-25,-33.0675,149.9634,64,27.4,D
2019-12-25,-34.1934,149.9874,78,28.3,D
2019-12-25,-35.0529,150.4907,100,1308.8,D
2019-12-25,-35.5849,150.001,80,27.5,D
2019-12-26,-12.153,133.304,77,19.3,D
2019-12-26,-12.3761,132.2766,61,13.4,D
2019-12-26,-13.4622,135.3443,69,12.0,D
2019-12-26,-13.622,132.5947,73,17.9,D
2019-12-26,-15.9785,132.5228,71,10.8,D
2019-12-26,-16.9752,137.8124,65,25.6,D
2019-12-26,-16.5184,137.9032,67,41.9,D
2019-12-26,-16.5568,137.9303,97,136.4,D
2019-12-26,-15.8186,143.4081,60,74.1,D
2019-12-26,-16.4082,137.7503,66,31.5,D
2019-12-26,-21.297,140.8618,89,203.8,D
2019-12-26,-20.9894,135.158,100,131.8,D
2019-12-26,-23.8725,127.7002,82,30.2,D
2019-12-26,-25.9161,129.8293,89,28.4,D
2019-12-26,-28.7321,128.6711,91,34.9,D
2019-12-26,-27.757,128.4023,85,25.5,D
2019-12-26,-29.1654,128.0943,93,46.5,D
2019-12-26,-28.8248,128.7333,96,47.8,D
2019-12-26,-37.2154,148.4948,52,15.3,D
2019-12-26,-35.5133,149.8936,86,35.1,D
2019-12-26,-37.5694,147.7264,84,21.9,D
2019-12-26,-37.5661,147.6202,100,74.5,D
2019-12-26,-37.4782,147.7804,62,17.3,D
2019-12-26,-37.5398,147.6776,95,52.7,D
2019-12-26,-35.6076,150.0066,69,16.1,D
2019-12-26,-35.0463,150.4595,100,119.5,D
2019-12-26,-34.9593,150.4315,81,38.5,D
2019-12-26,-34.3614,150.4923,54,20.7,D
2019-12-26,-32.7374,150.9971,68,31.7,D
2019-12-26,-32.7728,150.8625,95,93.0,D
2019-12-26,-32.6942,150.7889,52,25.6,D
2019-12-26,-35.0274,150.1547,99,94.6,D
2019-12-26,-35.159,150.0522,50,11.7,D
2019-12-26,-30.5081,150.899,100,184.2,D
2019-12-26,-20.9651,135.1641,100,388.1,D
2019-12-26,-21.3332,139.8448,100,214.6,D
2019-12-26,-20.2131,144.0764,92,29.7,D
2019-12-26,-20.8107,136.8785,100,712.0,D
2019-12-26,-20.9588,135.0834,64,158.2,D
2019-12-26,-18.6053,143.8138,77,14.5,D
2019-12-26,-21.3536,139.8478,100,117.9,D
2019-12-26,-18.4962,143.8697,80,27.2,D
2019-12-26,-16.418,137.7637,69,28.3,D
2019-12-26,-17.6945,143.3747,97,50.5,D
2019-12-26,-16.5288,144.0949,65,18.4,D
2019-12-26,-16.979,137.852,91,73.6,D
2019-12-26,-16.7077,137.9265,89,71.9,D
2019-12-26,-16.6112,137.9632,100,209.7,D
2019-12-26,-15.8102,143.4326,100,125.3,D
2019-12-26,-15.7748,143.4169,94,322.8,D
2019-12-26,-16.7018,135.7751,70,39.8,D
2019-12-26,-15.6584,143.5113,100,87.5,D
2019-12-26,-15.6239,143.5099,68,38.2,D
2019-12-26,-15.7873,141.8832,67,12.8,D
2019-12-26,-15.0267,143.9681,84,25.3,D
2019-12-26,-14.973,143.9115,77,16.7,D
2019-12-26,-14.5213,142.808,74,29.7,D
2019-12-26,-13.9423,135.5787,69,34.8,D
2019-12-26,-12.7899,136.3774,73,33.3,D
2019-12-26,-12.5089,135.0713,83,72.7,D
2019-12-26,-32.3586,123.2318,91,35.1,D
2019-12-26,-33.1877,123.6964,100,576.4,D
2019-12-26,-32.4285,123.1955,100,629.4,D
2019-12-26,-32.6937,121.1213,75,129.4,D
2019-12-26,-30.7971,123.5122,100,115.1,D
2019-12-26,-27.7811,128.4113,93,174.3,D
2019-12-26,-28.335,129.2887,51,114.7,D
2019-12-26,-27.7727,128.3824,100,285.1,D
2019-12-26,-24.2796,129.5695,64,74.8,D
2019-12-26,-20.0026,126.8257,70,136.3,D
2019-12-26,-37.5417,147.6953,87,94.0,N
2019-12-26,-21.4176,140.8114,62,12.8,N
2019-12-26,-20.8899,135.0808,100,12.6,N
2019-12-26,-14.0142,132.7273,76,7.7,N
2019-12-26,-14.933,132.0316,60,7.1,N
2019-12-26,-32.667,150.2451,64,7.5,N
2019-12-26,-33.1382,150.2595,99,17.2,N
2019-12-26,-30.2474,150.2682,53,6.1,N
2019-12-26,-32.6145,150.6444,100,18.5,N
2019-12-26,-32.6616,150.7775,100,39.4,N
2019-12-26,-32.7725,150.0903,89,12.5,N
2019-12-26,-34.242,149.9385,75,10.4,N
2019-12-26,-35.0486,150.1005,53,9.2,N
2019-12-26,-37.5548,147.7208,100,21.5,N
2019-12-26,-37.5425,147.6936,100,52.6,N
2019-12-26,-37.4825,147.8954,76,10.8,N
2019-12-26,-33.9228,122.1442,100,3489.9,N
2019-12-26,-30.7163,123.6095,75,109.9,N
2019-12-26,-12.3922,132.9509,78,9.6,N
2019-12-26,-14.1977,132.5832,88,10.3,N
2019-12-26,-21.3627,139.8543,84,77.6,N
2019-12-26,-28.274,121.9219,92,38.9,N
2019-12-26,-33.9383,122.1512,100,34.8,N
2019-12-27,-21.3326,140.8665,82,42.1,D
2019-12-27,-20.8993,136.8054,92,206.6,D
2019-12-27,-20.895,135.0399,81,190.9,D
2019-12-27,-37.5818,147.9873,75,75.1,D
2019-12-27,-35.227,149.9853,76,77.5,D
2019-12-27,-14.2055,132.5896,54,85.1,D
2019-12-27,-23.8424,129.549,85,135.0,D
2019-12-27,-27.7087,128.2654,100,627.9,D
2019-12-27,-27.7728,128.495,64,153.9,D
2019-12-27,-30.7804,123.574,100,511.3,D
2019-12-27,-28.7787,128.722,80,102.2,D
2019-12-27,-30.7482,123.6005,100,823.1,D
2019-12-27,-27.7236,128.2572,100,312.5,D
2019-12-27,-35.0153,150.0946,96,331.0,D
2019-12-27,-37.6138,147.963,70,111.7,D
2019-12-27,-31.7873,151.8133,98,245.1,D
2019-12-27,-31.4674,151.3164,79,112.1,D
2019-12-27,-33.2156,150.1088,100,530.6,D
2019-12-27,-25.1148,147.5676,76,120.3,D
2019-12-27,-24.6395,146.7339,60,88.5,D
2019-12-27,-37.5173,147.5425,80,110.8,D
2019-12-27,-30.7719,123.4644,85,200.5,D
2019-12-27,-30.7448,123.587,66,332.5,D
2019-12-27,-27.9903,127.3278,99,162.8,D
2019-12-27,-28.8957,128.7644,100,168.6,D
2019-12-27,-28.6867,128.6893,94,340.5,D
2019-12-27,-24.4763,125.8546,81,52.4,D
2019-12-27,-23.8397,129.5372,57,28.8,D
2019-12-27,-22.0412,126.8868,57,27.4,D
2019-12-27,-21.6661,127.2157,98,104.9,D
2019-12-27,-22.5186,128.2245,66,39.5,D
2019-12-27,-18.1992,123.5291,86,127.8,D
2019-12-27,-16.5801,137.9431,69,36.4,D
2019-12-27,-16.5784,137.9581,74,50.1,D
2019-12-27,-16.3987,137.7083,72,42.6,D
2019-12-27,-15.781,134.8738,100,444.7,D
2019-12-27,-14.9307,132.0202,80,17.5,D
2019-12-27,-14.2177,132.606,62,17.5,D
2019-12-27,-34.3822,118.238,100,481.0,D
2019-12-27,-35.0208,150.4535,76,20.1,N
2019-12-27,-35.2474,150.3598,66,11.5,N
2019-12-27,-34.914,150.1742,100,323.9,N
2019-12-27,-37.5807,147.9658,66,40.7,N
2019-12-27,-34.8885,150.2015,100,31.4,N
2019-12-27,-32.6621,150.7858,84,14.8,N
2019-12-27,-32.701,150.1407,100,42.3,N
2019-12-27,-32.562,150.512,82,9.9,N
2019-12-27,-33.8917,150.0502,100,41.9,N
2019-12-27,-32.1389,151.3444,100,24.7,N
2019-12-27,-31.4603,151.3382,78,9.8,N
2019-12-27,-31.4486,152.0787,81,10.9,N
2019-12-27,-34.2848,150.4106,100,24.8,N
2019-12-27,-34.2518,149.9322,81,12.9,N
2019-12-27,-33.8378,150.0897,97,19.1,N
2019-12-27,-33.6677,150.3805,91,16.4,N
2019-12-27,-33.7645,150.0213,100,64.8,N
2019-12-27,-33.1995,150.1562,92,14.8,N
2019-12-27,-32.7938,150.7693,64,6.3,N
2019-12-27,-29.3187,151.9948,57,7.8,N
2019-12-27,-24.8823,149.4473,100,17.6,N
2019-12-27,-21.3645,140.8198,86,39.0,N
2019-12-27,-32.6712,121.0973,52,12.5,N
2019-12-27,-29.0543,128.1385,96,0.0,N
2019-12-27,-21.3681,118.5215,68,40.8,N
2019-12-27,-18.3433,123.162,74,6.9,N
2019-12-27,-19.4146,138.6392,87,14.0,N
2019-12-27,-21.3689,140.8089,100,61.2,N
2019-12-27,-32.5638,150.2497,55,37.4,N
2019-12-27,-37.585,147.978,87,54.5,N
2019-12-27,-29.4022,152.12,86,71.9,D
2019-12-27,-33.776,150.0396,59,52.8,D
2019-12-27,-34.2552,150.2942,72,39.2,D
2019-12-27,-34.8916,150.216,96,121.4,D
2019-12-27,-35.5966,150.0113,73,42.0,D
2019-12-27,-34.9218,150.189,81,76.4,D
2019-12-28,-18.1858,141.2654,65,17.3,D
2019-12-28,-19.419,138.6213,85,33.5,D
2019-12-28,-22.0366,126.8806,81,59.4,D
2019-12-28,-23.6636,128.5064,81,51.1,D
2019-12-28,-20.5248,127.0443,74,94.1,D
2019-12-28,-28.1246,129.7756,88,31.8,D
2019-12-28,-24.7507,128.5516,100,392.2,D
2019-12-28,-25.4756,128.3502,79,25.8,D
2019-12-28,-25.8204,129.8815,100,80.1,D
2019-12-28,-27.7008,128.2252,100,808.3,D
2019-12-28,-28.6199,128.625,72,23.2,D
2019-12-28,-27.9488,122.8311,94,302.4,D
2019-12-28,-28.3174,129.1811,75,99.8,D
2019-12-28,-28.6465,128.5289,100,159.0,D
2019-12-28,-22.6896,116.6713,63,69.0,D
2019-12-28,-34.297,117.9658,83,334.6,D
2019-12-28,-35.5829,149.9763,97,56.7,D
2019-12-28,-35.2016,150.0054,53,13.8,D
2019-12-28,-34.9134,150.15,66,23.8,D
2019-12-28,-35.3145,147.8785,60,12.8,D
2019-12-28,-35.6084,149.9933,100,84.2,D
2019-12-28,-35.3284,147.8445,100,90.6,D
2019-12-28,-35.5648,149.9724,82,27.2,D
2019-12-28,-32.3713,152.3486,83,45.4,D
2019-12-28,-33.5832,150.5525,54,16.8,D
2019-12-28,-32.7378,150.9056,88,40.4,D
2019-12-28,-31.3662,151.3506,96,66.3,D
2019-12-28,-34.2238,150.3974,76,16.9,D
2019-12-28,-34.2188,150.306,87,31.7,D
2019-12-28,-33.2255,150.9596,100,92.9,D
2019-12-28,-33.0428,149.988,58,23.7,D
2019-12-28,-32.5671,150.5115,82,26.4,D
2019-12-28,-32.5709,150.2417,98,69.8,D
2019-12-28,-31.6189,151.1944,82,38.2,D
2019-12-28,-33.2181,150.9466,82,25.9,D
2019-12-28,-33.1467,150.2126,91,38.3,D
2019-12-28,-32.7588,150.8696,91,49.7,D
2019-12-28,-33.8791,150.4892,61,15.2,D
2019-12-28,-32.7407,150.9237,94,51.3,D
2019-12-28,-33.777,150.1277,78,46.6,D
2019-12-28,-32.7361,150.9169,76,25.7,D
2019-12-28,-33.0173,149.9716,57,24.4,D
2019-12-28,-34.3527,150.5222,100,206.7,D
2019-12-28,-33.8106,150.1407,83,29.6,D
2019-12-28,-32.7081,150.1871,100,111.4,D
2019-12-28,-30.5241,150.9103,94,46.8,D
2019-12-28,-26.1882,146.6968,85,16.5,D
2019-12-28,-19.1151,145.9863,81,26.1,D
2019-12-28,-19.6681,144.9901,74,24.1,D
2019-12-28,-14.8957,134.3128,80,68.5,D
2019-12-28,-34.4076,118.2106,83,69.9,D
2019-12-28,-34.3385,118.2108,50,39.7,D
2019-12-28,-32.3383,121.3064,100,192.1,D
2019-12-28,-28.4108,129.2506,52,100.6,D
2019-12-28,-29.1906,128.0362,89,44.7,D
2019-12-28,-29.1386,128.1854,91,43.5,D
2019-12-28,-30.6735,123.472,89,32.7,D
2019-12-28,-28.6187,128.5048,94,79.9,D
2019-12-28,-27.6376,126.2654,94,34.1,D
2019-12-28,-26.7921,125.4179,96,36.5,D
2019-12-28,-24.622,128.294,90,119.8,D
2019-12-28,-22.0619,126.8586,69,39.4,D
2019-12-28,-21.5638,127.1188,100,143.8,D
2019-12-28,-21.6441,125.44,100,123.2,D
2019-12-28,-20.4389,122.2325,98,49.5,D
2019-12-28,-15.8727,126.107,66,68.1,D
2019-12-28,-34.9877,150.1819,53,55.4,N
2019-12-28,-34.2175,149.9778,100,482.1,N
2019-12-28,-34.3532,150.5155,75,30.2,N
2019-12-28,-33.8359,150.0299,86,62.1,N
2019-12-28,-33.2058,150.0355,100,73.1,N
2019-12-28,-31.6304,151.1165,69,35.6,N
2019-12-28,-33.1471,150.2041,52,29.1,N
2019-12-28,-21.3267,140.8201,82,10.1,N
2019-12-28,-19.6093,144.4954,93,31.9,N
2019-12-28,-30.5209,150.9085,97,20.4,N
2019-12-28,-31.3841,151.2108,67,9.0,N
2019-12-28,-32.6051,150.6509,79,13.4,N
2019-12-28,-32.5668,150.2388,100,33.4,N
2019-12-28,-32.6954,150.2155,90,26.0,N
2019-12-28,-34.2556,149.9513,92,17.6,N
2019-12-28,-33.1475,150.2053,58,14.3,N
2019-12-28,-33.568,150.5553,86,12.9,N
2019-12-28,-33.8562,150.0763,100,38.5,N
2019-12-28,-33.8269,150.0818,100,26.7,N
2019-12-28,-34.2672,150.1947,69,8.0,N
2019-12-28,-32.6051,150.4,68,17.7,N
2019-12-28,-33.7738,150.0233,100,50.2,N
2019-12-28,-33.8992,150.0922,83,12.7,N
2019-12-28,-33.1942,150.1207,82,19.6,N
2019-12-28,-34.951,150.1755,93,50.7,N
2019-12-28,-34.9198,149.9702,61,8.4,N
2019-12-28,-34.9447,150.1384,91,14.2,N
2019-12-28,-35.5273,149.9227,100,47.2,N
2019-12-28,-34.3195,118.2087,100,24.0,N
2019-12-28,-31.2112,121.0702,71,8.4,N
2019-12-28,-19.372,138.6742,60,18.2,N
2019-12-28,-25.3116,130.0808,100,106.5,N
2019-12-28,-25.3372,130.066,73,5.9,N
2019-12-28,-29.1864,128.0201,84,10.2,N
2019-12-28,-28.635,128.7345,76,7.3,N
2019-12-29,-21.3311,140.824,58,45.9,D
2019-12-29,-31.6049,151.2467,79,48.7,D
2019-12-29,-32.6949,150.1743,82,51.3,D
2019-12-29,-32.6618,150.808,67,29.0,D
2019-12-29,-33.004,150.0207,85,44.2,D
2019-12-29,-33.7448,149.9811,64,30.2,D
2019-12-29,-35.2474,150.0167,82,26.8,D
2019-12-29,-33.8393,150.0596,81,45.9,D
2019-12-29,-33.2281,150.0551,83,31.4,D
2019-12-29,-37.5011,147.5695,100,186.7,D
2019-12-29,-24.7006,127.2123,78,21.1,D
2019-12-29,-24.7054,127.2531,91,51.0,D
2019-12-29,-23.1626,129.6972,83,64.6,D
2019-12-29,-24.6628,128.2872,94,777.1,D
2019-12-29,-24.7629,127.2871,100,814.7,D
2019-12-29,-28.4115,129.1956,100,264.6,D
2019-12-29,-28.6349,128.5724,50,21.2,D
2019-12-29,-27.78,128.6017,81,47.3,D
2019-12-29,-27.7289,128.1284,100,137.9,D
2019-12-29,-25.2973,130.0138,70,32.5,D
2019-12-29,-26.4825,125.7465,89,30.3,D
2019-12-29,-27.2465,125.844,98,68.7,D
2019-12-29,-28.8012,128.8025,98,144.9,D
2019-12-29,-30.7921,123.4455,100,193.4,D
2019-12-29,-29.211,128.1107,97,112.2,D
2019-12-29,-32.009,121.5092,65,17.7,D
2019-12-29,-34.4479,118.1353,80,32.7,D
2019-12-29,-34.4283,118.1595,92,40.7,D
2019-12-29,-34.4426,118.1618,100,790.9,D
2019-12-29,-30.5224,150.8954,61,93.1,D
2019-12-29,-31.3978,151.7564,100,787.6,D
2019-12-29,-29.408,152.1184,67,104.6,D
2019-12-29,-37.5236,147.6301,91,109.2,D
2019-12-29,-29.0859,131.3356,100,169.6,D
2019-12-29,-29.1199,128.1895,97,224.5,D
2019-12-29,-28.8306,128.8009,80,221.9,D
2019-12-29,-29.0984,128.2743,57,98.8,D
2019-12-29,-28.5385,128.5158,55,53.6,D
2019-12-29,-27.8578,131.8752,61,88.6,D
2019-12-29,-26.4826,125.7635,93,262.3,D
2019-12-29,-28.3945,129.1945,87,149.5,D
2019-12-29,-24.6429,128.3059,81,100.7,D
2019-12-29,-19.6237,144.4808,66,105.2,D
2019-12-29,-16.6764,137.4669,99,77.2,D
2019-12-29,-12.7631,136.3215,83,26.8,D
2019-12-29,-32.641,121.1766,87,128.8,D
2019-12-29,-31.958,121.3921,76,135.9,D
2019-12-29,-34.3295,118.213,100,343.6,D
2019-12-29,-31.9417,121.3948,100,369.6,D
2019-12-29,-33.1945,123.7293,100,2107.2,D
2019-12-29,-31.2025,121.0671,100,204.1,D
2019-12-29,-32.7198,121.1115,97,176.4,D
2019-12-29,-31.6432,119.7094,100,261.5,D
2019-12-29,-32.3345,121.3048,100,505.8,D
2019-12-29,-32.3659,121.3463,51,56.2,D
2019-12-29,-32.5145,122.024,100,1160.1,D
2019-12-29,-31.9467,121.3714,81,147.4,D
2019-12-29,-32.2256,121.3711,100,282.0,D
2019-12-29,-30.8921,123.5227,94,243.2,D
2019-12-29,-32.6811,121.1702,70,182.3,D
2019-12-29,-30.8529,123.5057,100,2051.7,D
2019-12-29,-31.9756,121.4296,91,102.0,D
2019-12-29,-34.3432,118.2946,81,47.2,D
2019-12-29,-34.3455,118.1638,100,101.4,D
2019-12-29,-33.1895,123.7571,100,936.2,D
2019-12-29,-32.9464,123.6564,100,458.2,D
2019-12-29,-34.3379,118.3238,90,49.7,D
2019-12-29,-32.697,121.2219,100,219.4,D
2019-12-29,-37.4721,147.869,100,141.5,N
2019-12-29,-37.5471,147.8799,100,74.1,N
2019-12-29,-35.3577,147.8638,92,45.0,N
2019-12-29,-35.5216,149.8936,83,35.4,N
2019-12-29,-37.1815,148.5397,52,30.4,N
2019-12-29,-32.5996,150.4465,66,9.4,N
2019-12-29,-33.1863,150.0268,99,31.8,N
2019-12-29,-33.1896,150.1262,100,47.5,N
2019-12-29,-31.7833,151.8542,93,16.8,N
2019-12-29,-31.3561,151.694,100,100.1,N
2019-12-29,-32.5732,150.5901,100,139.0,N
2019-12-29,-31.4159,151.7878,100,274.9,N
2019-12-29,-32.587,150.461,62,16.2,N
2019-12-29,-31.3546,151.7067,100,310.4,N
2019-12-29,-31.3895,151.9265,93,16.4,N
2019-12-29,-31.389,151.7573,100,122.9,N
2019-12-29,-32.7527,151.0553,71,18.3,N
2019-12-29,-32.62,150.2571,93,21.5,N
2019-12-29,-29.4835,152.5639,70,11.3,N
2019-12-29,-31.9423,121.4111,100,130.0,N
2019-12-29,-31.937,121.4664,84,99.6,N
2019-12-29,-32.2144,121.3571,65,30.5,N
2019-12-29,-30.8867,123.5349,84,22.1,N
2019-12-29,-31.9546,121.6172,91,56.7,N
2019-12-29,-30.8954,123.5779,100,1187.9,N
2019-12-29,-30.7725,123.6615,72,22.2,N
2019-12-29,-31.9393,121.4363,81,103.2,N
2019-12-29,-30.8633,123.7549,100,50.3,N
2019-12-29,-30.8322,123.6896,83,18.1,N
2019-12-29,-30.8199,123.6881,100,43.0,N
2019-12-29,-31.6271,119.7235,100,112.4,N
2019-12-29,-28.8921,128.8771,72,9.7,N
2019-12-29,-28.8778,128.9811,81,7.4,N
2019-12-29,-28.9314,128.7832,100,76.6,N
2019-12-29,-29.0112,128.253,58,13.2,N
2019-12-29,-28.7536,128.8785,100,18.7,N
2019-12-29,-28.9025,128.9279,76,12.4,N
2019-12-29,-27.9448,128.4781,100,63.6,N
2019-12-29,-28.8796,128.8321,100,90.7,N
2019-12-29,-28.8653,128.9363,100,19.2,N
2019-12-29,-28.6122,128.4979,100,16.0,N
2019-12-29,-25.8173,127.9989,63,7.2,N
2019-12-29,-28.7217,128.781,100,19.1,N
2019-12-29,-28.3733,129.4343,57,7.4,N
2019-12-29,-27.9276,128.48,100,81.5,N
2019-12-29,-18.1682,144.083,63,5.6,N
2019-12-29,-31.4055,151.7719,99,93.2,N
2019-12-29,-32.6928,150.1736,76,30.4,N
2019-12-29,-33.9855,142.2191,100,25.3,N
2019-12-29,-32.6877,150.1227,100,53.5,N
2019-12-29,-37.6441,149.4647,54,38.2,N
2019-12-29,-37.7575,149.4656,98,0.0,N
2019-12-29,-35.3602,147.8675,100,79.8,N
2019-12-29,-37.541,147.8661,95,30.9,N
2019-12-29,-37.524,147.6306,100,330.0,N
2019-12-29,-35.8964,147.5644,55,9.7,N
2019-12-29,-37.6907,149.3822,100,3336.1,N
2019-12-29,-37.6624,149.3596,100,164.9,N
2019-12-29,-37.5364,147.8908,100,65.9,N
2019-12-29,-35.5402,149.8885,100,563.5,N
2019-12-29,-24.7785,127.3851,69,19.7,N
2019-12-29,-29.0949,128.3585,100,531.2,N
2019-12-29,-29.0535,128.3991,100,105.3,N
2019-12-29,-31.6423,151.106,70,76.2,D
2019-12-29,-34.2605,149.9869,61,111.6,D
2019-12-29,-36.1483,149.5449,74,86.5,D
2019-12-29,-37.5725,147.9422,54,36.6,D
2019-12-29,-37.1154,148.1969,100,596.5,D
2019-12-29,-37.6077,149.4507,100,665.7,D
2019-12-29,-37.55,147.9785,90,167.0,D
2019-12-29,-37.3423,147.5737,71,69.3,D
2019-12-29,-37.6072,147.9558,85,109.8,D
2019-12-30,-19.3854,138.7046,89,34.9,D
2019-12-30,-16.6785,135.8407,100,518.4,D
2019-12-30,-24.7426,127.3652,87,177.3,D
2019-12-30,-27.8156,128.6577,93,152.4,D
2019-12-30,-28.7841,128.6512,57,24.6,D
2019-12-30,-27.9357,128.5203,71,49.1,D
2019-12-30,-27.9969,131.5037,82,39.6,D
2019-12-30,-31.1183,132.6967,94,57.4,D
2019-12-30,-30.2309,132.7276,97,69.8,D
2019-12-30,-31.1256,132.6642,99,75.6,D
2019-12-30,-36.6037,140.0445,75,190.7,D
2019-12-30,-22.7543,119.4965,69,29.4,D
2019-12-30,-34.3855,118.0794,92,235.6,D
2019-12-30,-37.7099,149.3249,86,90.2,D
2019-12-30,-34.2801,150.2603,100,215.3,D
2019-12-30,-34.2897,150.262,100,152.6,D
2019-12-30,-34.2866,150.2867,100,116.7,D
2019-12-30,-35.0494,150.1028,74,41.0,D
2019-12-30,-36.1399,149.5311,94,723.1,D
2019-12-30,-35.2616,150.0217,87,123.8,D
2019-12-30,-37.3883,147.5663,60,43.4,D
2019-12-30,-34.2706,150.2586,100,101.4,D
2019-12-30,-37.0955,148.1223,100,924.7,D
2019-12-30,-37.1786,148.5354,98,114.8,D
2019-12-30,-37.6847,145.1065,58,36.9,D
2019-12-30,-35.2845,147.861,100,197.7,D
2019-12-30,-35.3414,147.8524,100,191.2,D
2019-12-30,-35.0677,150.4693,51,19.8,D
2019-12-30,-35.0097,150.0902,100,129.4,D
2019-12-30,-37.3536,147.5621,97,134.1,D
2019-12-30,-33.7892,150.1115,92,51.4,D
2019-12-30,-37.4001,147.5368,95,118.4,D
2019-12-30,-37.0594,148.1448,100,434.3,D
2019-12-30,-36.8352,148.3425,69,21.7,D
2019-12-30,-34.9401,150.4966,52,16.8,D
2019-12-30,-35.3432,147.835,100,178.5,D
2019-12-30,-34.2421,150.3845,100,204.4,D
2019-12-30,-31.6035,152.1298,81,37.8,D
2019-12-30,-31.4574,152.1157,94,51.2,D
2019-12-30,-32.6897,150.8429,100,125.6,D
2019-12-30,-33.2308,150.98,81,22.5,D
2019-12-30,-32.7108,150.1154,89,46.1,D
2019-12-30,-31.6225,151.1371,91,41.6,D
2019-12-30,-31.623,152.1229,89,38.0,D
2019-12-30,-32.71,150.9036,76,21.3,D
2019-12-30,-32.5656,150.239,92,50.8,D
2019-12-30,-32.6889,150.1354,81,30.9,D
2019-12-30,-31.6321,152.1247,58,18.3,D
2019-12-30,-31.6215,152.1334,63,20.1,D
2019-12-30,-33.0229,150.0005,91,42.9,D
2019-12-30,-30.7492,152.0553,77,21.8,D
2019-12-30,-29.325,151.9871,100,74.0,D
2019-12-30,-29.4707,152.5506,58,20.8,D
2019-12-30,-24.8753,147.78,100,213.7,D
2019-12-30,-19.8887,144.5381,60,39.2,D
2019-12-30,-16.7163,137.4495,77,130.3,D
2019-12-30,-35.804,136.7574,100,983.9,D
2019-12-30,-32.0571,135.8168,100,1361.9,D
2019-12-30,-33.3268,136.9692,100,546.6,D
2019-12-30,-33.291,136.9833,100,1217.1,D
2019-12-30,-33.2714,136.9508,100,3622.6,D
2019-12-30,-31.4078,134.4759,92,117.4,D
2019-12-30,-32.7343,121.1588,100,849.6,D
2019-12-30,-31.117,132.6582,75,26.8,D
2019-12-30,-32.7171,121.0277,100,349.7,D
2019-12-30,-30.2357,132.7253,82,48.9,D
2019-12-30,-30.7053,132.9943,94,104.3,D
2019-12-30,-32.3782,123.4572,95,74.9,D
2019-12-30,-31.1503,132.9033,100,322.9,D
2019-12-30,-30.6824,132.9883,95,113.8,D
2019-12-30,-29.0769,128.3564,94,37.4,D
2019-12-30,-28.3391,129.2289,87,25.7,D
2019-12-30,-27.8762,128.6077,99,60.2,D
2019-12-30,-26.6836,124.076,95,36.1,D
2019-12-30,-27.7039,129.9013,96,57.4,D
2019-12-30,-28.8834,128.8399,93,39.9,D
2019-12-30,-28.8852,128.8287,59,20.5,D
2019-12-30,-28.4754,128.5618,84,21.7,D
2019-12-30,-25.6705,131.679,69,50.1,D
2019-12-30,-25.779,131.7294,77,55.5,D
2019-12-30,-27.9711,131.5635,94,78.3,D
2019-12-30,-27.9282,131.9891,93,79.5,D
2019-12-30,-27.8709,131.9862,81,55.4,D
2019-12-30,-24.5794,128.4612,82,35.4,D
2019-12-30,-24.7484,127.4619,77,21.2,D
2019-12-30,-23.9706,129.2268,80,28.1,D
2019-12-30,-37.6858,148.1406,100,0.0,N
2019-12-30,-37.4089,148.1371,100,228.5,N
2019-12-30,-37.0584,148.1973,100,28.7,N
2019-12-30,-37.5444,148.4397,100,0.0,N
2019-12-30,-37.6555,148.1136,100,0.0,N
2019-12-30,-37.3627,147.6289,100,44.7,N
2019-12-30,-37.5757,148.308,100,0.0,N
2019-12-30,-37.5244,148.1746,100,80.7,N
2019-12-30,-37.3664,148.0078,100,153.3,N
2019-12-30,-37.2488,148.6662,100,84.2,N
2019-12-30,-37.2937,148.5734,100,134.3,N
2019-12-30,-37.7072,148.2473,100,0.0,N
2019-12-30,-37.4387,148.1324,100,81.4,N
2019-12-30,-37.4499,148.1227,100,69.9,N
2019-12-30,-37.2224,148.2655,100,77.3,N
2019-12-30,-37.4429,148.2861,100,0.0,N
2019-12-30,-37.4708,148.325,100,0.0,N
2019-12-30,-37.5075,148.3986,100,0.0,N
2019-12-30,-37.5944,148.3127,100,0.0,N
2019-12-30,-37.5086,148.272,100,0.0,N
2019-12-30,-37.4974,148.2816,100,0.0,N
2019-12-30,-37.4222,148.1151,100,59.1,N
2019-12-30,-37.5341,148.3543,100,0.0,N
2019-12-30,-37.5831,149.4822,100,27.3,N
2019-12-30,-37.1174,148.2832,92,63.7,N
2019-12-30,-37.1858,148.1611,100,135.5,N
2019-12-30,-37.1798,148.524,100,25.1,N
2019-12-30,-37.538,148.3301,100,0.0,N
2019-12-30,-37.375,148.3445,100,13.1,N
2019-12-30,-37.5516,148.0058,100,27.4,N
2019-12-30,-37.2524,148.2608,73,6.4,N
2019-12-30,-37.6332,148.1327,100,0.0,N
2019-12-30,-37.4834,148.1891,96,0.0,N
2019-12-30,-37.4808,148.2641,100,0.0,N
2019-12-30,-37.3341,148.591,100,0.0,N
2019-12-30,-37.6686,148.0919,100,0.0,N
2019-12-30,-37.4828,148.4302,90,0.0,N
2019-12-30,-37.6273,148.1692,100,0.0,N
2019-12-30,-37.3912,148.2458,100,1002.0,N
2019-12-30,-37.5154,148.3496,100,0.0,N
2019-12-30,-37.5578,148.4174,100,0.0,N
2019-12-30,-37.6361,148.2346,92,0.0,N
2019-12-30,-37.5811,148.3347,100,0.0,N
2019-12-30,-37.5961,148.1234,100,13.3,N
2019-12-30,-37.5947,148.0726,100,109.2,N
2019-12-30,-37.4645,148.152,100,0.0,N
2019-12-30,-37.5293,148.2643,100,0.0,N
2019-12-30,-37.6037,148.3149,100,0.0,N
2019-12-30,-37.4861,148.2911,100,0.0,N
2019-12-30,-37.4828,148.252,100,0.0,N
2019-12-30,-37.3922,148.4774,90,7.2,N
2019-12-30,-37.2384,148.6102,100,101.2,N
2019-12-30,-37.7564,148.2154,100,17.3,N
2019-12-30,-37.2148,148.4312,87,7.5,N
2019-12-30,-37.3373,148.5133,53,12.9,N
2019-12-30,-37.3853,148.2819,100,27.3,N
2019-12-30,-37.3861,148.5144,100,282.5,N
2019-12-30,-37.3799,148.2557,100,63.4,N
2019-12-30,-37.3167,148.5533,100,36.4,N
2019-12-30,-37.5047,148.2959,100,0.0,N
2019-12-30,-37.2843,148.571,100,117.1,N
2019-12-30,-37.3441,148.0268,100,35.6,N
2019-12-30,-37.3045,147.9974,100,278.4,N
2019-12-30,-37.1681,148.2706,100,51.0,N
2019-12-30,-37.1227,148.1324,100,939.6,N
2019-12-30,-37.0638,148.2236,100,40.8,N
2019-12-30,-37.3992,148.1039,100,23.1,N
2019-12-30,-37.6019,148.0872,100,102.1,N
2019-12-30,-37.3104,148.5915,100,236.9,N
2019-12-30,-37.4494,148.3959,100,37.6,N
2019-12-30,-37.4625,148.1645,100,0.0,N
2019-12-30,-37.4347,148.1571,100,118.7,N
2019-12-30,-37.6539,148.0632,100,0.0,N
2019-12-30,-37.2009,148.3375,100,179.0,N
2019-12-30,-37.3759,148.576,100,0.0,N
2019-12-30,-37.3562,148.6357,100,0.0,N
2019-12-30,-36.3383,149.7043,100,165.4,N
2019-12-30,-36.5109,149.5427,100,58.0,N
2019-12-30,-34.8489,150.1748,66,22.3,N
2019-12-30,-36.0743,147.7235,100,0.0,N
2019-12-30,-35.2791,147.8902,100,47.4,N
2019-12-30,-35.8986,147.6069,100,72.6,N
2019-12-30,-35.5159,148.0183,100,234.8,N
2019-12-30,-36.1964,149.5166,100,175.7,N
2019-12-30,-36.0376,149.8876,100,160.7,N
2019-12-30,-35.5144,147.9676,100,67.1,N
2019-12-30,-34.2642,150.0028,100,120.6,N
2019-12-30,-34.2777,149.9898,100,294.9,N
2019-12-30,-35.6375,150.0468,100,740.4,N
2019-12-30,-36.6549,149.6646,81,12.7,N
2019-12-30,-36.907,148.3188,100,19.3,N
2019-12-30,-35.3078,147.8344,100,55.1,N
2019-12-30,-35.3823,147.8845,100,35.3,N
2019-12-30,-36.0331,149.8534,100,55.9,N
2019-12-30,-33.0006,150.1837,100,46.2,N
2019-12-30,-36.1639,147.7415,94,0.0,N
2019-12-30,-36.0826,147.707,100,640.9,N
2019-12-30,-36.354,149.6155,100,237.4,N
2019-12-30,-36.1589,149.6106,100,32.2,N
2019-12-30,-36.9735,148.2707,87,11.2,N
2019-12-30,-35.9492,147.6271,100,14.1,N
2019-12-30,-36.2309,149.6679,100,1199.4,N
2019-12-30,-35.4271,147.8766,100,30.6,N
2019-12-30,-35.6074,149.9743,100,25.0,N
2019-12-30,-36.1216,149.5334,100,79.9,N
2019-12-30,-35.9937,147.6502,100,53.5,N
2019-12-30,-37.0015,148.2785,100,25.4,N
2019-12-30,-36.0056,147.6708,100,70.2,N
2019-12-30,-36.1677,147.7176,90,0.0,N
2019-12-30,-36.0276,149.8838,100,65.6,N
2019-12-30,-35.8966,147.619,100,89.8,N
2019-12-30,-36.0762,149.7909,100,221.3,N
2019-12-30,-33.8302,150.0378,100,57.7,N
2019-12-30,-35.9982,147.6569,100,65.4,N
2019-12-30,-36.0115,147.5744,85,15.0,N
2019-12-30,-36.0919,147.6496,100,15.0,N
2019-12-30,-36.2186,149.5687,100,29.3,N
2019-12-30,-36.5384,149.5045,71,7.6,N
2019-12-30,-35.3037,150.0201,75,10.4,N
2019-12-30,-35.6198,150.0245,100,52.3,N
2019-12-30,-36.3217,149.5627,62,15.3,N
2019-12-30,-34.2431,149.9967,100,345.7,N
2019-12-30,-36.236,149.6982,100,248.7,N
2019-12-30,-36.1419,147.6976,75,9.7,N
2019-12-30,-35.6245,150.0586,100,426.2,N
2019-12-30,-36.6028,149.6054,100,25.5,N
2019-12-30,-36.313,149.7277,100,28.4,N
2019-12-30,-36.0631,147.7331,100,314.0,N
2019-12-30,-35.5427,147.9745,100,21.2,N
2019-12-30,-35.3003,147.8203,100,17.2,N
2019-12-30,-35.6717,149.9772,100,68.6,N
2019-12-30,-36.321,149.6835,100,2282.2,N
2019-12-30,-36.3887,149.6562,100,50.6,N
2019-12-30,-33.8147,150.0452,100,113.2,N
2019-12-30,-35.3862,147.8607,100,63.6,N
2019-12-30,-36.386,149.6715,100,135.5,N
2019-12-30,-33.8207,150.0881,100,31.5,N
2019-12-30,-36.7143,140.2197,100,48.2,N
2019-12-30,-30.7369,152.0153,66,34.5,N
2019-12-30,-30.7366,152.0331,100,76.0,N
2019-12-30,-32.5882,150.6336,69,16.3,N
2019-12-30,-31.498,151.2856,76,33.4,N
2019-12-30,-30.759,152.0413,55,16.5,N
2019-12-30,-32.5592,150.4884,100,35.3,N
2019-12-30,-32.6154,150.6788,54,12.9,N
2019-12-30,-26.3046,150.3969,78,26.4,N
2019-12-30,-23.5838,143.6127,100,26.9,N
2019-12-30,-21.4554,140.821,74,5.9,N
2019-12-30,-21.4396,140.7415,86,9.0,N
2019-12-30,-14.7531,133.9238,94,28.5,N
2019-12-30,-26.324,150.4749,81,33.1,N
2019-12-30,-31.329,151.7968,72,16.1,N
2019-12-30,-30.6307,151.9709,60,11.7,N
2019-12-30,-34.2153,150.0142,100,45.5,N
2019-12-30,-34.2607,150.0125,100,50.2,N
2019-12-30,-34.903,150.3714,100,38.3,N
2019-12-30,-32.1668,151.376,100,33.0,N
2019-12-30,-33.7856,150.1308,100,66.7,N
2019-12-30,-35.5804,149.9021,77,33.0,N
2019-12-30,-34.8818,150.3187,73,23.3,N
2019-12-30,-33.042,150.0134,97,33.5,N
2019-12-30,-32.5443,150.5059,81,24.9,N
2019-12-30,-35.5903,149.9517,93,19.1,N
2019-12-30,-33.0066,150.0226,83,22.3,N
2019-12-30,-32.1635,151.3586,100,36.0,N
2019-12-30,-35.49,147.9259,92,114.8,N
2019-12-30,-36.369,149.7605,100,0.0,N
2019-12-30,-36.0545,147.7504,100,170.4,N
2019-12-30,-37.1925,148.3377,85,42.7,N
2019-12-30,-36.1752,149.6733,100,202.3,N
2019-12-30,-36.0445,149.8946,95,19.4,N
2019-12-30,-35.636,150.0648,100,69.4,N
2019-12-30,-37.413,148.7436,100,0.0,N
2019-12-30,-37.501,148.6013,100,0.0,N
2019-12-30,-36.2859,149.6373,100,162.8,N
2019-12-30,-36.2965,149.6907,100,653.9,N
2019-12-30,-37.4773,148.5455,91,0.0,N
2019-12-30,-37.3672,148.7422,100,0.0,N
2019-12-30,-36.239,149.6366,100,599.4,N
2019-12-30,-37.4189,148.5027,98,0.0,N
2019-12-30,-37.3123,148.5323,100,34.7,N
2019-12-30,-37.2823,148.6863,100,32.2,N
2019-12-30,-37.3933,148.7069,100,0.0,N
2019-12-30,-37.424,148.5862,100,0.0,N
2019-12-30,-36.1382,147.702,100,244.8,N
2019-12-30,-35.6855,150.0254,100,615.5,N
2019-12-30,-37.2556,148.6761,100,85.0,N
2019-12-30,-36.3683,149.6463,100,279.6,N
2019-12-30,-37.3776,148.6904,100,0.0,N
2019-12-30,-36.3816,149.7128,100,2264.9,N
2019-12-30,-37.2915,147.9132,58,20.7,N
2019-12-30,-35.4196,147.9746,100,73.9,N
2019-12-30,-37.3096,148.6396,100,71.5,N
2019-12-30,-37.4078,148.598,100,0.0,N
2019-12-30,-36.0411,149.8776,100,54.3,N
2019-12-30,-37.2979,148.643,85,35.3,N
2019-12-30,-36.0453,147.7095,100,0.0,N
2019-12-30,-36.5154,149.5553,100,260.2,N
2019-12-30,-35.2984,147.8446,90,51.1,N
2019-12-30,-36.1325,147.6746,100,193.3,N
2019-12-30,-37.427,148.5712,100,0.0,N
2019-12-30,-37.342,148.5783,98,89.1,N
2019-12-30,-35.5601,147.9995,100,3721.3,N
2019-12-30,-36.1404,147.7196,100,708.9,N
2019-12-30,-37.3874,148.4985,100,0.0,N
2019-12-30,-35.433,147.9024,100,1591.3,N
2019-12-30,-36.0938,149.787,100,73.1,N
2019-12-30,-36.2342,149.6156,100,85.4,N
2019-12-30,-36.2894,149.6549,100,157.9,N
2019-12-30,-35.2797,147.8812,100,54.9,N
2019-12-30,-35.6609,149.9603,100,255.1,N
2019-12-30,-35.6781,150.0471,100,1480.1,N
2019-12-30,-35.3933,147.8548,71,17.9,N
2019-12-30,-34.3967,118.0658,100,168.0,N
2019-12-30,-34.4047,118.0792,98,23.9,N
2019-12-30,-29.0473,128.3075,95,74.2,N
2019-12-30,-24.3456,129.1783,83,80.3,N
2019-12-30,-16.6592,135.85,73,6.2,N
2019-12-30,-24.3547,129.0678,100,784.8,N
2019-12-30,-23.7755,129.7145,96,20.5,N
2019-12-30,-24.3519,129.0525,100,1029.7,N
2019-12-30,-25.4688,127.476,73,16.6,N
2019-12-30,-35.7589,136.7484,58,17.1,N
2019-12-31,-19.6112,144.5211,64,48.8,D
2019-12-31,-26.0261,150.4816,83,23.4,D
2019-12-31,-26.3361,150.4625,92,42.6,D
2019-12-31,-32.5773,150.6115,79,25.2,D
2019-12-31,-32.5887,150.4157,97,63.7,D
2019-12-31,-32.7064,150.8958,84,33.7,D
2019-12-31,-32.1645,151.3659,81,30.5,D
2019-12-31,-32.5597,150.5298,82,27.7,D
2019-12-31,-32.5594,150.4779,97,62.1,D
2019-12-31,-32.1913,151.349,100,110.3,D
2019-12-31,-34.866,150.3024,76,16.3,D
2019-12-31,-33.8144,150.0517,83,30.4,D
2019-12-31,-35.2765,150.0122,100,300.7,D
2019-12-31,-34.939,150.2338,90,34.3,D
2019-12-31,-35.7382,150.0385,90,0.0,D
2019-12-31,-34.9953,150.1088,90,32.7,D
2019-12-31,-34.8737,150.2887,94,49.0,D
2019-12-31,-32.6823,150.1545,100,109.5,D
2019-12-31,-35.7957,150.0394,100,0.0,D
2019-12-31,-35.2389,149.9901,100,78.8,D
2019-12-31,-35.6666,150.1189,100,0.0,D
2019-12-31,-34.9792,150.4686,60,15.5,D
2019-12-31,-35.8096,150.0301,100,0.0,D
2019-12-31,-35.7553,150.023,95,0.0,D
2019-12-31,-34.2625,150.3744,100,958.1,D
2019-12-31,-33.793,150.1021,100,79.5,D
2019-12-31,-35.799,148.0359,60,31.5,D
2019-12-31,-34.3558,150.3866,95,59.4,D
2019-12-31,-35.6417,149.9291,91,59.4,D
2019-12-31,-35.071,150.4704,74,16.9,D
2019-12-31,-35.671,149.9352,100,651.0,D
2019-12-31,-34.8551,150.2197,100,341.5,D
2019-12-31,-34.9682,150.4584,100,420.9,D
2019-12-31,-34.9588,150.46,100,461.7,D
2019-12-31,-34.216,150.3834,59,9.6,D
2019-12-31,-35.5839,149.8979,96,55.1,D
2019-12-31,-33.2492,150.9572,100,120.1,D
2019-12-31,-33.7733,150.2164,69,21.5,D
2019-12-31,-33.1822,150.0565,100,127.1,D
2019-12-31,-34.2257,150.2407,82,18.2,D
2019-12-31,-34.2718,150.3726,100,279.3,D
2019-12-31,-35.6169,150.0309,92,49.7,D
2019-12-31,-34.2087,150.0445,94,51.2,D
2019-12-31,-36.2862,147.8397,93,0.0,D
2019-12-31,-36.3828,147.9961,100,0.0,D
2019-12-31,-36.5869,140.1608,68,48.9,D
2019-12-31,-36.3934,148.0053,100,0.0,D
2019-12-31,-36.3419,147.9707,100,0.0,D
2019-12-31,-41.6246,147.9455,100,85.2,D
2019-12-31,-12.7009,132.5409,60,20.3,D
2019-12-31,-22.6275,123.5529,100,179.5,D
2019-12-31,-22.037,118.8219,90,167.0,D
2019-12-31,-28.7731,128.9309,73,17.7,D
2019-12-31,-27.0755,131.6189,72,29.0,D
2019-12-31,-30.9187,123.5504,100,86.6,D
2019-12-31,-34.3733,118.0532,92,87.7,D
2019-12-31,-41.609,147.8698,85,72.1,D
2019-12-31,-39.8948,148.0884,100,379.6,D
2019-12-31,-36.0523,147.6205,70,25.5,D
2019-12-31,-35.9165,147.6545,100,483.4,D
2019-12-31,-33.8261,150.0004,82,80.8,D
2019-12-31,-36.248,147.6886,64,24.3,D
2019-12-31,-35.7391,148.1587,100,0.0,D
2019-12-31,-36.5888,140.1412,100,235.6,D
2019-12-31,-32.9856,150.2376,75,43.6,D
2019-12-31,-32.6663,150.8333,81,99.1,D
2019-12-31,-35.7379,148.1654,100,0.0,D
2019-12-31,-36.2827,147.7536,59,54.9,D
2019-12-31,-33.256,150.9714,99,296.5,D
2019-12-31,-35.7313,148.1378,99,0.0,D
2019-12-31,-32.6131,150.2338,76,78.9,D
2019-12-31,-31.6217,152.0443,60,112.4,D
2019-12-31,-31.5239,151.2774,68,106.6,D
2019-12-31,-32.1853,151.3725,100,1355.9,D
2019-12-31,-32.679,150.1967,76,70.6,D
2019-12-31,-24.8597,147.7784,70,85.1,D
2019-12-31,-24.6175,146.7414,75,70.8,D
2019-12-31,-19.6245,144.5111,53,41.2,D
2019-12-31,-16.0196,145.118,72,74.8,D
2019-12-31,-18.4289,145.2812,82,94.7,D
2019-12-31,-16.6629,137.9303,59,15.1,D
2019-12-31,-34.3457,118.09,100,116.7,D
2019-12-31,-34.349,118.0681,90,35.3,D
2019-12-31,-31.1985,121.22,79,69.2,D
2019-12-31,-32.3879,121.3259,60,20.5,D
2019-12-31,-32.6859,121.0638,100,173.5,D
2019-12-31,-32.7251,121.1861,61,30.8,D
2019-12-31,-37.41,149.1254,85,151.9,N
2019-12-31,-37.4152,149.1195,95,149.7,N
2019-12-31,-37.4001,148.1466,80,76.4,N
2019-12-31,-32.6928,150.9137,78,35.4,N
2019-12-31,-36.1281,147.8921,58,76.5,N
2019-12-31,-36.0609,147.7895,100,680.8,N
2019-12-31,-32.1615,151.4177,56,19.8,N
2019-12-31,-32.1146,151.3696,72,19.7,N
2019-12-31,-31.7909,151.7921,93,40.3,N
2019-12-31,-32.2179,151.3599,100,57.9,N
2019-12-31,-29.4668,152.5835,87,20.7,N
2019-12-31,-24.6029,146.7244,81,46.5,N
2019-12-31,-38.0833,141.8792,89,34.1,N
2019-12-31,-38.0719,141.8754,91,35.9,N
2019-12-31,-35.7451,136.7343,93,18.2,N
2019-12-31,-35.7449,136.7958,100,53.7,N
2019-12-31,-30.7611,123.3222,100,117.1,N
2019-12-31,-21.4059,140.8348,71,27.6,N
2019-12-31,-24.642,146.8124,79,8.9,N
2019-12-31,-24.8676,147.7535,100,47.4,N
2019-12-31,-31.3758,151.7377,95,35.1,N
2019-12-31,-31.5709,151.2024,100,33.1,N
2019-12-31,-31.6025,152.082,100,57.4,N
2019-12-31,-36.0003,149.8772,55,31.1,N
2019-12-31,-35.5709,147.9215,68,10.6,N
2019-12-31,-32.6438,150.8094,78,25.2,N
2019-12-31,-34.8592,150.3906,97,48.9,N
2019-12-31,-32.5778,150.2269,100,27.6,N
2019-12-31,-35.9986,149.8606,100,92.5,N
2019-12-31,-35.9062,148.3508,91,19.7,N
2019-12-31,-35.857,148.2767,100,39.2,N
2019-12-31,-37.6666,148.6821,100,59.7,N
2019-12-31,-37.6302,147.5794,100,102.4,N
2019-12-31,-37.5666,148.7018,57,33.7,N
2019-12-31,-37.4302,148.9248,92,19.8,N
2019-12-31,-37.6024,147.5976,74,15.9,N
2019-12-31,-37.4522,149.7645,75,18.2,N
2019-12-31,-36.9732,147.4318,74,14.7,N
2019-12-31,-37.5444,148.6911,98,23.9,N
2019-12-31,-37.4091,148.9265,88,54.6,N
2019-12-31,-37.6142,149.0416,93,31.5,N
2019-12-31,-37.4065,149.1022,100,33.2,N
2019-12-31,-37.5494,149.3853,52,38.1,N
2019-12-31,-37.5716,149.1849,51,27.1,N
2019-12-31,-37.567,149.001,100,37.4,N
2019-12-31,-41.6183,147.9114,77,25.0,N
2019-12-31,-41.5903,147.9501,100,63.5,N
2019-12-31,-30.8039,123.3835,70,9.1,N
2019-12-31,-34.3508,150.3523,63,74.6,D
2020-01-01,-16.0042,145.1185,80,28.2,D
2020-01-01,-19.844,144.5861,57,19.1,D
2020-01-01,-18.1477,142.9745,65,21.1,D
2020-01-01,-24.8712,147.7492,61,55.3,D
2020-01-01,-28.4467,129.4451,80,120.3,D
2020-01-01,-35.6266,148.2253,76,185.5,D
2020-01-01,-35.739,136.7921,100,186.6,D
2020-01-01,-35.8384,136.7174,91,58.8,D
2020-01-01,-31.8296,121.5229,90,129.6,D
2020-01-01,-32.2914,123.5042,100,796.3,D
2020-01-01,-32.4943,121.9581,100,256.7,D
2020-01-01,-30.7537,123.3161,82,96.6,D
2020-01-01,-30.9372,123.5792,100,475.6,D
2020-01-01,-39.8967,148.0881,71,129.3,D
2020-01-01,-37.0971,147.0083,85,123.0,D
2020-01-01,-36.1285,147.6243,83,94.5,D
2020-01-01,-35.8459,148.2842,96,197.4,D
2020-01-01,-35.8896,147.5789,100,1194.0,D
2020-01-01,-35.6911,148.1707,88,122.2,D
2020-01-01,-35.2779,149.9861,87,70.4,D
2020-01-01,-35.1317,150.4705,86,63.3,D
2020-01-01,-34.9407,149.9729,100,270.5,D
2020-01-01,-34.2948,150.3362,88,68.4,D
2020-01-01,-32.8861,150.5667,56,32.6,D
2020-01-01,-32.6557,150.8193,85,49.2,D
2020-01-01,-32.6683,150.1533,63,41.6,D
2020-01-01,-32.5814,150.431,95,92.0,D
2020-01-01,-32.116,151.3403,57,25.5,D
2020-01-01,-31.6162,151.1804,80,42.7,D
2020-01-01,-30.6831,152.5337,53,14.4,D
2020-01-01,-26.517,150.6742,99,83.3,D
2020-01-01,-21.6496,149.1367,73,34.8,D
2020-01-01,-18.4358,145.2964,95,145.9,D
2020-01-01,-18.1517,144.0939,86,108.1,D
2020-01-01,-38.0911,141.8898,91,181.7,D
2020-01-01,-35.7967,136.7293,78,60.4,D
2020-01-01,-35.7432,136.7143,87,1000.2,D
2020-01-01,-33.2216,122.2195,100,487.5,D
2020-01-01,-32.9064,123.6628,95,135.0,D
2020-01-01,-32.579,122.2822,98,261.6,D
2020-01-01,-32.5642,122.0257,100,355.6,D
2020-01-01,-32.3568,123.6043,98,198.3,D
2020-01-01,-32.3177,123.4669,92,141.0,D
2020-01-01,-32.2919,123.4569,100,601.9,D
2020-01-01,-32.4051,121.3435,100,853.2,D
2020-01-01,-31.8659,121.5619,100,944.1,D
2020-01-01,-31.6494,119.6969,74,118.8,D
2020-01-01,-30.9487,123.6172,67,39.9,D
2020-01-01,-30.9123,123.7102,69,82.0,D
2020-01-01,-30.7808,123.3326,100,320.8,D
2020-01-01,-30.7466,123.2799,78,36.0,D
2020-01-01,-29.0106,128.2093,67,9.6,D
2020-01-01,-28.7083,128.8158,91,25.7,D
2020-01-01,-28.0016,131.4903,86,16.7,D
2020-01-01,-27.7669,130.078,88,19.7,D
2020-01-01,-25.1072,128.8939,62,15.1,D
2020-01-01,-14.6552,132.1408,93,106.1,D
2020-01-01,-41.6588,148.0053,91,19.2,N
2020-01-01,-41.5532,147.9623,100,41.1,N
2020-01-01,-37.3322,147.5896,64,9.4,N
2020-01-01,-37.2277,148.1805,84,12.7,N
2020-01-01,-37.1,148.101,68,20.7,N
2020-01-01,-37.4803,149.7606,100,50.4,N
2020-01-01,-36.5724,149.9184,100,43.6,N
2020-01-01,-36.5629,149.8572,100,44.8,N
2020-01-01,-36.9596,146.8021,100,31.2,N
2020-01-01,-37.5234,149.4126,97,17.9,N
2020-01-01,-36.4826,149.903,55,23.6,N
2020-01-01,-36.8997,146.6637,100,75.0,N
2020-01-01,-36.5932,148.1891,100,38.2,N
2020-01-01,-37.4728,149.6942,98,17.4,N
2020-01-01,-37.5454,149.1953,100,22.2,N
2020-01-01,-36.4234,147.7443,100,25.6,N
2020-01-01,-36.356,147.8406,100,46.0,N
2020-01-01,-36.0337,149.8238,100,27.0,N
2020-01-01,-37.5364,149.1933,78,20.6,N
2020-01-01,-36.2465,147.6949,99,17.8,N
2020-01-01,-37.4947,149.4176,100,30.3,N
2020-01-01,-37.6393,148.3234,98,15.6,N
2020-01-01,-37.5692,148.6974,97,24.6,N
2020-01-01,-37.4264,149.5656,100,51.3,N
2020-01-01,-37.7436,149.2827,100,23.3,N
2020-01-01,-37.4556,149.18,100,30.7,N
2020-01-01,-37.6638,147.5899,100,95.3,N
2020-01-01,-37.6804,149.0159,73,36.0,N
2020-01-01,-37.4244,149.1378,100,23.8,N
2020-01-01,-37.4154,149.1357,100,38.7,N
2020-01-01,-37.6756,148.7267,66,9.1,N
2020-01-01,-37.4821,148.4601,87,12.2,N
2020-01-01,-37.6379,148.9295,97,49.5,N
2020-01-01,-37.5845,147.5682,100,117.6,N
2020-01-01,-37.582,149.2564,100,20.9,N
2020-01-01,-37.4649,147.8509,92,15.6,N
2020-01-01,-37.3681,148.2228,56,25.4,N
2020-01-01,-37.6198,148.9254,100,36.6,N
2020-01-01,-37.6627,148.6179,100,65.5,N
2020-01-01,-36.0619,147.8423,82,16.7,N
2020-01-01,-35.7163,149.9665,56,11.8,N
2020-01-01,-35.9251,148.3024,77,18.6,N
2020-01-01,-35.6281,149.8791,100,80.5,N
2020-01-01,-35.9019,147.6689,94,17.4,N
2020-01-01,-35.9033,147.5181,100,73.1,N
2020-01-01,-35.8775,147.5709,80,9.8,N
2020-01-01,-35.7244,148.2246,100,69.2,N
2020-01-01,-35.6329,148.222,100,33.0,N
2020-01-01,-35.5719,148.134,56,23.9,N
2020-01-01,-35.1288,150.5448,65,17.8,N
2020-01-01,-35.4537,147.9889,100,22.0,N
2020-01-01,-35.4044,148.0177,100,159.8,N
2020-01-01,-35.3774,147.9435,94,15.0,N
2020-01-01,-34.8502,150.3732,51,18.6,N
2020-01-01,-32.7061,150.1065,54,12.9,N
2020-01-01,-32.6153,150.2444,100,38.9,N
2020-01-01,-32.5661,150.4012,100,52.0,N
2020-01-01,-32.026,151.4175,78,12.8,N
2020-01-01,-26.2989,150.4084,88,14.8,N
2020-01-01,-24.8451,147.7909,61,7.6,N
2020-01-01,-19.1164,146.0438,100,37.5,N
2020-01-01,-18.1684,144.0378,100,17.2,N
2020-01-01,-17.4034,145.1887,73,7.2,N
2020-01-01,-35.3758,147.9843,100,162.9,N
2020-01-01,-35.498,148.0501,70,51.4,N
2020-01-01,-35.9183,147.533,55,46.3,N
2020-01-01,-37.5439,148.5308,89,58.7,N
2020-01-01,-32.3654,123.6089,99,16.9,N
2020-01-01,-32.3568,123.541,100,23.1,N
2020-01-01,-32.5547,122.075,58,14.3,N
2020-01-01,-32.554,121.9408,100,41.0,N
2020-01-01,-32.5399,121.9207,100,35.8,N
2020-01-01,-32.5231,121.9062,100,25.7,N
2020-01-01,-32.5004,121.9355,100,44.7,N
2020-01-01,-32.4701,121.9521,100,19.0,N
2020-01-01,-32.9472,123.6524,96,15.7,N
2020-01-01,-32.4011,123.6112,100,21.2,N
2020-01-01,-32.7215,121.2417,66,7.7,N
2020-01-01,-32.3823,123.5573,100,64.2,N
2020-01-01,-31.9057,121.5126,95,12.7,N
2020-01-01,-31.857,121.5423,100,16.6,N
2020-01-01,-31.8155,121.501,70,7.3,N
2020-01-01,-31.257,121.0866,63,9.5,N
2020-01-01,-30.7922,123.2891,100,15.9,N
2020-01-01,-16.5507,137.3528,63,4.1,N
2020-01-01,-28.0031,131.4706,78,16.2,N
2020-01-01,-32.3455,123.5114,94,99.0,N
2020-01-01,-32.5347,121.9495,50,130.1,N
2020-01-01,-17.4278,145.2213,76,96.7,D
2020-01-01,-29.3183,152.0127,83,28.3,D
2020-01-02,-32.5949,150.2172,65,23.0,D
2020-01-02,-34.9392,149.9763,74,19.3,D
2020-01-02,-35.2838,149.9832,77,22.5,D
2020-01-02,-35.3882,148.0102,100,238.5,D
2020-01-02,-35.4876,148.0481,91,53.4,D
2020-01-02,-35.7227,148.2186,87,40.2,D
2020-01-02,-35.9813,149.5022,82,32.0,D
2020-01-02,-35.7737,148.0361,66,14.6,D
2020-01-02,-36.229,150.0031,61,43.4,D
2020-01-02,-36.3556,149.5894,82,23.4,D
2020-01-02,-36.4895,147.7705,62,16.0,D
2020-01-02,-36.9468,147.3206,51,19.7,D
2020-01-02,-37.0674,147.0716,72,17.3,D
2020-01-02,-37.6574,148.7692,97,72.3,D
2020-01-02,-37.584,147.5482,78,62.9,D
2020-01-02,-16.5412,137.3572,62,31.6,D
2020-01-02,-16.3264,137.7267,99,208.8,D
2020-01-02,-27.858,131.8007,100,107.9,D
2020-01-02,-28.1682,129.6886,100,89.0,D
2020-01-02,-30.8895,132.7802,57,16.9,D
2020-01-02,-30.7845,123.354,85,30.8,D
2020-01-02,-30.8396,123.3561,100,627.0,D
2020-01-02,-30.9398,123.6374,93,75.2,D
2020-01-02,-32.3517,123.4584,62,29.6,D
2020-01-02,-32.3782,123.5025,62,14.9,D
2020-01-02,-32.4158,123.5359,100,838.4,D
2020-01-02,-32.4127,123.1828,100,196.1,D
2020-01-02,-32.8286,124.1271,98,83.2,D
2020-01-02,-42.5803,147.0202,80,32.2,D
2020-01-02,-41.5876,147.9636,100,101.6,D
2020-01-02,-39.8733,148.0133,89,31.5,D
2020-01-02,-37.7519,148.2104,84,29.7,D
2020-01-02,-37.6727,148.6089,100,245.8,D
2020-01-02,-37.5057,149.4185,100,104.6,D
2020-01-02,-37.7064,148.104,80,25.8,D
2020-01-02,-37.6828,147.7914,72,18.5,D
2020-01-02,-37.638,147.7373,84,20.1,D
2020-01-02,-37.6067,147.7537,100,468.6,D
2020-01-02,-37.5926,147.5411,100,394.2,D
2020-01-02,-37.1071,147.8662,92,51.2,D
2020-01-02,-37.0965,147.0001,100,416.2,D
2020-01-02,-36.9755,147.3536,93,53.5,D
2020-01-02,-36.9683,146.8098,88,39.3,D
2020-01-02,-36.9078,146.6592,94,50.7,D
2020-01-02,-36.3185,149.5503,74,21.8,D
2020-01-02,-36.2385,149.5289,61,14.8,D
2020-01-02,-36.0511,149.9526,68,17.8,D
2020-01-02,-36.3329,147.8158,58,16.9,D
2020-01-02,-35.9748,149.5098,88,48.1,D
2020-01-02,-35.8114,150.0125,90,55.7,D
2020-01-02,-35.7151,149.9174,56,19.4,D
2020-01-02,-35.9599,148.3367,92,56.0,D
2020-01-02,-36.0639,147.5809,72,21.3,D
2020-01-02,-35.839,148.6375,82,32.7,D
2020-01-02,-35.863,148.3079,100,457.2,D
2020-01-02,-35.807,148.2282,87,38.4,D
2020-01-02,-35.9087,147.5172,100,97.8,D
2020-01-02,-35.871,147.6315,90,48.7,D
2020-01-02,-35.7219,148.2382,100,101.3,D
2020-01-02,-35.596,148.1813,69,36.9,D
2020-01-02,-35.0327,150.5227,58,23.9,D
2020-01-02,-35.4083,148.0201,100,89.4,D
2020-01-02,-35.2658,147.883,96,67.2,D
2020-01-02,-34.2996,149.9726,92,84.5,D
2020-01-02,-33.1438,150.0649,67,33.0,D
2020-01-02,-32.5692,150.3946,58,36.7,D
2020-01-02,-31.6607,132.9813,60,163.9,D
2020-01-02,-30.888,132.7892,80,158.7,D
2020-01-02,-27.8482,131.8389,69,114.7,D
2020-01-02,-24.5797,146.7126,95,75.3,D
2020-01-02,-19.8936,144.4945,87,34.8,D
2020-01-02,-19.6508,144.5416,90,37.5,D
2020-01-02,-18.8744,143.7554,53,22.3,D
2020-01-02,-18.5322,143.789,100,88.5,D
2020-01-02,-18.0593,145.5166,79,44.7,D
2020-01-02,-17.8794,143.3803,79,43.6,D
2020-01-02,-17.0607,144.6602,51,27.1,D
2020-01-02,-16.031,145.1136,99,131.1,D
2020-01-02,-16.5774,137.9806,58,18.7,D
2020-01-02,-33.2028,123.7248,100,829.4,D
2020-01-02,-33.1776,123.6905,83,13.3,D
2020-01-02,-32.9882,123.7147,92,50.7,D
2020-01-02,-32.8814,124.1946,100,458.8,D
2020-01-02,-32.8815,124.1351,90,54.4,D
2020-01-02,-32.9566,123.7296,100,199.1,D
2020-01-02,-32.9489,123.7136,100,2148.0,D
2020-01-02,-32.9435,123.6842,100,1101.7,D
2020-01-02,-32.9358,123.6683,61,49.6,D
2020-01-02,-32.8151,124.2322,94,205.0,D
2020-01-02,-32.81,124.2009,100,2636.9,D
2020-01-02,-32.7919,124.2413,66,23.6,D
2020-01-02,-32.7894,124.1956,93,61.7,D
2020-01-02,-32.8853,123.5998,79,18.4,D
2020-01-02,-32.5082,123.461,87,232.7,D
2020-01-02,-32.455,123.5871,100,323.4,D
2020-01-02,-32.4302,123.6091,61,22.7,D
2020-01-02,-32.4225,123.5932,89,51.0,D
2020-01-02,-32.4281,123.5751,100,125.9,D
2020-01-02,-32.4227,123.5458,100,85.6,D
2020-01-02,-32.415,123.5299,100,100.6,D
2020-01-02,-32.4592,123.2116,100,88.5,D
2020-01-02,-32.4012,123.4291,83,28.9,D
2020-01-02,-32.3531,123.5847,86,41.4,D
2020-01-02,-32.3596,123.4883,100,177.0,D
2020-01-02,-32.349,123.4928,60,16.9,D
2020-01-02,-32.3313,123.4745,63,13.0,D
2020-01-02,-32.3327,123.4056,73,28.4,D
2020-01-02,-32.34,123.2432,53,27.0,D
2020-01-02,-32.4729,122.0128,78,24.4,D
2020-01-02,-32.048,121.6602,89,31.5,D
2020-01-02,-31.9147,121.3976,54,11.9,D
2020-01-02,-31.0587,123.8176,100,521.7,D
2020-01-02,-31.03,123.7955,100,316.0,D
2020-01-02,-31.0195,123.7332,88,54.1,D
2020-01-02,-30.9963,123.7654,82,44.0,D
2020-01-02,-30.978,123.746,99,108.3,D
2020-01-02,-30.9699,123.6696,76,62.2,D
2020-01-02,-30.9261,123.7331,97,62.8,D
2020-01-02,-30.9263,123.5802,96,220.2,D
2020-01-02,-30.8896,123.4841,75,33.3,D
2020-01-02,-30.8716,123.4653,100,1110.8,D
2020-01-02,-30.8652,123.4567,100,240.5,D
2020-01-02,-30.8465,123.3803,70,47.6,D
2020-01-02,-30.8082,123.3569,100,111.9,D
2020-01-02,-30.79,123.3613,100,103.1,D
2020-01-02,-30.4769,123.0932,100,170.1,D
2020-01-02,-28.2049,129.7507,89,327.6,D
2020-01-02,-24.4725,129.0988,91,357.7,D
2020-01-02,-37.4451,149.5148,52,119.2,N
2020-01-02,-37.6703,148.7695,80,84.6,N
2020-01-02,-37.5721,147.5595,91,55.7,N
2020-01-02,-38.098,141.8551,100,63.2,N
2020-01-02,-36.2673,149.9712,100,136.1,N
2020-01-02,-36.564,147.9353,82,60.7,N
2020-01-02,-35.8922,147.5251,96,63.9,N
2020-01-02,-35.8523,136.7,78,13.5,N
2020-01-02,-31.6901,132.8919,100,23.9,N
2020-01-02,-31.1512,132.7306,50,17.2,N
2020-01-02,-28.2198,129.7807,90,24.1,N
2020-01-02,-18.1162,144.0406,92,95.6,N
2020-01-02,-24.5795,146.72,71,11.5,N
2020-01-02,-29.4156,152.1557,69,8.9,N
2020-01-02,-33.1498,150.1082,82,10.6,N
2020-01-02,-35.4686,148.1094,81,11.6,N
2020-01-02,-35.8467,150.1145,79,11.5,N
2020-01-02,-35.977,149.9293,72,21.0,N
2020-01-02,-36.0094,149.8124,92,19.1,N
2020-01-02,-36.0646,149.7487,78,13.5,N
2020-01-02,-35.8668,147.6941,100,21.5,N
2020-01-02,-35.9346,147.902,78,11.1,N
2020-01-02,-36.2589,149.9803,100,113.4,N
2020-01-02,-36.3235,149.9239,77,9.7,N
2020-01-02,-36.4719,149.914,79,29.3,N
2020-01-02,-36.5112,149.5925,84,13.9,N
2020-01-02,-36.5849,149.8916,100,40.2,N
2020-01-02,-36.4071,147.9265,83,15.8,N
2020-01-02,-36.5097,148.0591,100,45.7,N
2020-01-02,-36.5894,147.8507,100,19.1,N
2020-01-02,-36.6605,147.8925,100,34.8,N
2020-01-02,-37.1538,148.381,63,10.8,N
2020-01-02,-37.0607,147.3022,82,12.9,N
2020-01-02,-37.0807,147.0648,66,13.2,N
2020-01-02,-37.434,149.4946,100,35.8,N
2020-01-02,-37.0979,146.9966,100,22.3,N
2020-01-02,-37.2716,147.9807,100,28.7,N
2020-01-02,-37.3556,148.2432,97,18.5,N
2020-01-02,-37.4183,148.5059,83,12.6,N
2020-01-02,-37.5417,149.0673,100,48.4,N
2020-01-02,-37.5045,148.5294,78,13.1,N
2020-01-02,-37.5781,148.9329,100,43.7,N
2020-01-02,-37.6313,149.19,100,26.0,N
2020-01-02,-37.6065,148.7942,83,11.8,N
2020-01-02,-37.6619,149.0912,100,29.6,N
2020-01-02,-37.6533,148.8139,98,35.5,N
2020-01-02,-37.7049,149.058,90,15.2,N
2020-01-02,-37.6852,148.7711,100,20.1,N
2020-01-02,-37.5961,147.7437,74,31.7,N
2020-01-02,-37.5844,147.5358,100,89.5,N
2020-01-02,-37.7338,148.2001,79,15.7,N
2020-01-02,-38.0487,141.8349,92,56.7,N
2020-01-02,-16.3208,137.7446,77,52.8,N
2020-01-02,-31.7029,132.898,87,123.2,N
2020-01-03,-14.6718,143.0458,81,24.7,D
2020-01-03,-19.8214,144.4548,81,13.4,D
2020-01-03,-36.8406,148.3477,52,31.5,D
2020-01-03,-37.0799,148.1194,81,67.0,D
2020-01-03,-37.1124,147.8846,100,448.2,D
2020-01-03,-35.7764,136.6515,100,161.0,D
2020-01-03,-35.8087,136.5997,69,25.7,D
2020-01-03,-35.8459,136.6333,100,1148.0,D
2020-01-03,-35.7119,149.9423,82,120.8,D
2020-01-03,-35.8716,147.5149,84,102.3,D
2020-01-03,-35.8591,136.6524,75,784.4,D
2020-01-03,-35.8961,136.6851,100,554.7,D
2020-01-03,-38.0956,141.8625,100,109.4,D
2020-01-03,-21.04,117.6748,100,374.0,D
2020-01-03,-24.4415,129.166,89,217.3,D
2020-01-03,-37.1914,147.0805,64,63.4,D
2020-01-03,-36.9897,147.2634,85,202.2,D
2020-01-03,-36.0321,149.5304,82,123.2,D
2020-01-03,-35.9653,149.6492,84,136.4,D
2020-01-03,-35.9578,148.3032,83,169.3,D
2020-01-03,-35.8618,147.4769,84,205.2,D
2020-01-03,-34.8562,150.1186,94,218.9,D
2020-01-03,-33.1719,150.0653,94,191.5,D
2020-01-03,-32.7304,150.0675,52,47.1,D
2020-01-03,-29.4358,152.1317,100,240.0,D
2020-01-03,-26.504,150.6591,69,47.0,D
2020-01-03,-22.8143,149.3949,86,87.3,D
2020-01-03,-41.607,147.8328,84,121.1,D
2020-01-03,-37.0551,147.2061,79,185.3,D
2020-01-03,-38.1106,141.8609,91,96.5,D
2020-01-03,-36.0869,148.4301,80,292.9,D
2020-01-03,-35.9085,147.4443,68,174.7,D
2020-01-03,-36.0193,136.8165,97,0.0,D
2020-01-03,-36.0065,136.7762,100,0.0,D
2020-01-03,-35.9763,136.8431,75,106.1,D
2020-01-03,-35.9825,136.7454,100,0.0,D
2020-01-03,-35.9599,136.7961,100,0.0,D
2020-01-03,-35.962,136.7226,100,0.0,D
2020-01-03,-35.9282,136.8129,100,681.3,D
2020-01-03,-35.9418,136.6685,96,0.0,D
2020-01-03,-35.908,136.7584,100,0.0,D
2020-01-03,-35.9102,136.6851,91,0.0,D
2020-01-03,-35.877,136.7933,100,307.7,D
2020-01-03,-35.881,136.708,100,381.5,D
2020-01-03,-35.8811,136.6468,62,31.2,D
2020-01-03,-35.8398,136.7839,68,27.0,D
2020-01-03,-35.8571,136.6163,92,52.0,D
2020-01-03,-35.7933,136.7722,100,150.5,D
2020-01-03,-35.7862,136.6668,100,80.4,D
2020-01-03,-33.9979,142.1785,61,71.0,D
2020-01-03,-31.676,133.0661,100,206.2,D
2020-01-03,-30.846,132.8345,68,23.7,D
2020-01-03,-31.2323,121.1493,61,169.3,D
2020-01-03,-41.7243,148.0542,77,23.6,N
2020-01-03,-37.7612,148.9313,71,11.1,N
2020-01-03,-37.6278,149.1979,82,17.2,N
2020-01-03,-37.6367,148.9529,58,10.0,N
2020-01-03,-37.6358,148.7849,65,24.0,N
2020-01-03,-37.6159,148.7814,59,24.8,N
2020-01-03,-37.467,149.7683,96,17.9,N
2020-01-03,-37.4915,149.4081,100,24.1,N
2020-01-03,-37.4468,149.4523,83,12.0,N
2020-01-03,-37.5191,148.5665,75,28.5,N
2020-01-03,-37.5674,147.5425,100,60.7,N
2020-01-03,-37.3662,149.0933,78,10.4,N
2020-01-03,-37.3822,148.1654,83,15.6,N
2020-01-03,-37.3571,147.6115,100,38.8,N
2020-01-03,-37.155,148.3806,92,18.8,N
2020-01-03,-37.1279,147.8976,100,67.1,N
2020-01-03,-37.0988,147.8758,100,41.8,N
2020-01-03,-37.104,147.3118,99,30.4,N
2020-01-03,-37.0919,147.0746,82,17.8,N
2020-01-03,-37.0288,147.3737,100,239.7,N
2020-01-03,-37.0125,147.3823,100,191.0,N
2020-01-03,-36.9797,147.2821,74,29.9,N
2020-01-03,-36.9147,146.8099,59,21.0,N
2020-01-03,-36.6914,147.8901,100,466.5,N
2020-01-03,-36.6866,147.8676,100,309.2,N
2020-01-03,-36.6059,147.8394,100,95.6,N
2020-01-03,-36.5572,147.9302,100,28.8,N
2020-01-03,-36.4778,148.0125,64,8.8,N
2020-01-03,-36.2011,149.494,78,12.0,N
2020-01-03,-36.287,147.7141,60,9.9,N
2020-01-03,-35.9832,149.8475,93,16.4,N
2020-01-03,-35.9685,149.6611,95,16.9,N
2020-01-03,-35.8478,150.1146,85,11.5,N
2020-01-03,-36.0777,147.5762,86,15.1,N
2020-01-03,-35.9391,148.2034,57,9.0,N
2020-01-03,-35.8263,148.7387,52,12.7,N
2020-01-03,-35.6246,149.8625,100,26.3,N
2020-01-03,-35.7756,148.0364,65,8.8,N
2020-01-03,-35.5695,148.1581,83,12.2,N
2020-01-03,-35.4647,148.0145,100,31.9,N
2020-01-03,-35.3894,147.9669,86,13.4,N
2020-01-03,-34.927,150.004,56,5.8,N
2020-01-03,-34.3634,150.3865,88,11.5,N
2020-01-03,-34.2964,150.2594,90,12.0,N
2020-01-03,-33.8921,150.4084,93,13.7,N
2020-01-03,-32.6595,151.0053,57,7.8,N
2020-01-03,-32.7257,150.0775,100,159.1,N
2020-01-03,-32.6656,150.1766,100,22.5,N
2020-01-03,-32.5656,150.4366,93,10.4,N
2020-01-03,-32.5696,150.2066,99,13.2,N
2020-01-03,-32.0225,151.3953,97,14.2,N
2020-01-03,-31.4503,152.1245,59,8.7,N
2020-01-03,-31.4848,151.2414,78,8.3,N
2020-01-03,-29.4446,152.1551,50,8.7,N
2020-01-03,-29.0747,150.7913,100,19.6,N
2020-01-03,-26.4995,150.6565,89,11.0,N
2020-01-03,-25.4089,149.1947,99,13.3,N
2020-01-03,-22.1733,146.9137,100,26.0,N
2020-01-03,-18.0486,144.7682,100,29.1,N
2020-01-03,-32.7318,150.1156,100,310.7,N
2020-01-03,-36.6712,147.8923,100,706.8,N
2020-01-03,-31.899,121.4027,66,17.7,N
2020-01-03,-32.7121,150.1023,84,81.8,N
2020-01-03,-35.8141,150.0167,51,46.1,N
2020-01-03,-36.4985,147.7208,82,59.6,N
2020-01-03,-36.7664,146.7483,94,70.0,N
2020-01-03,-37.1204,147.9362,100,160.4,N
2020-01-03,-37.1763,147.1058,52,26.5,N
2020-01-03,-37.6535,148.0762,55,43.5,N
2020-01-03,-24.9007,147.7783,62,53.5,D
2020-01-03,-30.4434,151.0153,89,58.9,D
2020-01-03,-31.4929,151.2376,72,33.8,D
2020-01-03,-32.5628,150.611,100,342.3,D
2020-01-03,-32.5659,150.3891,88,54.6,D
2020-01-03,-32.5576,150.208,87,59.5,D
2020-01-03,-32.71,150.0912,76,38.5,D
2020-01-03,-33.9007,150.4303,89,56.3,D
2020-01-03,-34.3383,150.0503,100,188.3,D
2020-01-03,-34.8021,150.2793,92,47.1,D
2020-01-03,-34.8473,150.1155,100,738.7,D
2020-01-03,-34.9196,150.1203,84,38.9,D
2020-01-03,-35.0145,150.0723,62,19.7,D
2020-01-03,-35.6367,149.86,99,109.3,D
2020-01-03,-35.7189,149.9197,84,41.1,D
2020-01-03,-35.8561,150.1035,86,47.0,D
2020-01-03,-35.9842,149.8465,86,50.7,D
2020-01-03,-35.9826,149.6611,100,815.8,D
2020-01-03,-36.0174,149.8142,85,49.6,D
2020-01-03,-35.991,149.558,99,110.3,D
2020-01-03,-36.0296,149.5302,100,122.3,D
2020-01-03,-36.1121,149.5327,87,52.0,D
2020-01-03,-35.999,148.3332,74,59.0,D
2020-01-03,-36.2564,149.5426,74,32.9,D
2020-01-03,-36.3138,149.5585,60,16.4,D
2020-01-03,-36.4935,149.5245,100,639.0,D
2020-01-03,-36.5034,147.7052,96,138.7,D
2020-01-03,-36.6988,147.8685,100,1410.6,D
2020-01-03,-36.9649,148.2671,94,97.9,D
2020-01-03,-37.0655,148.2462,97,111.2,D
2020-01-03,-37.1794,148.5265,64,17.6,D
2020-01-03,-37.175,148.3869,84,59.7,D
2020-01-03,-37.1365,148.0729,89,74.1,D
2020-01-03,-37.4696,149.7789,70,25.5,D
2020-01-03,-37.0267,147.3407,87,80.1,D
2020-01-03,-37.1207,147.8807,82,46.8,D
2020-01-03,-37.0409,147.4327,100,291.6,D
2020-01-03,-37.4505,149.4581,86,45.1,D
2020-01-03,-37.0587,147.2207,90,93.3,D
2020-01-03,-37.0978,147.2922,56,59.8,D
2020-01-03,-37.1002,147.3261,100,349.3,D
2020-01-03,-37.5072,149.2633,91,63.9,D
2020-01-03,-37.0978,147.0763,92,123.6,D
2020-01-03,-37.1194,146.9994,100,1177.3,D
2020-01-03,-37.5878,149.3116,54,16.4,D
2020-01-03,-37.5954,149.006,100,139.8,D
2020-01-03,-37.555,148.615,72,42.4,D
2020-01-03,-37.5899,148.7192,100,451.5,D
2020-01-03,-37.6394,148.8039,100,495.1,D
2020-01-03,-37.4366,147.5239,100,188.9,D
2020-01-03,-37.2482,146.5167,100,307.2,D
2020-01-03,-37.5645,147.5296,99,148.8,D
2020-01-03,-37.6166,147.5505,90,73.4,D
2020-01-04,-21.6087,139.9495,72,41.3,D
2020-01-04,-35.5887,148.1612,100,147.2,D
2020-01-04,-35.2156,150.4462,100,79.1,D
2020-01-04,-35.139,150.5322,67,28.8,D
2020-01-04,-35.5043,148.0461,89,29.6,D
2020-01-04,-35.4679,148.1067,94,388.7,D
2020-01-04,-35.4712,148.0162,100,1181.6,D
2020-01-04,-35.0785,150.5109,100,118.7,D
2020-01-04,-35.4363,148.0706,100,0.0,D
2020-01-04,-35.0487,150.5154,100,348.1,D
2020-01-04,-35.4139,148.0316,100,0.0,D
2020-01-04,-37.7188,149.0874,100,176.5,D
2020-01-04,-37.4692,149.663,97,65.4,D
2020-01-04,-37.4684,149.4209,100,0.0,D
2020-01-04,-37.4094,149.6303,56,19.4,D
2020-01-04,-37.4021,149.6167,54,45.3,D
2020-01-04,-37.4015,149.5577,100,985.5,D
2020-01-04,-37.3941,149.5442,100,945.9,D
2020-01-04,-37.3868,149.5308,100,1689.3,D
2020-01-04,-37.6517,147.5556,90,37.7,D
2020-01-04,-37.6392,147.5352,100,124.0,D
2020-01-04,-37.2758,148.716,99,77.1,D
2020-01-04,-37.1921,148.387,92,39.9,D
2020-01-04,-37.1883,148.2108,100,114.8,D
2020-01-04,-37.1511,148.3606,100,210.0,D
2020-01-04,-37.1377,148.3227,100,203.0,D
2020-01-04,-37.1211,148.3075,100,429.0,D
2020-01-04,-37.1417,148.0893,95,51.0,D
2020-01-04,-37.0955,148.2903,100,622.9,D
2020-01-04,-37.1144,148.0835,100,1737.9,D
2020-01-04,-37.1058,148.0869,100,474.3,D
2020-01-04,-37.0748,148.2442,100,80.0,D
2020-01-04,-37.0579,148.299,84,44.6,D
2020-01-04,-37.2256,147.0406,100,701.8,D
2020-01-04,-37.2102,147.0866,100,0.0,D
2020-01-04,-37.0959,147.884,100,177.6,D
2020-01-04,-37.0416,148.2139,100,350.7,D
2020-01-04,-37.1992,147.0231,100,1860.3,D
2020-01-04,-37.1838,147.069,100,247.2,D
2020-01-04,-37.0407,148.0843,100,128.6,D
2020-01-04,-37.0238,148.1393,100,223.2,D
2020-01-04,-37.2365,146.4898,70,23.1,D
2020-01-04,-37.0926,147.5082,75,291.2,D
2020-01-04,-37.1485,147.0068,78,36.5,D
2020-01-04,-37.0651,147.5024,100,131.5,D
2020-01-04,-37.062,147.4536,98,64.9,D
2020-01-04,-37.0513,147.4632,100,94.8,D
2020-01-04,-37.1097,147.0114,100,86.2,D
2020-01-04,-37.0727,147.2257,100,171.0,D
2020-01-04,-37.0466,147.3543,100,1098.4,D
2020-01-04,-37.0298,147.411,100,83.1,D
2020-01-04,-37.0206,147.4089,100,88.8,D
2020-01-04,-37.0408,147.2011,100,148.6,D
2020-01-04,-36.9976,147.386,100,84.9,D
2020-01-04,-36.9793,147.3815,99,68.4,D
2020-01-04,-36.9624,147.3664,100,81.7,D
2020-01-04,-36.9484,147.3283,74,28.9,D
2020-01-04,-36.9777,146.9113,100,661.6,D
2020-01-04,-36.959,146.9077,70,14.3,D
2020-01-04,-36.9589,146.8329,87,476.8,D
2020-01-04,-36.5748,149.484,100,217.6,D
2020-01-04,-36.5641,149.493,100,271.8,D
2020-01-04,-36.9507,146.6677,100,93.7,D
2020-01-04,-36.9322,146.739,100,1907.8,D
2020-01-04,-36.7657,147.9492,100,404.2,D
2020-01-04,-36.5167,149.6273,100,139.4,D
2020-01-04,-36.9135,146.7672,73,92.1,D
2020-01-04,-36.7479,147.9506,100,0.0,D
2020-01-04,-36.5053,149.578,100,421.8,D
2020-01-04,-36.4895,149.6209,100,1531.3,D
2020-01-04,-36.7406,147.8667,100,605.2,D
2020-01-04,-36.4991,149.4944,88,33.4,D
2020-01-04,-36.4731,149.6056,100,125.6,D
2020-01-04,-36.4657,149.5923,73,13.5,D
2020-01-04,-36.6996,147.8933,90,36.1,D
2020-01-04,-36.6783,147.8603,100,91.2,D
2020-01-04,-36.6421,147.852,100,70.2,D
2020-01-04,-36.6223,147.8597,100,816.2,D
2020-01-04,-36.5498,148.2524,50,12.3,D
2020-01-04,-36.5995,147.8202,94,46.3,D
2020-01-04,-36.529,148.2061,69,19.4,D
2020-01-04,-36.5156,148.1681,95,58.4,D
2020-01-04,-36.5593,147.7813,96,54.3,D
2020-01-04,-36.4978,148.0946,85,31.5,D
2020-01-04,-36.5183,147.8076,100,1747.6,D
2020-01-04,-36.5138,147.7713,94,467.5,D
2020-01-04,-36.5125,147.7302,100,133.2,D
2020-01-04,-36.2382,149.5205,93,42.2,D
2020-01-04,-36.2325,149.4959,96,52.4,D
2020-01-04,-36.4668,147.7912,86,26.8,D
2020-01-04,-36.4638,147.7438,100,1716.3,D
2020-01-04,-36.4547,147.7417,100,938.8,D
2020-01-04,-36.4471,147.7284,100,362.0,D
2020-01-04,-36.4259,147.7472,100,121.5,D
2020-01-04,-36.1506,149.4238,87,26.9,D
2020-01-04,-36.1173,149.5204,100,94.7,D
2020-01-04,-36.1117,149.4959,100,107.9,D
2020-01-04,-36.0958,149.5386,91,36.9,D
2020-01-04,-36.3063,147.9486,80,17.9,D
2020-01-04,-36.3142,147.7699,62,20.0,D
2020-01-04,-36.0101,149.7472,100,564.0,D
2020-01-04,-36.0045,149.7226,100,365.9,D
2020-01-04,-36.0007,149.6859,100,114.4,D
2020-01-04,-36.2764,147.7034,100,262.5,D
2020-01-04,-35.9682,149.714,88,26.8,D
2020-01-04,-35.9327,149.8825,100,242.0,D
2020-01-04,-36.6518,144.3088,98,103.2,D
2020-01-04,-36.2453,147.6668,98,64.2,D
2020-01-04,-35.9597,149.5294,100,241.5,D
2020-01-04,-35.9552,149.4356,81,20.6,D
2020-01-04,-35.9388,149.4203,100,1697.5,D
2020-01-04,-35.8265,150.0282,100,388.4,D
2020-01-04,-35.9167,149.3804,83,20.3,D
2020-01-04,-36.1248,147.8806,100,0.0,D
2020-01-04,-36.0316,148.4138,100,0.0,D
2020-01-04,-36.0289,148.3674,100,0.0,D
2020-01-04,-36.0168,148.3877,100,0.0,D
2020-01-04,-36.0077,148.3857,100,0.0,D
2020-01-04,-36.0019,148.3615,100,0.0,D
2020-01-04,-35.9976,148.326,100,79.7,D
2020-01-04,-35.9744,148.4241,64,34.8,D
2020-01-04,-36.0889,147.5939,100,1409.4,D
2020-01-04,-35.9858,148.2776,100,280.8,D
2020-01-04,-35.8907,148.8793,100,310.1,D
2020-01-04,-36.0437,147.7988,50,21.2,D
2020-01-04,-35.9661,148.2895,100,77.1,D
2020-01-04,-35.9444,148.3767,100,649.7,D
2020-01-04,-35.8878,148.7072,97,62.1,D
2020-01-04,-35.6564,150.1782,86,29.2,D
2020-01-04,-35.9343,148.3171,100,206.6,D
2020-01-04,-35.8618,148.7585,100,85.6,D
2020-01-04,-35.9425,148.1928,100,103.6,D
2020-01-04,-35.9052,148.3911,94,244.1,D
2020-01-04,-35.8582,148.6549,100,107.9,D
2020-01-04,-35.838,148.7304,100,309.8,D
2020-01-04,-35.8242,148.7616,100,545.1,D
2020-01-04,-35.9419,147.928,100,537.1,D
2020-01-04,-35.9356,147.9211,100,218.6,D
2020-01-04,-35.8971,148.1313,97,56.6,D
2020-01-04,-35.6265,149.8434,58,18.1,D
2020-01-04,-35.9029,147.6825,89,40.5,D
2020-01-04,-35.8984,147.5772,89,36.4,D
2020-01-04,-35.7768,148.3281,100,0.0,D
2020-01-04,-35.7694,148.3151,100,1515.2,D
2020-01-04,-35.7651,148.2799,64,25.4,D
2020-01-04,-35.7501,148.2539,99,61.6,D
2020-01-04,-35.6984,148.237,100,1194.1,D
2020-01-04,-35.6655,148.2071,66,17.5,D
2020-01-04,-35.3285,150.0378,87,30.9,D
2020-01-04,-35.3101,150.0334,100,140.4,D
2020-01-04,-35.2886,147.9472,100,77.8,D
2020-01-04,-35.2721,147.9324,100,59.2,D
2020-01-04,-35.2661,147.9083,100,816.1,D
2020-01-04,-35.257,147.9064,100,918.4,D
2020-01-04,-35.2541,147.8604,60,16.1,D
2020-01-04,-34.8374,150.4397,75,816.2,D
2020-01-04,-34.8284,150.4078,75,219.8,D
2020-01-04,-34.8546,150.1218,96,53.3,D
2020-01-04,-34.8025,150.3283,100,187.8,D
2020-01-04,-34.8212,150.151,96,53.5,D
2020-01-04,-34.7729,150.2722,94,629.6,D
2020-01-04,-34.3304,150.3285,91,60.0,D
2020-01-04,-34.3289,150.1582,76,49.4,D
2020-01-04,-34.2804,150.3106,60,21.3,D
2020-01-04,-33.9282,150.2646,56,18.3,D
2020-01-04,-32.7132,150.9178,86,35.7,D
2020-01-04,-32.6661,150.9539,57,23.4,D
2020-01-04,-32.6304,150.7931,84,34.9,D
2020-01-04,-32.618,150.6863,60,23.1,D
2020-01-04,-32.5871,150.3811,92,47.9,D
2020-01-04,-32.2372,151.3563,67,28.7,D
2020-01-04,-31.7239,151.8597,100,298.8,D
2020-01-04,-31.3349,151.2846,70,26.1,D
2020-01-04,-29.3672,152.1913,90,91.3,D
2020-01-04,-25.4255,149.2004,100,251.9,D
2020-01-04,-25.0871,147.6181,100,72.9,D
2020-01-04,-24.6257,146.6599,100,65.4,D
2020-01-04,-18.8823,143.7876,52,26.5,D
2020-01-04,-16.0774,144.8009,91,33.1,D
2020-01-04,-32.5252,123.405,94,45.0,D
2020-01-04,-32.5726,121.9701,100,113.6,D
2020-01-04,-31.9591,121.5548,85,27.2,D
2020-01-04,-30.8407,123.3409,93,42.7,D
2020-01-04,-37.6731,149.173,100,166.6,N
2020-01-04,-37.5359,149.3205,94,47.6,N
2020-01-04,-37.6448,148.7345,90,69.5,N
2020-01-04,-37.5885,148.7588,66,51.1,N
2020-01-04,-37.3158,149.8324,100,295.0,N
2020-01-04,-37.3199,149.8272,100,336.0,N
2020-01-04,-37.229,149.9876,100,0.0,N
2020-01-04,-37.4007,149.0179,100,58.9,N
2020-01-04,-37.2211,149.7881,100,0.0,N
2020-01-04,-37.3622,149.0678,100,130.5,N
2020-01-04,-37.3155,149.2249,94,114.3,N
2020-01-04,-37.303,149.2213,81,84.8,N
2020-01-04,-37.4482,148.4745,100,81.7,N
2020-01-04,-37.1329,149.8107,100,0.0,N
2020-01-04,-37.1804,149.7336,100,0.0,N
2020-01-04,-37.3182,149.0186,99,52.3,N
2020-01-04,-37.168,149.6,85,189.6,N
2020-01-04,-37.13,149.5863,100,527.3,N
2020-01-04,-37.131,149.5276,90,174.7,N
2020-01-04,-37.2431,146.5684,87,47.2,N
2020-01-04,-36.9021,146.8999,99,54.9,N
2020-01-04,-36.6308,148.0283,81,42.4,N
2020-01-04,-36.8123,146.6988,98,66.2,N
2020-01-04,-36.3965,148.0502,57,88.3,N
2020-01-04,-36.2623,148.0658,63,39.3,N
2020-01-04,-36.1067,147.5726,98,50.4,N
2020-01-04,-35.8752,147.6128,100,56.3,N
2020-01-04,-35.8244,147.6181,98,65.7,N
2020-01-04,-35.8196,147.611,60,31.6,N
2020-01-04,-35.3869,147.9716,100,85.0,N
2020-01-04,-35.2484,147.8791,79,42.6,N
2020-01-04,-34.7207,150.222,100,310.0,N
2020-01-04,-34.3881,150.3891,88,58.5,N
2020-01-04,-34.3219,149.9951,100,246.8,N
2020-01-04,-33.1607,150.0943,99,68.5,N
2020-01-04,-32.6476,150.1599,66,35.1,N
2020-01-04,-31.4314,151.7673,95,106.1,N
2020-01-04,-29.0629,150.817,75,55.3,N
2020-01-04,-24.8791,147.7656,77,22.4,N
2020-01-04,-29.0935,150.7996,100,32.0,N
2020-01-04,-30.0229,151.2852,68,6.9,N
2020-01-04,-30.4251,151.0365,100,24.5,N
2020-01-04,-30.7621,152.0156,68,5.9,N
2020-01-04,-31.4426,152.1281,99,13.9,N
2020-01-04,-31.4415,151.7494,100,64.0,N
2020-01-04,-31.606,152.0506,63,5.3,N
2020-01-04,-31.7062,151.861,84,7.7,N
2020-01-04,-31.8106,151.8775,100,16.8,N
2020-01-04,-32.1574,151.436,100,23.1,N
2020-01-04,-32.2108,151.359,100,22.4,N
2020-01-04,-32.5574,150.6165,100,15.0,N
2020-01-04,-32.5491,150.406,100,16.1,N
2020-01-04,-32.5349,150.259,100,21.8,N
2020-01-04,-32.6321,150.8085,62,7.3,N
2020-01-04,-32.6666,150.9692,96,11.8,N
2020-01-04,-32.5646,150.2059,95,12.1,N
2020-01-04,-32.5941,150.2112,80,10.0,N
2020-01-04,-32.6572,150.1443,92,11.7,N
2020-01-04,-33.0167,150.2018,68,15.6,N
2020-01-04,-33.8456,150.432,100,84.0,N
2020-01-04,-33.8672,150.4498,100,65.6,N
2020-01-04,-33.8841,150.3773,100,66.3,N
2020-01-04,-34.2801,150.2575,100,24.5,N
2020-01-04,-34.3006,150.1481,61,13.0,N
2020-01-04,-34.3316,150.1651,55,10.0,N
2020-01-04,-34.3319,150.0076,97,15.3,N
2020-01-04,-34.6332,150.3884,100,29.7,N
2020-01-04,-34.6607,150.3306,94,51.5,N
2020-01-04,-34.6744,150.1777,58,7.8,N
2020-01-04,-34.7069,150.2049,100,42.9,N
2020-01-04,-34.735,150.3246,100,29.4,N
2020-01-04,-34.7628,150.2772,99,10.8,N
2020-01-04,-34.8145,150.0751,100,30.8,N
2020-01-04,-36.1902,150.0222,60,17.7,N
2020-01-04,-36.1461,149.444,67,17.9,N
2020-01-04,-36.3853,149.6178,100,24.7,N
2020-01-04,-36.4071,149.5768,94,55.5,N
2020-01-04,-36.5551,149.935,70,14.5,N
2020-01-04,-36.5963,147.8169,73,20.0,N
2020-01-04,-37.1035,149.7794,100,89.8,N
2020-01-04,-37.1179,149.8112,100,0.0,N
2020-01-04,-37.1304,149.8318,100,0.0,N
2020-01-04,-37.136,149.8069,100,0.0,N
2020-01-04,-37.1397,149.7705,100,0.0,N
2020-01-04,-37.1275,149.638,92,0.0,N
2020-01-04,-37.1185,149.5215,100,0.0,N
2020-01-04,-37.1685,149.8406,100,0.0,N
2020-01-04,-37.174,149.8157,100,0.0,N
2020-01-04,-37.1367,149.5172,100,0.0,N
2020-01-04,-37.1221,149.3652,100,296.9,N
2020-01-04,-37.1956,149.8342,97,0.0,N
2020-01-04,-37.1531,149.5012,100,0.0,N
2020-01-04,-37.2326,150.0136,90,0.0,N
2020-01-04,-37.2312,149.9435,100,173.4,N
2020-01-04,-37.1874,149.5998,100,0.0,N
2020-01-04,-37.1839,149.5177,100,0.0,N
2020-01-04,-37.1804,149.4345,100,0.0,N
2020-01-04,-37.1619,149.2766,100,412.5,N
2020-01-04,-37.2148,149.6098,100,0.0,N
2020-01-04,-37.1986,149.4473,100,0.0,N
2020-01-04,-37.1857,149.3066,100,57.0,N
2020-01-04,-37.279,149.9017,95,0.0,N
2020-01-04,-37.2616,149.7289,99,0.0,N
2020-01-04,-37.2457,149.5669,100,0.0,N
2020-01-04,-37.253,149.5533,100,111.2,N
2020-01-04,-37.3204,149.9272,100,75.1,N
2020-01-04,-37.233,149.2467,100,57.8,N
2020-01-04,-37.2421,149.2443,86,47.6,N
2020-01-04,-37.2487,149.237,100,0.0,N
2020-01-04,-37.3515,149.8908,100,206.5,N
2020-01-04,-37.3447,149.7861,100,0.0,N
2020-01-04,-37.3145,149.5326,100,74.4,N
2020-01-04,-37.2723,149.207,100,29.1,N
2020-01-04,-37.3751,149.8617,100,100.5,N
2020-01-04,-37.3806,149.8367,100,110.7,N
2020-01-04,-37.3826,149.7888,85,61.4,N
2020-01-04,-37.3454,149.489,100,117.3,N
2020-01-04,-37.3163,149.2449,83,32.0,N
2020-01-04,-37.4095,149.8418,52,16.5,N
2020-01-04,-37.3672,149.5076,100,22.9,N
2020-01-04,-37.3271,149.1932,51,17.4,N
2020-01-04,-37.4188,149.7801,100,47.7,N
2020-01-04,-37.4105,149.6806,89,55.1,N
2020-01-04,-37.3817,149.4375,100,92.7,N
2020-01-04,-37.3297,149.0525,65,18.4,N
2020-01-04,-37.3332,149.0156,100,30.5,N
2020-01-04,-37.4589,149.811,98,25.2,N
2020-01-04,-37.4449,149.6604,89,31.0,N
2020-01-04,-37.3889,149.2444,100,25.8,N
2020-01-04,-37.4181,149.3688,100,134.2,N
2020-01-04,-37.4106,149.2018,88,17.2,N
2020-01-04,-37.4539,149.306,94,17.1,N
2020-01-04,-37.503,149.2578,100,46.6,N
2020-01-04,-37.5612,149.2847,91,14.2,N
2020-01-04,-37.6259,149.166,70,18.9,N
2020-01-04,-37.6496,149.136,100,40.4,N
2020-01-04,-37.6861,149.1268,82,26.2,N
2020-01-04,-31.9988,121.626,51,14.4,N
2020-01-05,-19.7628,144.4832,61,10.2,D
2020-01-05,-25.0866,147.6269,54,11.3,D
2020-01-05,-29.408,152.1637,87,110.9,D
2020-01-05,-30.8674,151.0338,100,171.8,D
2020-01-05,-32.5555,150.436,89,90.5,D
2020-01-05,-33.1539,150.067,67,43.6,D
2020-01-05,-34.3306,150.3117,91,95.1,D
2020-01-05,-30.8357,123.3065,94,61.0,D
2020-01-05,-32.5787,121.9759,100,388.5,D
2020-01-05,-33.844,150.3796,95,402.1,D
2020-01-05,-31.5876,152.0919,89,187.6,D
2020-01-05,-30.0916,151.2824,82,132.8,D
2020-01-05,-20.4805,148.6723,58,117.4,D
2020-01-05,-35.9134,136.5877,94,1801.8,D
2020-01-05,-19.8,143.7419,83,193.8,D
2020-01-05,-16.8895,128.1044,88,66.2,D
2020-01-05,-32.6125,122.0257,100,685.9,D
2020-01-05,-32.5698,122.004,82,91.7,D
2020-01-05,-31.9116,121.5444,85,136.7,D
2020-01-05,-35.8337,147.6211,100,65.3,N
2020-01-05,-32.6449,150.1698,62,9.9,N
2020-01-05,-30.0916,151.295,100,26.1,N
2020-01-05,-29.0709,150.7993,100,38.9,N
2020-01-05,-25.4276,149.1991,100,26.4,N
2020-01-05,-24.6391,151.5255,67,7.7,N
2020-01-05,-19.8913,144.3574,64,27.2,N
2020-01-05,-17.11,144.1586,53,15.1,N
2020-01-05,-32.6409,122.035,100,1744.1,N
2020-01-05,-32.588,122.0512,99,42.8,N
2020-01-05,-32.2293,123.3742,93,42.1,N
2020-01-05,-19.4154,143.3943,86,10.6,N
2020-01-05,-35.5668,148.4478,65,79.5,N
2020-01-05,-31.3254,151.2889,74,36.1,D
2020-01-06,-12.8447,142.3586,58,13.9,D
2020-01-06,-32.5854,122.2498,54,46.4,D
2020-01-06,-41.7203,148.0174,91,73.6,D
2020-01-06,-32.5636,150.1678,57,18.4,D
2020-01-06,-30.7903,152.0245,66,17.4,D
2020-01-06,-30.2114,150.3066,77,21.6,D
2020-01-06,-29.1146,150.8144,63,22.0,D
2020-01-06,-25.4384,149.1645,98,56.1,D
2020-01-06,-24.6527,146.826,72,21.7,D
2020-01-06,-18.0728,145.5501,71,27.9,D
2020-01-06,-17.0051,143.9902,100,105.9,D
2020-01-06,-14.9729,143.4252,84,30.0,D
2020-01-06,-35.8739,136.5753,75,591.6,D
2020-01-06,-35.811,136.6434,55,28.4,D
2020-01-06,-32.9529,123.7438,78,41.0,D
2020-01-06,-32.7752,124.2796,66,30.0,D
2020-01-06,-32.557,123.4109,98,81.5,D
2020-01-06,-32.6501,122.0194,92,87.7,D
2020-01-06,-32.4933,123.1804,96,72.9,D
2020-01-06,-32.6254,121.9573,100,303.8,D
2020-01-06,-32.4462,123.1598,95,68.8,D
2020-01-06,-32.4064,123.1476,99,70.9,D
2020-01-06,-32.4517,121.976,100,210.7,D
2020-01-06,-32.2695,123.3551,100,394.3,D
2020-01-06,-32.2488,123.3639,100,560.8,D
2020-01-06,-32.4274,121.2738,67,26.1,D
2020-01-06,-31.9011,121.5324,69,42.7,D
2020-01-06,-30.9231,123.4661,52,12.3,D
2020-01-06,-35.6898,137.1228,84,33.6,N
2020-01-06,-17.1201,144.1269,100,38.4,N
2020-01-06,-30.5205,150.8404,74,12.4,N
2020-01-06,-32.538,123.3464,93,24.0,N
2020-01-06,-32.6243,122.0099,75,18.3,N
2020-01-06,-32.4029,123.0735,100,93.2,N
2020-01-06,-32.4427,122.0497,100,27.8,N
2020-01-06,-31.9618,121.5562,70,9.5,N
2020-01-06,-31.8481,121.4963,92,54.8,N
2020-01-06,-32.549,123.3606,100,53.2,N
2020-01-07,-18.3531,145.3697,72,48.2,D
2020-01-07,-35.8054,136.6396,87,89.0,D
2020-01-07,-31.875,121.5196,100,70.6,D
2020-01-07,-31.9351,121.3759,78,26.3,D
2020-01-07,-32.4374,123.1075,100,59.4,D
2020-01-07,-32.5553,123.3529,100,947.7,D
2020-01-07,-32.3889,121.5068,73,22.3,D
2020-01-07,-32.4386,121.2972,84,33.3,D
2020-01-07,-32.6119,122.2323,100,184.5,D
2020-01-07,-32.6105,122.1003,100,489.2,D
2020-01-07,-32.6606,122.3147,100,177.2,D
2020-01-07,-32.6529,122.0186,100,77.2,D
2020-01-07,-32.6627,121.9611,100,98.6,D
2020-01-07,-32.6824,121.968,100,109.9,D
2020-01-07,-32.7126,121.9888,100,539.6,D
2020-01-07,-29.4362,152.0744,59,66.8,D
2020-01-07,-35.935,137.0967,92,52.5,D
2020-01-07,-35.8514,136.5831,68,40.7,D
2020-01-07,-35.7868,136.6264,85,78.6,D
2020-01-07,-15.7268,132.2229,100,146.2,D
2020-01-07,-32.9767,123.7265,100,656.9,D
2020-01-07,-32.8377,124.1007,83,109.8,D
2020-01-07,-32.9098,123.6743,100,633.9,D
2020-01-07,-32.6117,123.3212,86,139.3,D
2020-01-07,-32.5307,123.3748,94,541.4,D
2020-01-07,-32.48,123.1713,50,73.6,D
2020-01-07,-32.674,122.3013,86,110.9,D
2020-01-07,-32.474,123.0889,100,665.2,D
2020-01-07,-32.6745,122.0419,99,165.2,D
2020-01-07,-32.4452,123.0303,100,241.9,D
2020-01-07,-32.4045,123.0933,87,114.9,D
2020-01-07,-32.357,123.1979,100,502.2,D
2020-01-07,-32.4645,122.0337,100,163.7,D
2020-01-07,-32.4357,121.304,90,67.3,D
2020-01-07,-31.9548,121.6361,95,124.0,D
2020-01-07,-31.8907,121.4555,100,613.8,D
2020-01-07,-31.6716,119.7603,55,36.3,D
2020-01-07,-35.7898,147.6013,55,29.4,N
2020-01-07,-33.1961,123.3155,53,20.9,N
2020-01-07,-32.7675,124.0712,100,66.1,N
2020-01-07,-32.5977,123.3066,100,385.9,N
2020-01-07,-32.6112,122.2113,62,43.3,N
2020-01-07,-32.4886,123.1696,95,60.3,N
2020-01-07,-32.484,123.0111,100,199.9,N
2020-01-07,-32.4638,122.0374,87,49.9,N
2020-01-07,-31.8921,121.4669,100,127.9,N
2020-01-07,-35.5935,147.9032,75,14.1,N
2020-01-07,-31.0522,123.7272,100,24.5,N
2020-01-07,-31.8795,121.4734,51,12.0,N
2020-01-07,-31.919,121.628,84,8.8,N
2020-01-07,-32.2452,121.3943,72,7.7,N
2020-01-07,-32.5966,123.3126,100,73.9,N
2020-01-07,-32.7367,121.9824,97,15.5,N
2020-01-08,-16.09,144.7824,52,18.5,D
2020-01-08,-27.4395,148.0352,56,55.5,D
2020-01-08,-35.8291,136.6029,100,66.2,D
2020-01-08,-31.8434,121.5031,78,106.3,D
2020-01-08,-31.8851,121.4607,80,85.4,D
2020-01-08,-32.3428,123.1722,97,421.7,D
2020-01-08,-32.4815,123.1562,80,186.3,D
2020-01-08,-32.5341,123.1055,94,5936.8,D
2020-01-08,-32.5368,123.0572,94,7060.7,D
2020-01-08,-32.5083,121.3937,80,123.4,D
2020-01-08,-32.6484,122.3409,100,2339.2,D
2020-01-08,-32.7941,124.2563,55,120.4,D
2020-01-08,-32.6532,122.2596,95,276.8,D
2020-01-08,-32.6959,122.1835,81,148.4,D
2020-01-08,-32.8488,124.2953,100,3772.4,D
2020-01-08,-32.767,122.0704,100,7125.0,D
2020-01-08,-32.7487,122.1017,74,207.3,D
2020-01-08,-32.8942,124.1389,100,4556.5,D
2020-01-08,-35.8196,147.5958,86,121.7,D
2020-01-08,-30.6814,152.5779,77,18.8,D
2020-01-08,-29.0495,150.7776,100,83.5,D
2020-01-08,-24.6586,151.5208,91,47.1,D
2020-01-08,-16.0965,144.7573,72,22.7,D
2020-01-08,-33.2544,122.2828,81,90.1,D
2020-01-08,-32.8224,124.2932,100,0.0,D
2020-01-08,-32.7512,124.0956,54,59.4,D
2020-01-08,-32.6073,123.271,100,172.5,D
2020-01-08,-32.5898,123.0814,75,188.0,D
2020-01-08,-32.5719,123.185,89,101.9,D
2020-01-08,-32.5613,123.0515,100,515.6,D
2020-01-08,-32.5187,123.1218,100,704.9,D
2020-01-08,-32.481,123.0738,100,139.1,D
2020-01-08,-32.5783,120.9342,50,148.4,D
2020-01-08,-31.9391,121.5373,87,246.9,D
2020-01-08,-36.9014,146.9177,100,27.3,N
2020-01-08,-36.5921,148.1107,61,7.5,N
2020-01-08,-36.6555,146.5666,100,18.4,N
2020-01-08,-35.9887,148.2588,72,10.3,N
2020-01-08,-35.8853,147.9091,74,8.4,N
2020-01-08,-35.5786,148.4652,100,23.1,N
2020-01-08,-35.5228,148.3527,100,35.0,N
2020-01-08,-35.776,136.5981,56,61.5,N
2020-01-08,-19.8406,144.3272,90,11.6,N
2020-01-08,-36.6301,146.5975,99,89.2,N
2020-01-09,-25.6497,153.0593,69,25.9,D
2020-01-09,-35.2612,147.8492,69,16.5,D
2020-01-09,-35.8208,148.7041,100,217.1,D
2020-01-09,-36.6192,148.0886,73,15.2,D
2020-01-09,-35.731,137.3079,84,198.4,D
2020-01-09,-18.6246,126.4079,86,38.0,D
2020-01-09,-41.7471,148.0111,89,40.4,D
2020-01-09,-37.5675,149.0757,89,60.0,D
2020-01-09,-36.8161,148.1008,95,78.8,D
2020-01-09,-36.8303,146.6333,94,58.5,D
2020-01-09,-36.6434,146.586,100,82.0,D
2020-01-09,-36.3626,147.8119,95,66.6,D
2020-01-09,-35.8479,148.7085,87,51.2,D
2020-01-09,-35.8395,148.6028,60,40.8,D
2020-01-09,-35.5765,148.463,91,79.4,D
2020-01-09,-35.947,137.1721,94,93.2,D
2020-01-09,-35.7446,137.2815,100,971.6,D
2020-01-09,-31.1804,149.2416,66,64.0,D
2020-01-09,-24.7711,146.6864,86,65.7,D
2020-01-09,-22.1674,146.9058,81,44.5,D
2020-01-09,-19.5204,144.7124,88,64.8,D
2020-01-09,-14.9221,143.0616,62,21.8,D
2020-01-09,-22.3206,146.9303,75,43.5,N
2020-01-09,-19.4827,143.3266,61,13.3,N
2020-01-09,-25.4535,149.1815,78,7.7,N
2020-01-09,-35.538,148.4144,100,26.6,N
2020-01-09,-36.5426,148.1649,62,8.0,N
2020-01-09,-36.9792,146.7236,100,20.1,N
2020-01-09,-37.5567,149.3077,56,13.2,N
2020-01-10,-17.1,142.3254,67,7.5,D
2020-01-10,-19.4921,143.3545,53,10.6,D
2020-01-10,-32.2369,146.1624,80,49.1,D
2020-01-10,-37.4213,148.4383,77,71.8,D
2020-01-10,-35.928,148.8934,85,94.9,D
2020-01-10,-34.9935,150.0157,97,177.5,D
2020-01-10,-31.5642,151.4413,56,24.6,D
2020-01-10,-30.5032,151.0534,100,147.6,D
2020-01-10,-22.2816,150.1156,61,17.5,D
2020-01-10,-33.2177,122.196,93,281.1,D
2020-01-10,-32.67,150.0714,66,11.0,N
2020-01-10,-31.5337,151.4358,100,26.7,N
2020-01-10,-31.1963,149.2743,100,19.7,N
2020-01-10,-30.1178,150.0167,100,93.7,N
2020-01-10,-22.6384,147.535,83,9.0,N
2020-01-10,-19.7717,144.2553,65,6.7,N
2020-01-10,-19.3536,143.2538,57,6.0,N
2020-01-10,-34.8103,150.0835,97,96.6,N
2020-01-10,-32.7168,150.0548,75,15.3,D
2020-01-10,-36.1608,149.4326,89,44.6,D
2020-01-10,-37.1764,149.957,100,114.4,D
2020-01-10,-37.2613,149.8518,82,35.9,D
2020-01-11,-37.6626,149.2251,76,16.2,D
2020-01-11,-37.4678,149.6485,94,55.5,D
2020-01-11,-37.4115,149.6968,94,53.6,D
2020-01-11,-37.359,149.7543,94,56.3,D
2020-01-11,-37.3137,149.7933,94,53.3,D
2020-01-11,-37.3313,149.5066,96,62.8,D
2020-01-11,-37.3001,149.5417,100,97.0,D
2020-01-11,-37.2971,149.4407,100,274.6,D
2020-01-11,-37.2572,149.5682,100,167.6,D
2020-01-11,-37.1625,149.9659,100,336.7,D
2020-01-11,-37.136,149.9274,99,88.6,D
2020-01-11,-37.1469,149.6223,78,47.2,D
2020-01-11,-37.1047,149.4281,74,26.7,D
2020-01-11,-37.085,149.3112,98,72.1,D
2020-01-11,-37.0494,149.321,100,422.3,D
2020-01-11,-36.4604,149.5356,56,16.9,D
2020-01-11,-36.6124,148.091,99,78.0,D
2020-01-11,-36.746,146.6478,80,23.6,D
2020-01-11,-36.366,148.0675,58,23.2,D
2020-01-11,-36.374,147.7152,92,50.5,D
2020-01-11,-36.3067,147.6699,83,37.9,D
2020-01-11,-35.9398,149.4709,100,484.4,D
2020-01-11,-35.8775,148.717,74,27.6,D
2020-01-11,-35.8174,148.6372,95,56.6,D
2020-01-11,-35.8839,148.088,100,645.1,D
2020-01-11,-35.8866,147.9539,100,159.3,D
2020-01-11,-35.8318,147.5205,83,20.8,D
2020-01-11,-35.6009,148.6738,100,111.8,D
2020-01-11,-35.5564,148.4722,51,13.9,D
2020-01-11,-35.5087,148.3729,77,34.4,D
2020-01-11,-35.471,148.3224,91,50.7,D
2020-01-11,-36.0066,137.019,69,336.0,D
2020-01-11,-19.9051,144.2087,89,38.5,D
2020-01-11,-19.851,144.2635,91,38.4,D
2020-01-11,-18.3801,145.3779,85,46.9,D
2020-01-11,-16.7228,145.1152,97,75.9,D
2020-01-11,-16.0655,144.7372,81,19.4,D
2020-01-11,-33.2276,122.1383,98,78.5,D
2020-01-11,-32.6785,122.1182,100,350.0,D
2020-01-11,-32.3764,121.4807,74,13.4,D
2020-01-11,-36.729,146.5942,51,15.9,N
2020-01-11,-19.8671,144.2303,100,118.9,N
2020-01-11,-30.111,150.0834,74,12.3,N
2020-01-11,-35.4664,148.3477,85,17.1,N
2020-01-11,-35.7233,148.5838,100,59.6,N
2020-01-11,-35.8807,147.9326,100,20.9,N
2020-01-11,-36.3269,148.0091,99,19.7,N
2020-01-11,-36.3717,147.7163,70,27.6,N
2020-01-11,-36.8561,146.7793,81,16.8,N
2020-01-12,-17.0714,144.7743,92,46.0,D
2020-01-12,-17.9818,144.0499,82,25.6,D
2020-01-12,-31.1794,149.2398,63,49.6,D
2020-01-12,-37.1731,149.2557,82,63.3,D
2020-01-12,-32.4868,121.3087,83,30.3,D
2020-01-12,-37.3233,149.7851,54,58.9,D
2020-01-12,-31.6667,150.9618,51,58.2,D
2020-01-12,-37.719,149.2359,86,200.1,D
2020-01-12,-36.9071,146.792,74,83.5,D
2020-01-12,-35.7978,148.7265,72,166.6,D
2020-01-12,-35.8227,137.4158,82,21.3,D
2020-01-12,-16.7449,137.4676,96,141.3,D
2020-01-12,-33.2109,122.1767,84,207.6,D
2020-01-12,-37.7347,149.2119,100,620.7,N
2020-01-12,-37.5787,149.2697,100,399.8,N
2020-01-12,-37.3451,149.7147,99,27.8,N
2020-01-12,-37.3572,149.24,67,37.9,N
2020-01-12,-37.1536,149.6358,84,19.9,N
2020-01-12,-36.8721,146.605,57,16.8,N
2020-01-12,-36.5535,148.1085,58,30.5,N
2020-01-12,-36.3535,147.7208,100,65.6,N
2020-01-12,-35.4616,148.4554,58,31.0,N
2020-01-12,-17.146,145.0842,54,6.0,N
2020-01-12,-37.7007,149.216,79,120.3,N
2020-01-12,-16.7674,129.6554,89,24.3,N
2020-01-12,-17.7793,143.9074,95,12.7,N
2020-01-12,-37.586,149.2848,100,294.6,N
2020-01-12,-35.8753,148.8897,85,73.5,D
2020-01-12,-36.8311,148.1031,77,49.5,D
2020-01-12,-37.296,149.4848,64,60.4,D
2020-01-12,-37.3478,149.048,70,44.1,D
2020-01-12,-37.5988,149.2478,86,51.8,D
2020-01-13,-16.2214,143.942,70,55.4,D
2020-01-13,-41.7403,148.0157,73,17.2,D
2020-01-13,-37.7352,149.0867,100,130.1,D
2020-01-13,-37.7105,149.1303,77,23.2,D
2020-01-13,-37.6782,148.8974,53,14.0,D
2020-01-13,-37.604,149.2484,95,57.1,D
2020-01-13,-37.5366,149.2035,82,22.8,D
2020-01-13,-37.4136,149.7215,100,235.9,D
2020-01-13,-37.3595,149.9104,100,140.6,D
2020-01-13,-37.4178,149.342,92,45.9,D
2020-01-13,-37.3902,149.408,92,47.4,D
2020-01-13,-37.3307,149.7205,99,75.0,D
2020-01-13,-37.3779,149.2314,59,29.5,D
2020-01-13,-37.4633,148.4996,69,10.7,D
2020-01-13,-37.4045,148.8842,73,14.8,D
2020-01-13,-37.3181,149.3977,100,136.6,D
2020-01-13,-37.3536,149.0569,67,31.7,D
2020-01-13,-37.3475,149.0312,98,73.2,D
2020-01-13,-37.2145,149.9013,73,18.5,D
2020-01-13,-37.2603,149.499,100,273.7,D
2020-01-13,-37.2978,149.1483,84,23.6,D
2020-01-13,-37.2267,149.5391,100,136.7,D
2020-01-13,-37.2007,149.5926,88,32.8,D
2020-01-13,-37.2456,149.1862,90,41.3,D
2020-01-13,-37.1703,149.6098,100,245.8,D
2020-01-13,-37.1298,149.6415,76,20.0,D
2020-01-13,-37.0833,149.5201,99,74.3,D
2020-01-13,-37.0774,149.4249,67,35.1,D
2020-01-13,-37.1356,148.4243,62,7.1,D
2020-01-13,-36.5658,149.9374,50,10.9,D
2020-01-13,-36.4685,149.9799,93,50.2,D
2020-01-13,-36.351,149.9592,64,12.7,D
2020-01-13,-36.2905,149.9921,50,12.4,D
2020-01-13,-36.0783,150.0083,58,13.5,D
2020-01-13,-36.3309,147.6581,62,16.8,D
2020-01-13,-35.8678,150.0646,100,80.1,D
2020-01-13,-35.9551,148.8999,76,20.7,D
2020-01-13,-35.8955,148.8529,98,70.3,D
2020-01-13,-35.8193,148.6839,76,23.4,D
2020-01-13,-35.8681,148.09,100,81.1,D
2020-01-13,-35.6927,148.5233,72,19.4,D
2020-01-13,-35.5557,148.5307,100,85.3,D
2020-01-13,-35.4635,148.3143,94,60.2,D
2020-01-13,-32.657,150.0553,58,15.6,D
2020-01-13,-18.363,145.4025,51,11.3,D
2020-01-13,-16.9522,144.3219,92,35.7,D
2020-01-13,-32.6137,123.4053,92,40.8,D
2020-01-13,-32.4585,123.6709,80,20.8,D
2020-01-13,-18.501,124.2438,81,31.9,D
2020-01-13,-37.7563,149.0453,100,132.6,N
2020-01-13,-37.5928,149.2782,53,13.0,N
2020-01-13,-37.4242,149.3082,66,31.0,N
2020-01-13,-37.2274,150.0062,100,84.8,N
2020-01-13,-37.1487,149.9571,100,63.0,N
2020-01-13,-37.1808,149.5902,68,56.2,N
2020-01-13,-37.4227,147.482,58,9.9,N
2020-01-13,-36.734,147.8295,65,13.7,N
2020-01-13,-36.143,149.37,84,29.8,N
2020-01-13,-35.5991,148.7008,96,40.6,N
2020-01-13,-16.784,129.6862,100,147.9,N
2020-01-13,-35.7729,148.7149,74,16.0,N
2020-01-13,-36.3426,149.9672,65,8.3,N
2020-01-13,-36.3358,147.735,52,17.1,N
2020-01-13,-37.1446,149.9598,100,28.7,N
2020-01-13,-37.1786,149.6112,100,30.8,N
2020-01-13,-37.2885,149.7373,99,20.8,N
2020-01-13,-37.2976,149.4806,100,33.9,N
2020-01-13,-37.3815,149.7443,100,35.9,N
2020-01-13,-37.296,149.047,95,20.0,N
2020-01-13,-37.4676,149.819,62,13.0,N
2020-01-13,-37.4163,149.209,100,37.4,N
2020-01-13,-37.5861,149.3051,55,13.2,N
2020-01-13,-37.7252,149.0928,100,24.2,N
2020-01-13,-37.7472,149.0935,100,163.4,N
2020-01-13,-37.5815,147.4906,56,12.7,N
2020-01-14,-28.6588,148.1734,99,65.3,D
2020-01-14,-35.4689,148.5035,92,64.6,D
2020-01-14,-35.6458,148.5421,99,104.1,D
2020-01-14,-35.843,148.5794,83,35.2,D
2020-01-14,-36.8062,148.1489,86,35.5,D
2020-01-14,-37.0657,149.397,59,12.3,D
2020-01-14,-37.1945,149.5535,79,27.7,D
2020-01-14,-37.0129,146.7577,62,11.4,D
2020-01-14,-37.3755,149.1398,56,10.1,D
2020-01-14,-37.4699,148.5428,87,39.3,D
2020-01-14,-37.7444,149.1845,81,45.3,D
2020-01-14,-37.7595,149.0235,67,175.2,D
2020-01-14,-37.536,148.0801,82,68.9,D
2020-01-14,-37.3983,147.4798,61,25.3,D
2020-01-14,-36.4165,149.5104,98,316.4,D
2020-01-14,-35.8745,148.0757,60,51.1,D
2020-01-14,-35.4552,148.3025,57,85.2,D
2020-01-14,-37.7537,148.8545,100,52.5,N
2020-01-14,-37.6911,148.8423,75,27.1,N
2020-01-14,-37.4257,149.2857,61,32.0,N
2020-01-14,-37.4818,147.4923,100,127.2,N
2020-01-14,-37.3183,147.2533,100,196.7,N
2020-01-14,-36.7354,146.5638,69,32.5,N
2020-01-14,-35.4955,148.4704,54,42.7,N
2020-01-14,-32.4912,150.7308,100,35.6,N
2020-01-14,-28.3265,148.322,64,13.5,N
2020-01-14,-22.8432,148.6318,100,37.1,N
2020-01-14,-21.6467,147.5304,65,6.1,N
2020-01-14,-26.4916,150.7982,64,16.8,N
2020-01-14,-36.718,146.705,99,31.7,N
2020-01-14,-36.9773,146.6799,80,19.6,N
2020-01-14,-37.3292,147.7217,83,26.8,N
2020-01-14,-37.4854,147.5035,100,47.2,N
2020-01-14,-37.6775,148.5756,72,20.7,N
2020-01-15,-18.982,143.8456,60,16.0,D
2020-01-15,-37.4236,149.8284,72,16.4,D
2020-01-15,-37.2251,149.882,98,89.0,D
2020-01-15,-37.0774,149.7583,83,31.0,D
2020-01-15,-36.4789,149.9433,88,42.9,D
2020-01-15,-36.1747,150.0305,73,18.1,D
2020-01-15,-35.9136,149.6665,93,60.7,D
2020-01-15,-35.8675,148.8807,63,33.0,D
2020-01-15,-21.9345,149.3443,76,22.0,D
2020-01-15,-19.9212,145.8043,100,192.8,D
2020-01-15,-17.84,145.3743,55,22.5,D
2020-01-15,-30.1195,150.0754,62,17.1,N
2020-01-16,-27.8122,147.5296,79,18.8,D
2020-01-16,-36.7308,146.5764,90,40.9,D
2020-01-16,-18.5163,127.3801,73,15.1,D
2020-01-16,-36.9959,146.7467,51,11.2,D
2020-01-16,-36.822,146.8413,90,48.9,D
2020-01-16,-36.4004,147.6749,97,105.7,D
2020-01-16,-36.3031,147.6928,100,150.0,D
2020-01-16,-16.8101,137.171,69,11.8,D
2020-01-16,-36.7048,146.6982,70,20.6,N
2020-01-17,-14.2355,136.8146,94,118.1,D
2020-01-17,-37.034,146.7404,87,147.1,D
2020-01-17,-26.3766,118.0369,75,93.2,D
2020-01-17,-36.9813,146.5956,92,17.0,N
2020-01-17,-36.3156,148.1935,100,19.6,N
2020-01-17,-19.2839,139.4797,79,7.3,N
2020-01-18,-14.2417,136.8494,94,99.3,D
2020-01-18,-36.9989,146.6593,100,92.4,D
2020-01-18,-36.6336,148.1552,69,18.6,D
2020-01-18,-17.9386,145.2641,74,43.4,D
2020-01-18,-13.8923,142.6392,91,43.7,D
2020-01-18,-33.3001,117.1115,77,18.4,D
2020-01-19,-16.8629,143.6405,75,13.8,D
2020-01-19,-31.1137,145.6889,79,28.5,D
2020-01-19,-24.1984,149.5258,89,10.0,N
2020-01-20,-23.0306,115.5241,76,59.7,D
2020-01-20,-23.0509,115.5418,68,32.1,D
2020-01-20,-33.151,115.7418,65,7.9,N
2020-01-21,-28.2342,149.8592,81,23.7,D
2020-01-21,-32.8276,124.3571,100,407.3,D
2020-01-21,-36.6018,141.0564,68,20.3,D
2020-01-21,-32.8005,124.4044,96,423.8,D
2020-01-21,-19.4676,145.5898,64,11.5,N
2020-01-22,-37.3595,149.9242,52,9.1,D
2020-01-22,-35.7428,149.8295,91,42.0,D
2020-01-22,-31.9981,149.0421,100,634.7,D
2020-01-22,-26.0141,151.2197,73,13.4,D
2020-01-22,-12.7351,143.236,57,13.3,D
2020-01-22,-31.983,149.0398,100,128.8,N
2020-01-22,-21.8918,115.8047,76,26.0,N
2020-01-23,-31.9956,149.0816,59,11.2,D
2020-01-23,-32.0288,149.0692,100,922.8,D
2020-01-23,-34.8125,150.0948,87,37.9,D
2020-01-23,-35.9466,148.7531,81,22.0,D
2020-01-23,-35.2218,149.8942,59,57.4,D
2020-01-23,-18.0722,125.4617,56,77.7,D
2020-01-23,-36.7297,149.4195,80,51.1,N
2020-01-23,-27.3063,147.974,100,92.0,N
2020-01-23,-36.365,150.0083,60,53.6,N
2020-01-24,-37.4257,149.2776,73,46.1,D
2020-01-24,-37.2471,149.1264,99,164.9,D
2020-01-24,-36.4846,149.9574,65,20.2,D
2020-01-24,-36.1793,149.3964,71,27.9,D
2020-01-24,-34.725,150.3071,68,27.4,D
2020-01-24,-37.6815,148.9404,100,26.3,N
2020-01-25,-31.3303,146.3334,88,54.2,D
2020-01-25,-37.3197,149.4675,97,64.5,D
2020-01-25,-37.6942,148.9429,98,67.6,D
2020-01-25,-37.678,148.9213,50,21.0,D
2020-01-25,-37.4699,148.0607,56,10.4,D
2020-01-25,-36.1089,150.0979,75,148.3,D
2020-01-25,-35.8608,149.6429,50,30.5,D
2020-01-25,-35.8817,148.8515,52,7.9,N
2020-01-25,-35.8883,149.6718,73,127.1,D
2020-01-26,-35.8369,149.695,90,223.8,D
2020-01-26,-37.0358,149.4112,92,272.7,D
2020-01-26,-21.9393,116.5059,100,90.6,D
2020-01-26,-37.4057,149.3108,85,99.5,D
2020-01-26,-36.7487,149.4269,96,207.4,D
2020-01-26,-36.2978,149.5463,100,350.4,D
2020-01-26,-35.9958,149.3246,89,110.5,D
2020-01-26,-35.8259,149.6744,100,254.6,D
2020-01-26,-35.7392,149.8021,83,66.5,D
2020-01-26,-30.8472,152.5033,65,13.3,D
2020-01-26,-36.1019,150.08,100,24.3,N
2020-01-26,-36.0139,149.325,100,27.8,N
2020-01-26,-35.8244,149.8301,50,9.9,N
2020-01-26,-36.0065,149.3429,73,54.4,N
2020-01-26,-35.8989,149.6474,100,191.2,D
2020-01-26,-36.7254,149.3552,89,44.0,D
2020-01-26,-37.3247,149.4881,84,26.5,D
2020-01-27,-37.2913,149.0598,92,50.7,D
2020-01-27,-36.0509,149.4832,100,244.5,D
2020-01-27,-35.8953,148.8452,84,36.9,D
2020-01-27,-35.5855,148.9335,100,318.8,D
2020-01-27,-32.74,122.1839,88,107.5,D
2020-01-27,-35.5818,148.9323,83,78.7,N
2020-01-27,-35.5876,148.9571,76,24.8,N
2020-01-27,-35.9924,149.3225,60,6.4,N
2020-01-28,-32.8262,124.3516,98,129.3,D
2020-01-28,-32.781,122.1608,100,2462.1,D
2020-01-28,-35.6043,148.9685,78,302.3,D
2020-01-28,-35.5727,148.9549,100,4167.6,D
2020-01-28,-32.878,124.3246,86,191.2,D
2020-01-28,-18.6581,126.3638,60,23.1,D
2020-01-28,-32.7977,122.1967,85,224.4,D
2020-01-28,-35.9831,149.3142,50,9.4,N
2020-01-28,-35.614,148.9139,100,117.6,N
2020-01-28,-35.5336,148.9754,100,45.3,N
2020-01-28,-24.8862,150.0737,56,3.8,N
2020-01-28,-32.921,124.2996,100,23.3,N
2020-01-28,-32.8393,122.1654,99,31.3,N
2020-01-28,-32.63,123.3892,100,148.7,N
2020-01-28,-32.6507,123.4168,90,39.9,N
2020-01-28,-35.5351,148.9882,59,63.1,D
2020-01-28,-36.7582,149.3955,83,54.1,D
2020-01-29,-32.6442,123.3991,100,425.3,D
2020-01-29,-32.9388,124.3407,82,1260.1,D
2020-01-29,-37.3745,149.2678,93,53.7,D
2020-01-29,-37.3455,148.9291,71,19.1,D
2020-01-29,-37.0626,149.468,91,42.7,D
2020-01-29,-36.7589,149.4152,67,16.2,D
2020-01-29,-35.9964,150.0751,100,151.0,D
2020-01-29,-35.9336,149.9975,96,59.8,D
2020-01-29,-35.9277,149.5217,68,20.3,D
2020-01-29,-35.8305,149.7523,93,51.0,D
2020-01-29,-35.7307,149.804,56,7.9,D
2020-01-29,-35.6401,148.9409,67,24.7,D
2020-01-29,-35.5702,148.9029,100,250.9,D
2020-01-29,-26.9763,152.7893,85,62.7,D
2020-01-29,-32.9116,124.4412,83,35.2,D
2020-01-29,-32.841,124.4159,77,20.0,D
2020-01-29,-32.6892,123.3976,84,22.0,D
2020-01-29,-32.761,122.2202,100,84.3,D
2020-01-29,-37.5086,148.0719,97,28.5,N
2020-01-29,-36.2705,150.0371,51,15.4,N
2020-01-29,-35.5537,148.9349,73,26.9,N
2020-01-29,-35.6377,148.8966,90,27.2,N
2020-01-29,-35.9849,150.0132,100,22.8,N
2020-01-29,-36.8436,149.4775,74,14.5,N
2020-01-29,-37.3182,149.4891,100,23.2,N
2020-01-29,-37.3341,148.9274,73,11.0,N
2020-01-30,-26.8328,151.9071,52,19.7,D
2020-01-30,-34.7682,143.3308,84,27.0,D
2020-01-30,-35.6426,148.8875,100,434.3,D
2020-01-30,-35.9823,149.9811,56,21.7,D
2020-01-30,-36.0659,149.4575,97,99.3,D
2020-01-30,-37.0415,149.4717,83,40.1,D
2020-01-30,-37.3276,149.4946,87,51.1,D
2020-01-30,-37.5139,148.0773,95,70.8,D
2020-01-30,-25.822,152.417,69,58.5,D
2020-01-30,-37.3382,148.9396,91,169.5,D
2020-01-30,-37.48,148.0688,92,126.4,D
2020-01-30,-37.2032,149.0928,100,3094.6,D
2020-01-30,-36.0604,149.4506,100,340.0,D
2020-01-30,-35.8515,148.8467,95,233.3,D
2020-01-30,-35.5482,149.0184,58,61.6,D
2020-01-30,-14.0139,134.1169,100,137.1,D
2020-01-30,-41.5857,147.7748,100,89.5,N
2020-01-30,-37.4789,148.0592,68,30.7,N
2020-01-30,-37.3417,148.8798,53,20.6,N
2020-01-30,-37.2527,149.0333,100,100.5,N
2020-01-30,-37.1888,149.0257,100,231.4,N
2020-01-30,-37.1621,149.0396,100,168.0,N
2020-01-30,-36.7606,149.3802,76,20.3,N
2020-01-30,-36.0457,149.4405,99,44.2,N
2020-01-30,-35.8136,149.7466,99,34.2,N
2020-01-30,-35.6587,148.985,97,40.7,N
2020-01-30,-35.5303,148.9871,100,87.7,N
2020-01-30,-26.2898,149.5647,82,14.4,N
2020-01-30,-25.5308,151.1743,94,15.2,N
2020-01-30,-24.2666,147.9449,51,5.9,N
2020-01-30,-35.6581,148.9597,100,52.5,N
2020-01-30,-36.3631,149.5501,100,99.3,N
2020-01-30,-37.148,149.0636,66,35.4,N
2020-01-30,-37.2417,149.1031,86,31.3,N
2020-01-30,-37.42,147.4639,63,12.5,N
2020-01-30,-35.6887,148.9454,100,1586.8,D
2020-01-30,-36.3487,149.551,63,44.0,D
2020-01-30,-36.9921,149.4581,75,63.4,D
2020-01-30,-37.2916,149.056,58,36.4,D
2020-01-31,-37.679,148.7896,85,46.1,D
2020-01-31,-37.4081,149.3287,73,33.1,D
2020-01-31,-37.3603,149.4213,91,61.3,D
2020-01-31,-37.486,148.0108,83,38.2,D
2020-01-31,-37.3535,148.8866,100,237.3,D
2020-01-31,-37.2898,149.0328,87,51.5,D
2020-01-31,-37.2337,149.0565,93,68.5,D
2020-01-31,-37.2228,148.7084,73,25.5,D
2020-01-31,-37.224,148.1411,100,281.9,D
2020-01-31,-37.0589,149.3862,93,67.8,D
2020-01-31,-36.998,149.4651,100,241.3,D
2020-01-31,-36.8949,149.485,94,70.4,D
2020-01-31,-36.8346,149.4854,100,838.3,D
2020-01-31,-36.7597,149.4381,100,361.0,D
2020-01-31,-36.377,149.5104,57,38.2,D
2020-01-31,-36.0799,149.4415,63,13.6,D
2020-01-31,-35.9373,149.5484,75,26.7,D
2020-01-31,-35.833,149.843,51,29.1,D
2020-01-31,-35.7753,149.817,77,24.7,D
2020-01-31,-35.6892,148.9488,99,106.7,D
2020-01-31,-35.6605,148.9523,76,23.0,D
2020-01-31,-35.5667,148.8865,87,48.5,D
2020-01-31,-31.6405,152.6824,79,19.8,D
2020-01-31,-26.2249,149.661,84,27.2,D
2020-01-31,-25.9065,151.0681,92,41.8,D
2020-01-31,-24.3279,145.4524,100,174.1,D
2020-01-31,-32.8977,124.2675,90,45.2,D
2020-01-31,-37.7827,148.7044,100,18.9,N
2020-01-31,-37.6247,148.6811,96,13.4,N
2020-01-31,-37.3783,149.3935,100,39.5,N
2020-01-31,-37.3368,149.3962,97,14.2,N
2020-01-31,-37.3634,148.9379,100,561.7,N
2020-01-31,-37.4703,148.0542,100,66.2,N
2020-01-31,-37.2715,149.0636,100,21.2,N
2020-01-31,-37.2612,149.0542,100,19.9,N
2020-01-31,-37.2172,149.1932,100,771.5,N
2020-01-31,-37.2369,149.0188,100,82.2,N
2020-01-31,-37.2198,149.0008,100,55.5,N
2020-01-31,-37.4498,147.4836,100,64.0,N
2020-01-31,-37.1485,149.113,100,26.3,N
2020-01-31,-37.0363,149.4064,97,15.8,N
2020-01-31,-37.2453,148.1213,100,45.6,N
2020-01-31,-37.0246,149.3539,100,490.3,N
2020-01-31,-36.986,149.4581,100,26.9,N
2020-01-31,-37.2041,148.1045,82,8.1,N
2020-01-31,-36.8521,149.5157,100,53.5,N
2020-01-31,-37.0835,148.0388,100,26.6,N
2020-01-31,-36.782,149.4456,100,111.1,N
2020-01-31,-36.9676,148.1809,89,11.4,N
2020-01-31,-36.6858,147.8204,85,8.0,N
2020-01-31,-36.3582,149.507,100,29.6,N
2020-01-31,-36.3433,149.5413,83,12.3,N
2020-01-31,-36.6225,147.7599,100,100.8,N
2020-01-31,-36.0358,149.3507,100,21.2,N
2020-01-31,-35.8794,149.7052,98,20.4,N
2020-01-31,-35.7959,149.8309,82,13.2,N
2020-01-31,-35.7467,149.004,100,391.4,N
2020-01-31,-35.7365,148.9448,100,2143.0,N
2020-01-31,-35.7219,148.9109,100,894.5,N
2020-01-31,-35.6863,148.9967,62,23.1,N
2020-01-31,-35.678,148.8662,100,32.1,N
2020-01-31,-35.5747,149.0458,100,52.6,N
2020-01-31,-35.5301,148.9467,59,19.4,N
2020-01-31,-35.5268,148.9357,57,26.5,N
2020-01-31,-35.6597,148.8879,100,56.1,N
2020-01-31,-35.6764,148.8779,100,64.6,N
2020-01-31,-35.7202,148.9074,100,129.4,N
2020-01-31,-35.7592,148.9754,100,781.4,N
2020-01-31,-35.7584,148.9487,100,4003.3,N
2020-01-31,-35.8335,148.856,56,16.8,N
2020-01-31,-36.7652,149.464,100,40.1,N
2020-01-31,-36.7954,149.3903,100,306.9,N
2020-01-31,-36.8684,149.5189,100,666.8,N
2020-01-31,-36.6158,147.7644,100,95.0,N
2020-01-31,-36.9758,149.4063,100,147.4,N
2020-01-31,-36.979,149.4333,100,28.2,N
2020-01-31,-36.9944,149.3926,78,25.9,N
2020-01-31,-37.0486,149.4867,75,21.2,N
2020-01-31,-37.2129,149.5522,84,15.2,N
2020-01-31,-37.2035,148.9769,78,33.0,N
2020-01-31,-37.3233,149.4568,100,28.5,N
2020-01-31,-37.2513,148.9947,100,40.2,N
2020-01-31,-37.3509,149.367,96,32.6,N
2020-01-31,-37.35,148.9565,100,110.0,N
2020-01-31,-37.2392,148.122,100,41.7,N
2020-01-31,-37.6791,148.7843,75,13.2,N
2020-02-01,-27.5347,152.5005,62,16.5,D
2020-02-01,-35.5234,148.9475,100,102.0,D
2020-02-01,-35.5724,149.0305,70,12.8,D
2020-02-01,-35.6101,148.8435,91,43.8,D
2020-02-01,-35.7905,149.8191,83,21.4,D
2020-02-01,-35.7054,149.0021,90,32.8,D
2020-02-01,-35.8153,149.7467,99,72.7,D
2020-02-01,-35.8447,149.8982,80,33.2,D
2020-02-01,-35.8589,149.9331,93,44.5,D
2020-02-01,-35.7524,149.004,55,26.0,D
2020-02-01,-35.7677,149.0469,100,462.1,D
2020-02-01,-35.7757,148.9816,100,121.9,D
2020-02-01,-35.8916,149.7015,97,61.3,D
2020-02-01,-35.8475,149.0946,100,1644.2,D
2020-02-01,-35.8625,149.0681,100,650.0,D
2020-02-01,-36.0392,149.4319,100,76.9,D
2020-02-01,-36.371,149.5027,94,51.4,D
2020-02-01,-36.7707,149.4898,92,46.7,D
2020-02-01,-36.8264,149.4785,90,38.0,D
2020-02-01,-36.6139,147.7665,58,23.0,D
2020-02-01,-36.8747,149.5116,86,30.5,D
2020-02-01,-36.8886,149.4728,63,12.9,D
2020-02-01,-36.9785,149.3867,100,118.9,D
2020-02-01,-37.0032,149.3579,78,25.9,D
2020-02-01,-37.0129,149.3132,89,31.4,D
2020-02-01,-37.044,149.4781,100,85.2,D
2020-02-01,-37.0607,149.3156,100,1076.8,D
2020-02-01,-37.1907,148.9865,85,43.5,D
2020-02-01,-37.2441,148.9816,81,34.5,D
2020-02-01,-37.3624,149.372,76,29.9,D
2020-02-01,-37.2439,148.1122,75,11.7,D
2020-02-01,-37.4252,147.4586,83,32.2,D
2020-02-01,-37.3616,149.3694,100,444.2,D
2020-02-01,-37.455,148.0441,86,41.0,D
2020-02-01,-37.2499,148.7469,100,165.4,D
2020-02-01,-37.08,149.475,100,658.1,D
2020-02-01,-37.4489,147.4704,94,165.7,D
2020-02-01,-37.0474,149.4757,99,150.5,D
2020-02-01,-37.0521,149.3297,89,59.3,D
2020-02-01,-36.9943,149.3724,98,133.0,D
2020-02-01,-36.9857,149.384,100,228.9,D
2020-02-01,-36.9216,149.5185,100,1227.4,D
2020-02-01,-36.8666,149.604,100,1171.0,D
2020-02-01,-36.8559,149.535,100,260.9,D
2020-02-01,-36.8547,149.5058,95,115.0,D
2020-02-01,-36.795,149.5538,100,961.1,D
2020-02-01,-36.7931,149.4418,100,210.6,D
2020-02-01,-36.785,149.4548,100,219.1,D
2020-02-01,-36.6403,147.8081,68,94.6,D
2020-02-01,-35.8329,149.877,100,790.9,D
2020-02-01,-35.8115,149.7298,71,55.0,D
2020-02-01,-35.9279,149.0779,67,48.2,D
2020-02-01,-35.8584,149.0545,71,105.2,D
2020-02-01,-35.7944,149.0273,100,564.5,D
2020-02-01,-35.7788,148.9823,58,105.6,D
2020-02-01,-35.7001,149.0374,100,738.5,D
2020-02-01,-35.6249,148.8203,100,1811.5,D
2020-02-01,-35.5857,148.8616,99,156.0,D
2020-02-01,-34.7872,150.2156,100,389.4,D
2020-02-01,-37.4367,149.8762,92,73.8,N
2020-02-01,-37.2046,148.9667,100,169.9,N
2020-02-01,-37.1526,149.1413,100,689.4,N
2020-02-01,-36.968,149.4709,100,161.8,N
2020-02-01,-36.957,149.4327,100,265.2,N
2020-02-01,-36.8689,149.6531,100,262.0,N
2020-02-01,-36.7696,149.5724,100,258.2,N
2020-02-01,-35.8683,149.6719,50,51.8,N
2020-02-01,-35.8654,149.234,79,42.8,N
2020-02-01,-35.8315,149.0257,84,93.6,N
2020-02-01,-35.786,149.7766,100,118.4,N
2020-02-01,-35.6865,149.0269,100,85.9,N
2020-02-01,-34.7864,150.2201,100,58.4,N
2020-02-01,-26.1843,150.7162,71,15.0,N
2020-02-01,-23.5564,150.5501,57,5.3,N
2020-02-01,-33.7849,150.4305,100,28.2,N
2020-02-01,-34.798,150.2243,100,26.8,N
2020-02-01,-35.668,149.0149,52,10.1,N
2020-02-01,-35.7471,148.9969,89,15.9,N
2020-02-01,-35.8205,148.9973,100,40.3,N
2020-02-01,-35.9109,149.5787,89,19.0,N
2020-02-01,-36.7611,149.5709,100,102.5,N
2020-02-01,-36.838,149.654,100,41.6,N
2020-02-01,-36.6817,147.7955,93,15.1,N
2020-02-01,-36.9674,149.4934,68,29.7,N
2020-02-01,-36.9988,149.3486,100,31.7,N
2020-02-01,-37.184,149.1773,95,30.1,N
2020-02-01,-33.8146,150.4546,62,148.2,D
2020-02-02,-35.8546,149.0429,94,894.4,D
2020-02-02,-33.7883,150.4536,100,306.8,D
2020-02-02,-25.8529,151.6683,58,21.4,D
2020-02-02,-25.8825,151.0573,69,22.4,D
2020-02-02,-37.3935,148.8696,53,9.9,N
2020-02-02,-35.8394,149.2386,62,14.1,N
2020-02-02,-35.8014,148.9368,92,15.0,N
2020-02-02,-35.7254,148.8904,100,170.7,N
2020-02-02,-35.5955,148.838,51,6.2,N
2020-02-02,-29.5474,152.9249,97,33.6,N
2020-02-02,-22.9984,149.3237,66,8.6,N
2020-02-02,-23.3552,146.6575,70,45.8,D
2020-02-03,-35.5869,148.8377,91,44.6,D
2020-02-03,-35.6563,148.8151,96,69.5,D
2020-02-03,-35.7584,148.9319,99,80.1,D
2020-02-03,-35.9062,149.5485,62,20.9,D
2020-02-03,-35.8625,149.0602,100,81.8,D
2020-02-03,-37.0066,149.3328,64,14.9,D
2020-02-03,-36.0504,149.4096,89,47.9,D
2020-02-03,-35.9527,149.0851,93,58.8,D
2020-02-03,-35.8553,149.2292,100,117.0,D
2020-02-03,-35.8353,149.2328,100,180.1,D
2020-02-03,-35.8411,149.0205,100,117.4,D
2020-02-03,-35.7965,148.9244,100,168.4,D
2020-02-03,-35.6994,149.0608,85,32.6,D
2020-02-03,-35.6686,149.0056,90,45.7,D
2020-02-03,-35.6104,148.8009,82,69.0,D
2020-02-03,-35.5142,148.9425,60,35.2,D
2020-02-03,-23.0218,150.4203,89,148.5,D
2020-02-03,-19.1036,145.6063,69,17.4,D
2020-02-03,-35.8976,149.5307,78,140.1,N
2020-02-03,-35.5121,148.8956,100,303.4,N
2020-02-03,-35.5098,148.9605,78,11.8,N
2020-02-03,-35.5605,148.8048,100,195.6,N
2020-02-03,-35.6772,148.8441,100,31.3,N
2020-02-03,-35.8915,149.5486,63,18.1,N
2020-02-03,-36.6936,147.7959,100,42.5,N
2020-02-03,-37.4456,149.8594,100,40.8,N
2020-02-04,-21.9735,140.4621,69,12.7,D
2020-02-04,-35.8648,149.0399,100,423.0,D
2020-02-04,-20.8453,120.0743,84,26.1,D
2020-02-04,-36.8991,149.6805,87,492.1,D
2020-02-04,-35.7508,148.8895,55,84.0,D
2020-02-04,-23.3782,150.7607,82,40.2,D
2020-02-04,-33.8765,142.7034,64,41.0,D
2020-02-04,-37.4497,149.8049,69,9.5,N
2020-02-04,-36.9432,149.6199,61,9.5,N
2020-02-04,-36.8949,149.6987,100,23.9,N
2020-02-04,-36.6925,147.7738,50,16.7,N
2020-02-04,-35.9257,149.0522,100,33.1,N
2020-02-04,-35.8608,148.9949,64,13.5,N
2020-02-04,-35.7828,148.8859,77,14.0,N
2020-02-04,-35.7092,148.846,100,431.2,N
2020-02-04,-35.6441,148.7902,80,34.3,N
2020-02-04,-35.5827,148.7868,100,88.9,N
2020-02-04,-35.4936,148.9281,100,25.5,N
2020-02-04,-19.2571,145.6634,86,10.7,N
2020-02-04,-21.9958,140.0506,64,4.2,N
2020-02-04,-23.193,117.8471,93,12.8,N
2020-02-04,-35.7035,148.8702,91,76.7,D
2020-02-04,-35.9269,149.0627,96,101.2,D
2020-02-04,-37.0499,149.5918,52,11.7,D
2020-02-04,-37.4687,149.8487,56,18.6,D
2020-02-05,-37.3668,149.929,75,16.4,D
2020-02-05,-37.1798,149.1455,55,9.0,D
2020-02-05,-36.9846,149.3377,64,13.3,D
2020-02-05,-36.8922,149.7194,100,313.3,D
2020-02-05,-36.8227,149.626,85,26.1,D
2020-02-05,-36.7486,149.5093,93,50.4,D
2020-02-05,-36.4161,149.5052,85,30.9,D
2020-02-05,-35.9036,149.5464,70,22.7,D
2020-02-05,-35.8217,149.7145,53,13.6,D
2020-02-05,-35.8923,149.0085,100,174.9,D
2020-02-05,-35.8144,149.2204,96,58.8,D
2020-02-05,-35.8207,148.9284,100,92.6,D
2020-02-05,-35.666,148.7901,61,17.9,D
2020-02-05,-24.9893,143.85,68,15.7,D
2020-02-05,-20.8027,119.7034,86,41.1,D
2020-02-05,-35.638,148.7433,59,29.2,N
2020-02-05,-36.6913,147.7826,58,10.4,N
2020-02-05,-37.4675,149.9119,100,33.3,N
2020-02-06,-36.9257,148.2103,82,55.8,D
2020-02-06,-32.9082,124.1966,63,56.0,D
2020-02-06,-32.3906,119.4091,100,111.1,N
2020-02-07,-32.3114,119.3566,63,123.6,D
2020-02-07,-32.784,119.9385,98,497.7,D
2020-02-07,-37.4865,149.8373,100,174.1,D
2020-02-07,-20.3306,148.4354,78,18.9,D
2020-02-07,-32.9118,124.206,100,180.2,D
2020-02-07,-32.8278,119.8705,100,361.5,D
2020-02-07,-32.7916,119.9386,100,476.7,D
2020-02-07,-32.4789,119.415,50,57.0,D
2020-02-07,-32.3632,119.4146,94,119.8,D
2020-02-07,-32.2522,119.3746,87,63.7,D
2020-02-07,-37.4825,149.9395,74,28.3,N
2020-02-08,-32.4714,119.4353,78,17.7,D
2020-02-08,-20.6033,126.017,69,230.8,D
2020-02-08,-33.0535,120.0654,100,0.0,D
2020-02-08,-33.0086,120.0693,100,0.0,D
2020-02-08,-32.9984,120.0451,100,0.0,D
2020-02-08,-32.9218,120.041,77,110.6,D
2020-02-08,-32.8234,119.9868,68,144.5,D
2020-02-08,-32.9401,124.2034,70,25.5,N
2020-02-08,-19.3428,145.6886,58,4.5,N
2020-02-08,-32.687,120.0875,96,113.6,N
2020-02-08,-32.6668,119.873,100,3127.4,N
2020-02-08,-32.4528,119.6793,100,293.3,N
2020-02-08,-32.2318,119.4391,100,169.0,N
2020-02-08,-32.1813,119.5579,100,1519.5,N
2020-02-08,-32.1588,119.5992,100,74.4,N
2020-02-08,-32.1764,119.4143,100,91.5,N
2020-02-08,-32.2294,119.4581,80,10.4,N
2020-02-08,-33.6554,117.5364,91,15.9,N
2020-02-09,-32.4246,119.6283,70,74.2,D
2020-02-09,-22.8993,150.1921,71,27.1,D
2020-02-09,-32.9487,124.2654,61,31.7,D
2020-02-09,-32.9313,120.1227,93,206.2,D
2020-02-09,-32.7145,119.8144,60,86.1,D
2020-02-09,-32.1641,119.5638,60,121.7,D
2020-02-09,-20.1288,139.8724,98,20.4,N
2020-02-10,-20.4562,140.3539,74,14.8,D
2020-02-10,-32.9708,120.2587,90,43.5,D
2020-02-10,-32.9316,120.2911,98,72.2,D
2020-02-10,-32.7076,119.8272,92,41.7,D
2020-02-10,-32.3992,119.4967,75,17.4,D
2020-02-10,-32.1481,119.4411,100,266.8,D
2020-02-10,-32.1389,119.3328,100,92.6,D
2020-02-10,-32.0861,119.3102,81,30.8,D
2020-02-11,-22.26,146.7369,50,11.0,D
2020-02-11,-23.1981,125.9283,74,67.4,D
2020-02-11,-23.8023,125.8015,52,54.1,D
2020-02-11,-17.4608,129.3,59,14.0,D
2020-02-11,-20.3709,139.8919,65,5.5,N
2020-02-12,-20.3489,139.6113,100,387.4,D
2020-02-12,-22.253,145.1262,100,149.5,D
2020-02-12,-20.488,139.4317,96,78.8,D
2020-02-12,-20.4014,139.568,100,120.8,D
2020-02-12,-20.2733,139.6938,100,120.1,D
2020-02-12,-25.6175,146.3902,86,68.6,N
2020-02-13,-20.35,139.5946,53,19.3,D
2020-02-13,-23.5001,149.7206,56,38.1,D
2020-02-13,-20.4053,139.4833,56,36.5,D
2020-02-13,-16.1315,137.2977,96,162.6,D
2020-02-13,-21.4049,147.2051,75,7.6,N
2020-02-13,-30.7255,115.9271,92,100.9,N
2020-02-13,-21.4288,148.4007,54,43.6,D
2020-02-14,-30.7299,115.9116,82,72.2,D
2020-02-14,-20.3827,139.533,57,44.5,D
2020-02-14,-32.0819,118.8107,84,71.3,D
2020-02-15,-20.6678,147.4092,78,14.5,D
2020-02-15,-18.7431,124.5926,84,25.4,D
2020-02-15,-29.4566,150.5927,55,6.5,N
2020-02-15,-26.3673,146.5101,88,12.0,N
2020-02-16,-20.2749,139.57,60,12.6,D
2020-02-16,-24.6567,152.1625,75,15.1,D
2020-02-16,-20.0468,139.6324,69,81.0,D
2020-02-16,-24.8823,127.5,100,81.4,D
2020-02-16,-24.1853,145.1773,97,17.5,N
2020-02-16,-20.1066,139.3639,66,4.8,N
2020-02-16,-23.1281,116.0488,57,3.8,N
2020-02-17,-29.2689,150.4238,78,12.8,D
2020-02-17,-29.4353,124.0856,84,46.1,D
2020-02-17,-20.969,139.9393,93,43.1,D
2020-02-17,-15.3984,135.9431,98,68.6,D
2020-02-17,-18.319,123.7963,68,117.0,D
2020-02-17,-21.3972,147.2218,89,11.8,N
2020-02-18,-21.6852,120.5923,85,55.0,D
2020-02-18,-22.9564,146.9685,94,124.0,D
2020-02-18,-24.033,151.1275,58,10.5,N
2020-02-18,-19.8209,139.8876,100,36.3,N
2020-02-19,-32.3522,149.4568,65,21.5,D
2020-02-19,-21.6518,120.5929,61,15.2,D
2020-02-20,-25.7721,151.1635,62,26.2,D
2020-02-20,-32.1487,118.6671,64,7.7,D
2020-02-20,-25.4228,151.3516,64,20.0,D
2020-02-20,-24.0563,148.6621,64,4.0,N
2020-02-21,-26.1888,148.9894,67,19.5,D
2020-02-21,-20.4221,119.624,68,9.8,D
2020-02-22,-18.5956,124.6199,84,24.5,D
2020-02-23,-39.8325,147.8834,68,18.1,D
2020-02-25,-27.0045,149.695,70,12.3,N
2020-02-27,-18.7282,124.5749,97,90.5,D
2020-02-27,-24.9393,150.7778,80,13.7,N
2020-02-28,-31.0233,147.9234,71,16.2,D
2020-02-28,-31.1526,151.2642,62,7.3,N
2020-02-29,-36.5928,141.2872,72,33.3,D
2020-02-29,-25.0195,152.0837,88,12.8,N
