week_index,week_label,week_start_2019_20,diagnosis,season,n,asr
1,1-7 September,2019-09-01,Diseases of the respiratory system,2017-18,6706.0,82.43
1,1-7 September,2019-09-01,Diseases of the respiratory system,2018-19,5182.0,63.65
1,1-7 September,2019-09-01,Diseases of the respiratory system,2019-20,5736.0,69.53
1,1-7 September,2019-09-01,Asthma,2017-18,492.0,6.36
1,1-7 September,2019-09-01,Asthma,2018-19,535.0,6.86
1,1-7 September,2019-09-01,Asthma,2019-20,547.0,6.96
1,1-7 September,2019-09-01,Cardiovascular diseases,2017-18,1762.0,19.01
1,1-7 September,2019-09-01,Cardiovascular diseases,2018-19,1423.0,15.05
1,1-7 September,2019-09-01,Cardiovascular diseases,2019-20,1480.0,15.34
1,1-7 September,2019-09-01,Acute myocardial infarction,2017-18,235.0,2.51
1,1-7 September,2019-09-01,Acute myocardial infarction,2018-19,238.0,2.53
1,1-7 September,2019-09-01,Acute myocardial infarction,2019-20,258.0,2.67
1,1-7 September,2019-09-01,Cerebrovascular diseases,2017-18(x),155.0,1.64
1,1-7 September,2019-09-01,Cerebrovascular diseases,2018-19,282.0,2.94
1,1-7 September,2019-09-01,Cerebrovascular diseases,2019-20,286.0,2.92
1,1-7 September,2019-09-01,Mental and behavioural disorders,2017-18,1733.0,22.42
1,1-7 September,2019-09-01,Mental and behavioural disorders,2018-19,1895.0,24.21
1,1-7 September,2019-09-01,Mental and behavioural disorders,2019-20,1890.0,23.87
1,1-7 September,2019-09-01,Dehydration,2017-18,136.0,1.6
1,1-7 September,2019-09-01,Dehydration,2018-19,114.0,1.32
1,1-7 September,2019-09-01,Dehydration,2019-20,126.0,1.44
1,1-7 September,2019-09-01,Chest pain,2017-18,2264.0,27.42
1,1-7 September,2019-09-01,Chest pain,2018-19,2415.0,28.44
1,1-7 September,2019-09-01,Chest pain,2019-20,2388.0,27.96
1,1-7 September,2019-09-01,Abnormalities of breathing,2017-18,687.0,7.85
1,1-7 September,2019-09-01,Abnormalities of breathing,2018-19,701.0,8.13
1,1-7 September,2019-09-01,Abnormalities of breathing,2019-20,773.0,8.84
1,1-7 September,2019-09-01,COPD with acute exacerbation,2017-18,176.0,1.84
1,1-7 September,2019-09-01,COPD with acute exacerbation,2018-19,167.0,1.68
1,1-7 September,2019-09-01,COPD with acute exacerbation,2019-20,217.0,2.18
2,8-14 September,2019-09-08,Diseases of the respiratory system,2017-18,6482.0,79.53
2,8-14 September,2019-09-08,Diseases of the respiratory system,2018-19,5185.0,63.67
2,8-14 September,2019-09-08,Diseases of the respiratory system,2019-20,5258.0,63.99
2,8-14 September,2019-09-08,Asthma,2017-18,561.0,7.23
2,8-14 September,2019-09-08,Asthma,2018-19,517.0,6.63
2,8-14 September,2019-09-08,Asthma,2019-20,498.0,6.41
2,8-14 September,2019-09-08,Cardiovascular diseases,2017-18,1759.0,18.88
2,8-14 September,2019-09-08,Cardiovascular diseases,2018-19,1469.0,15.6
2,8-14 September,2019-09-08,Cardiovascular diseases,2019-20,1457.0,15.03
2,8-14 September,2019-09-08,Acute myocardial infarction,2017-18,198.0,2.11
2,8-14 September,2019-09-08,Acute myocardial infarction,2018-19,242.0,2.54
2,8-14 September,2019-09-08,Acute myocardial infarction,2019-20,222.0,2.27
2,8-14 September,2019-09-08,Cerebrovascular diseases,2017-18(x),117.0,1.22
2,8-14 September,2019-09-08,Cerebrovascular diseases,2018-19,271.0,2.83
2,8-14 September,2019-09-08,Cerebrovascular diseases,2019-20,270.0,2.76
2,8-14 September,2019-09-08,Mental and behavioural disorders,2017-18,1671.0,21.65
2,8-14 September,2019-09-08,Mental and behavioural disorders,2018-19,1962.0,25.21
2,8-14 September,2019-09-08,Mental and behavioural disorders,2019-20,1905.0,24.07
2,8-14 September,2019-09-08,Dehydration,2017-18,181.0,2.16
2,8-14 September,2019-09-08,Dehydration,2018-19,104.0,1.17
2,8-14 September,2019-09-08,Dehydration,2019-20,125.0,1.44
2,8-14 September,2019-09-08,Chest pain,2017-18,2213.0,26.46
2,8-14 September,2019-09-08,Chest pain,2018-19,2409.0,28.53
2,8-14 September,2019-09-08,Chest pain,2019-20,2454.0,28.65
2,8-14 September,2019-09-08,Abnormalities of breathing,2017-18,697.0,8.01
2,8-14 September,2019-09-08,Abnormalities of breathing,2018-19,738.0,8.61
2,8-14 September,2019-09-08,Abnormalities of breathing,2019-20,758.0,8.65
2,8-14 September,2019-09-08,COPD with acute exacerbation,2017-18,146.0,1.59
2,8-14 September,2019-09-08,COPD with acute exacerbation,2018-19,186.0,1.88
2,8-14 September,2019-09-08,COPD with acute exacerbation,2019-20,182.0,1.81
3,15-21 September,2019-09-15,Diseases of the respiratory system,2017-18,6073.0,74.7
3,15-21 September,2019-09-15,Diseases of the respiratory system,2018-19,4866.0,59.66
3,15-21 September,2019-09-15,Diseases of the respiratory system,2019-20,5196.0,63.39
3,15-21 September,2019-09-15,Asthma,2017-18,480.0,6.14
3,15-21 September,2019-09-15,Asthma,2018-19,453.0,5.79
3,15-21 September,2019-09-15,Asthma,2019-20,499.0,6.36
3,15-21 September,2019-09-15,Cardiovascular diseases,2017-18,1683.0,17.98
3,15-21 September,2019-09-15,Cardiovascular diseases,2018-19,1461.0,15.53
3,15-21 September,2019-09-15,Cardiovascular diseases,2019-20,1486.0,15.29
3,15-21 September,2019-09-15,Acute myocardial infarction,2017-18,220.0,2.31
3,15-21 September,2019-09-15,Acute myocardial infarction,2018-19,223.0,2.34
3,15-21 September,2019-09-15,Acute myocardial infarction,2019-20,273.0,2.82
3,15-21 September,2019-09-15,Cerebrovascular diseases,2017-18(x),149.0,1.53
3,15-21 September,2019-09-15,Cerebrovascular diseases,2018-19,305.0,3.12
3,15-21 September,2019-09-15,Cerebrovascular diseases,2019-20,305.0,3.07
3,15-21 September,2019-09-15,Mental and behavioural disorders,2017-18,1733.0,22.5
3,15-21 September,2019-09-15,Mental and behavioural disorders,2018-19,2003.0,25.65
3,15-21 September,2019-09-15,Mental and behavioural disorders,2019-20,1979.0,24.98
3,15-21 September,2019-09-15,Dehydration,2017-18,171.0,1.95
3,15-21 September,2019-09-15,Dehydration,2018-19,114.0,1.3
3,15-21 September,2019-09-15,Dehydration,2019-20,131.0,1.53
3,15-21 September,2019-09-15,Chest pain,2017-18,2140.0,25.78
3,15-21 September,2019-09-15,Chest pain,2018-19,2241.0,26.54
3,15-21 September,2019-09-15,Chest pain,2019-20,2579.0,30.09
3,15-21 September,2019-09-15,Abnormalities of breathing,2017-18,652.0,7.52
3,15-21 September,2019-09-15,Abnormalities of breathing,2018-19,713.0,8.18
3,15-21 September,2019-09-15,Abnormalities of breathing,2019-20,749.0,8.61
3,15-21 September,2019-09-15,COPD with acute exacerbation,2017-18,156.0,1.65
3,15-21 September,2019-09-15,COPD with acute exacerbation,2018-19,190.0,1.97
3,15-21 September,2019-09-15,COPD with acute exacerbation,2019-20,183.0,1.82
4,22-28 September,2019-09-22,Diseases of the respiratory system,2017-18,5762.0,70.69
4,22-28 September,2019-09-22,Diseases of the respiratory system,2018-19,4757.0,58.52
4,22-28 September,2019-09-22,Diseases of the respiratory system,2019-20,5024.0,61.27
4,22-28 September,2019-09-22,Asthma,2017-18,465.0,6.0
4,22-28 September,2019-09-22,Asthma,2018-19,459.0,5.94
4,22-28 September,2019-09-22,Asthma,2019-20,487.0,6.17
4,22-28 September,2019-09-22,Cardiovascular diseases,2017-18,1563.0,16.86
4,22-28 September,2019-09-22,Cardiovascular diseases,2018-19,1429.0,15.11
4,22-28 September,2019-09-22,Cardiovascular diseases,2019-20,1450.0,15.07
4,22-28 September,2019-09-22,Acute myocardial infarction,2017-18,183.0,1.93
4,22-28 September,2019-09-22,Acute myocardial infarction,2018-19,238.0,2.5
4,22-28 September,2019-09-22,Acute myocardial infarction,2019-20,216.0,2.24
4,22-28 September,2019-09-22,Cerebrovascular diseases,2017-18(x),124.0,1.3
4,22-28 September,2019-09-22,Cerebrovascular diseases,2018-19,308.0,3.15
4,22-28 September,2019-09-22,Cerebrovascular diseases,2019-20,302.0,3.11
4,22-28 September,2019-09-22,Mental and behavioural disorders,2017-18,1748.0,22.4
4,22-28 September,2019-09-22,Mental and behavioural disorders,2018-19,1921.0,24.68
4,22-28 September,2019-09-22,Mental and behavioural disorders,2019-20,2036.0,25.8
4,22-28 September,2019-09-22,Dehydration,2017-18,187.0,2.17
4,22-28 September,2019-09-22,Dehydration,2018-19,121.0,1.42
4,22-28 September,2019-09-22,Dehydration,2019-20,117.0,1.35
4,22-28 September,2019-09-22,Chest pain,2017-18,2050.0,24.7
4,22-28 September,2019-09-22,Chest pain,2018-19,2218.0,26.41
4,22-28 September,2019-09-22,Chest pain,2019-20,2536.0,29.47
4,22-28 September,2019-09-22,Abnormalities of breathing,2017-18,674.0,7.86
4,22-28 September,2019-09-22,Abnormalities of breathing,2018-19,709.0,8.29
4,22-28 September,2019-09-22,Abnormalities of breathing,2019-20,777.0,8.92
4,22-28 September,2019-09-22,COPD with acute exacerbation,2017-18,147.0,1.58
4,22-28 September,2019-09-22,COPD with acute exacerbation,2018-19,191.0,1.96
4,22-28 September,2019-09-22,COPD with acute exacerbation,2019-20,179.0,1.78
5,29 September-5 October,2019-09-29,Diseases of the respiratory system,2017-18,5240.0,64.48
5,29 September-5 October,2019-09-29,Diseases of the respiratory system,2018-19,5050.0,62.16
5,29 September-5 October,2019-09-29,Diseases of the respiratory system,2019-20,5032.0,61.1
5,29 September-5 October,2019-09-29,Asthma,2017-18,430.0,5.49
5,29 September-5 October,2019-09-29,Asthma,2018-19,529.0,6.88
5,29 September-5 October,2019-09-29,Asthma,2019-20,460.0,5.89
5,29 September-5 October,2019-09-29,Cardiovascular diseases,2017-18,1489.0,16.1
5,29 September-5 October,2019-09-29,Cardiovascular diseases,2018-19,1407.0,14.94
5,29 September-5 October,2019-09-29,Cardiovascular diseases,2019-20,1504.0,15.62
5,29 September-5 October,2019-09-29,Acute myocardial infarction,2017-18,179.0,1.96
5,29 September-5 October,2019-09-29,Acute myocardial infarction,2018-19,233.0,2.53
5,29 September-5 October,2019-09-29,Acute myocardial infarction,2019-20,250.0,2.57
5,29 September-5 October,2019-09-29,Cerebrovascular diseases,2017-18(x),149.0,1.58
5,29 September-5 October,2019-09-29,Cerebrovascular diseases,2018-19,273.0,2.83
5,29 September-5 October,2019-09-29,Cerebrovascular diseases,2019-20,284.0,2.87
5,29 September-5 October,2019-09-29,Mental and behavioural disorders,2017-18,1723.0,22.18
5,29 September-5 October,2019-09-29,Mental and behavioural disorders,2018-19,1889.0,24.04
5,29 September-5 October,2019-09-29,Mental and behavioural disorders,2019-20,1833.0,23.0
5,29 September-5 October,2019-09-29,Dehydration,2017-18,166.0,1.93
5,29 September-5 October,2019-09-29,Dehydration,2018-19,109.0,1.24
5,29 September-5 October,2019-09-29,Dehydration,2019-20,124.0,1.41
5,29 September-5 October,2019-09-29,Chest pain,2017-18,2160.0,25.78
5,29 September-5 October,2019-09-29,Chest pain,2018-19,2156.0,25.49
5,29 September-5 October,2019-09-29,Chest pain,2019-20,2289.0,26.51
5,29 September-5 October,2019-09-29,Abnormalities of breathing,2017-18,631.0,7.34
5,29 September-5 October,2019-09-29,Abnormalities of breathing,2018-19,668.0,7.8
5,29 September-5 October,2019-09-29,Abnormalities of breathing,2019-20,775.0,8.87
5,29 September-5 October,2019-09-29,COPD with acute exacerbation,2017-18,127.0,1.34
5,29 September-5 October,2019-09-29,COPD with acute exacerbation,2018-19,175.0,1.8
5,29 September-5 October,2019-09-29,COPD with acute exacerbation,2019-20,173.0,1.7
6,6-12 October,2019-10-06,Diseases of the respiratory system,2017-18,4156.0,50.82
6,6-12 October,2019-10-06,Diseases of the respiratory system,2018-19,4222.0,51.22
6,6-12 October,2019-10-06,Diseases of the respiratory system,2019-20,4823.0,57.99
6,6-12 October,2019-10-06,Asthma,2017-18,348.0,4.43
6,6-12 October,2019-10-06,Asthma,2018-19,380.0,4.79
6,6-12 October,2019-10-06,Asthma,2019-20,417.0,5.26
6,6-12 October,2019-10-06,Cardiovascular diseases,2017-18,1577.0,16.84
6,6-12 October,2019-10-06,Cardiovascular diseases,2018-19,1459.0,15.33
6,6-12 October,2019-10-06,Cardiovascular diseases,2019-20,1362.0,14.12
6,6-12 October,2019-10-06,Acute myocardial infarction,2017-18,189.0,2.02
6,6-12 October,2019-10-06,Acute myocardial infarction,2018-19,214.0,2.24
6,6-12 October,2019-10-06,Acute myocardial infarction,2019-20,234.0,2.46
6,6-12 October,2019-10-06,Cerebrovascular diseases,2017-18(x),124.0,1.31
6,6-12 October,2019-10-06,Cerebrovascular diseases,2018-19,329.0,3.39
6,6-12 October,2019-10-06,Cerebrovascular diseases,2019-20,293.0,2.97
6,6-12 October,2019-10-06,Mental and behavioural disorders,2017-18,1770.0,22.93
6,6-12 October,2019-10-06,Mental and behavioural disorders,2018-19,1888.0,23.99
6,6-12 October,2019-10-06,Mental and behavioural disorders,2019-20,1895.0,23.8
6,6-12 October,2019-10-06,Dehydration,2017-18,126.0,1.47
6,6-12 October,2019-10-06,Dehydration,2018-19,99.0,1.15
6,6-12 October,2019-10-06,Dehydration,2019-20,154.0,1.73
6,6-12 October,2019-10-06,Chest pain,2017-18,2283.0,27.63
6,6-12 October,2019-10-06,Chest pain,2018-19,2450.0,29.18
6,6-12 October,2019-10-06,Chest pain,2019-20,2464.0,28.59
6,6-12 October,2019-10-06,Abnormalities of breathing,2017-18,615.0,7.12
6,6-12 October,2019-10-06,Abnormalities of breathing,2018-19,674.0,7.72
6,6-12 October,2019-10-06,Abnormalities of breathing,2019-20,779.0,8.85
6,6-12 October,2019-10-06,COPD with acute exacerbation,2017-18,109.0,1.14
6,6-12 October,2019-10-06,COPD with acute exacerbation,2018-19,195.0,2.01
6,6-12 October,2019-10-06,COPD with acute exacerbation,2019-20,202.0,2.01
7,13-19 October,2019-10-13,Diseases of the respiratory system,2017-18,3640.0,44.92
7,13-19 October,2019-10-13,Diseases of the respiratory system,2018-19,4090.0,49.72
7,13-19 October,2019-10-13,Diseases of the respiratory system,2019-20,4140.0,49.72
7,13-19 October,2019-10-13,Asthma,2017-18,393.0,5.16
7,13-19 October,2019-10-13,Asthma,2018-19,406.0,5.2
7,13-19 October,2019-10-13,Asthma,2019-20,362.0,4.59
7,13-19 October,2019-10-13,Cardiovascular diseases,2017-18,1494.0,16.07
7,13-19 October,2019-10-13,Cardiovascular diseases,2018-19,1453.0,15.47
7,13-19 October,2019-10-13,Cardiovascular diseases,2019-20,1515.0,15.78
7,13-19 October,2019-10-13,Acute myocardial infarction,2017-18,164.0,1.72
7,13-19 October,2019-10-13,Acute myocardial infarction,2018-19,233.0,2.47
7,13-19 October,2019-10-13,Acute myocardial infarction,2019-20,272.0,2.8
7,13-19 October,2019-10-13,Cerebrovascular diseases,2017-18(x),131.0,1.42
7,13-19 October,2019-10-13,Cerebrovascular diseases,2018-19,291.0,3.03
7,13-19 October,2019-10-13,Cerebrovascular diseases,2019-20,338.0,3.42
7,13-19 October,2019-10-13,Mental and behavioural disorders,2017-18,1858.0,24.18
7,13-19 October,2019-10-13,Mental and behavioural disorders,2018-19,2041.0,26.11
7,13-19 October,2019-10-13,Mental and behavioural disorders,2019-20,1972.0,24.83
7,13-19 October,2019-10-13,Dehydration,2017-18,117.0,1.37
7,13-19 October,2019-10-13,Dehydration,2018-19,84.0,0.98
7,13-19 October,2019-10-13,Dehydration,2019-20,116.0,1.33
7,13-19 October,2019-10-13,Chest pain,2017-18,2208.0,26.64
7,13-19 October,2019-10-13,Chest pain,2018-19,2390.0,28.33
7,13-19 October,2019-10-13,Chest pain,2019-20,2593.0,30.07
7,13-19 October,2019-10-13,Abnormalities of breathing,2017-18,597.0,7.09
7,13-19 October,2019-10-13,Abnormalities of breathing,2018-19,737.0,8.46
7,13-19 October,2019-10-13,Abnormalities of breathing,2019-20,738.0,8.36
7,13-19 October,2019-10-13,COPD with acute exacerbation,2017-18,93.0,0.97
7,13-19 October,2019-10-13,COPD with acute exacerbation,2018-19,177.0,1.82
7,13-19 October,2019-10-13,COPD with acute exacerbation,2019-20,176.0,1.75
8,20-26 October,2019-10-20,Diseases of the respiratory system,2017-18,3871.0,48.33
8,20-26 October,2019-10-20,Diseases of the respiratory system,2018-19,3942.0,48.26
8,20-26 October,2019-10-20,Diseases of the respiratory system,2019-20,4108.0,49.33
8,20-26 October,2019-10-20,Asthma,2017-18,571.0,7.58
8,20-26 October,2019-10-20,Asthma,2018-19,491.0,6.33
8,20-26 October,2019-10-20,Asthma,2019-20,422.0,5.36
8,20-26 October,2019-10-20,Cardiovascular diseases,2017-18,1477.0,16.03
8,20-26 October,2019-10-20,Cardiovascular diseases,2018-19,1420.0,15.19
8,20-26 October,2019-10-20,Cardiovascular diseases,2019-20,1379.0,14.37
8,20-26 October,2019-10-20,Acute myocardial infarction,2017-18,184.0,1.99
8,20-26 October,2019-10-20,Acute myocardial infarction,2018-19,220.0,2.37
8,20-26 October,2019-10-20,Acute myocardial infarction,2019-20,243.0,2.5
8,20-26 October,2019-10-20,Cerebrovascular diseases,2017-18(x),133.0,1.4
8,20-26 October,2019-10-20,Cerebrovascular diseases,2018-19,312.0,3.19
8,20-26 October,2019-10-20,Cerebrovascular diseases,2019-20,278.0,2.81
8,20-26 October,2019-10-20,Mental and behavioural disorders,2017-18,1840.0,23.96
8,20-26 October,2019-10-20,Mental and behavioural disorders,2018-19,2093.0,26.85
8,20-26 October,2019-10-20,Mental and behavioural disorders,2019-20,1959.0,24.79
8,20-26 October,2019-10-20,Dehydration,2017-18,117.0,1.35
8,20-26 October,2019-10-20,Dehydration,2018-19,98.0,1.14
8,20-26 October,2019-10-20,Dehydration,2019-20,138.0,1.58
8,20-26 October,2019-10-20,Chest pain,2017-18,2121.0,25.82
8,20-26 October,2019-10-20,Chest pain,2018-19,2273.0,26.85
8,20-26 October,2019-10-20,Chest pain,2019-20,2304.0,26.85
8,20-26 October,2019-10-20,Abnormalities of breathing,2017-18,675.0,8.12
8,20-26 October,2019-10-20,Abnormalities of breathing,2018-19,672.0,7.75
8,20-26 October,2019-10-20,Abnormalities of breathing,2019-20,731.0,8.42
8,20-26 October,2019-10-20,COPD with acute exacerbation,2017-18,80.0,0.84
8,20-26 October,2019-10-20,COPD with acute exacerbation,2018-19,185.0,1.9
8,20-26 October,2019-10-20,COPD with acute exacerbation,2019-20,180.0,1.78
9,27 October-2 November,2019-10-27,Diseases of the respiratory system,2017-18,3976.0,49.68
9,27 October-2 November,2019-10-27,Diseases of the respiratory system,2018-19,3956.0,48.57
9,27 October-2 November,2019-10-27,Diseases of the respiratory system,2019-20,4174.0,50.52
9,27 October-2 November,2019-10-27,Asthma,2017-18,575.0,7.66
9,27 October-2 November,2019-10-27,Asthma,2018-19,482.0,6.26
9,27 October-2 November,2019-10-27,Asthma,2019-20,512.0,6.6
9,27 October-2 November,2019-10-27,Cardiovascular diseases,2017-18,1501.0,16.31
9,27 October-2 November,2019-10-27,Cardiovascular diseases,2018-19,1368.0,14.55
9,27 October-2 November,2019-10-27,Cardiovascular diseases,2019-20,1361.0,14.11
9,27 October-2 November,2019-10-27,Acute myocardial infarction,2017-18,167.0,1.83
9,27 October-2 November,2019-10-27,Acute myocardial infarction,2018-19,208.0,2.2
9,27 October-2 November,2019-10-27,Acute myocardial infarction,2019-20,231.0,2.37
9,27 October-2 November,2019-10-27,Cerebrovascular diseases,2017-18(x),132.0,1.39
9,27 October-2 November,2019-10-27,Cerebrovascular diseases,2018-19,264.0,2.82
9,27 October-2 November,2019-10-27,Cerebrovascular diseases,2019-20,301.0,3.0
9,27 October-2 November,2019-10-27,Mental and behavioural disorders,2017-18,1870.0,24.26
9,27 October-2 November,2019-10-27,Mental and behavioural disorders,2018-19,2116.0,27.25
9,27 October-2 November,2019-10-27,Mental and behavioural disorders,2019-20,2014.0,25.52
9,27 October-2 November,2019-10-27,Dehydration,2017-18,124.0,1.41
9,27 October-2 November,2019-10-27,Dehydration,2018-19,136.0,1.58
9,27 October-2 November,2019-10-27,Dehydration,2019-20,104.0,1.16
9,27 October-2 November,2019-10-27,Chest pain,2017-18,2122.0,25.66
9,27 October-2 November,2019-10-27,Chest pain,2018-19,2198.0,26.03
9,27 October-2 November,2019-10-27,Chest pain,2019-20,2369.0,27.39
9,27 October-2 November,2019-10-27,Abnormalities of breathing,2017-18,725.0,8.62
9,27 October-2 November,2019-10-27,Abnormalities of breathing,2018-19,686.0,7.92
9,27 October-2 November,2019-10-27,Abnormalities of breathing,2019-20,716.0,8.26
9,27 October-2 November,2019-10-27,COPD with acute exacerbation,2017-18,101.0,1.06
9,27 October-2 November,2019-10-27,COPD with acute exacerbation,2018-19,168.0,1.71
9,27 October-2 November,2019-10-27,COPD with acute exacerbation,2019-20,184.0,1.84
10,3-9 November,2019-11-03,Diseases of the respiratory system,2017-18,3790.0,47.43
10,3-9 November,2019-11-03,Diseases of the respiratory system,2018-19,4072.0,50.04
10,3-9 November,2019-11-03,Diseases of the respiratory system,2019-20,4122.0,49.84
10,3-9 November,2019-11-03,Asthma,2017-18,559.0,7.43
10,3-9 November,2019-11-03,Asthma,2018-19,540.0,7.1
10,3-9 November,2019-11-03,Asthma,2019-20,549.0,7.1
10,3-9 November,2019-11-03,Cardiovascular diseases,2017-18,1506.0,16.09
10,3-9 November,2019-11-03,Cardiovascular diseases,2018-19,1354.0,14.31
10,3-9 November,2019-11-03,Cardiovascular diseases,2019-20,1359.0,14.01
10,3-9 November,2019-11-03,Acute myocardial infarction,2017-18,171.0,1.84
10,3-9 November,2019-11-03,Acute myocardial infarction,2018-19,230.0,2.41
10,3-9 November,2019-11-03,Acute myocardial infarction,2019-20,210.0,2.11
10,3-9 November,2019-11-03,Cerebrovascular diseases,2017-18(x),138.0,1.45
10,3-9 November,2019-11-03,Cerebrovascular diseases,2018-19,259.0,2.74
10,3-9 November,2019-11-03,Cerebrovascular diseases,2019-20,291.0,2.95
10,3-9 November,2019-11-03,Mental and behavioural disorders,2017-18,1835.0,23.83
10,3-9 November,2019-11-03,Mental and behavioural disorders,2018-19,2170.0,27.9
10,3-9 November,2019-11-03,Mental and behavioural disorders,2019-20,2038.0,27.51
10,3-9 November,2019-11-03,Dehydration,2017-18,124.0,1.44
10,3-9 November,2019-11-03,Dehydration,2018-19,173.0,1.98
10,3-9 November,2019-11-03,Dehydration,2019-20,119.0,1.34
10,3-9 November,2019-11-03,Chest pain,2017-18,2162.0,26.09
10,3-9 November,2019-11-03,Chest pain,2018-19,2401.0,28.75
10,3-9 November,2019-11-03,Chest pain,2019-20,2281.0,26.66
10,3-9 November,2019-11-03,Abnormalities of breathing,2017-18,594.0,7.08
10,3-9 November,2019-11-03,Abnormalities of breathing,2018-19,683.0,8.03
10,3-9 November,2019-11-03,Abnormalities of breathing,2019-20,714.0,8.15
10,3-9 November,2019-11-03,COPD with acute exacerbation,2017-18,83.0,0.88
10,3-9 November,2019-11-03,COPD with acute exacerbation,2018-19,177.0,1.79
10,3-9 November,2019-11-03,COPD with acute exacerbation,2019-20,199.0,1.97
11,10-16 November,2019-11-10,Diseases of the respiratory system,2017-18,3889.0,48.45
11,10-16 November,2019-11-10,Diseases of the respiratory system,2018-19,3765.0,45.82
11,10-16 November,2019-11-10,Diseases of the respiratory system,2019-20,4177.0,50.91
11,10-16 November,2019-11-10,Asthma,2017-18,511.0,6.77
11,10-16 November,2019-11-10,Asthma,2018-19,470.0,6.13
11,10-16 November,2019-11-10,Asthma,2019-20,612.0,7.88
11,10-16 November,2019-11-10,Cardiovascular diseases,2017-18,1544.0,16.58
11,10-16 November,2019-11-10,Cardiovascular diseases,2018-19,1374.0,14.62
11,10-16 November,2019-11-10,Cardiovascular diseases,2019-20,1263.0,13.09
11,10-16 November,2019-11-10,Acute myocardial infarction,2017-18,169.0,1.84
11,10-16 November,2019-11-10,Acute myocardial infarction,2018-19,213.0,2.27
11,10-16 November,2019-11-10,Acute myocardial infarction,2019-20,225.0,2.34
11,10-16 November,2019-11-10,Cerebrovascular diseases,2017-18(x),144.0,1.57
11,10-16 November,2019-11-10,Cerebrovascular diseases,2018-19,290.0,3.02
11,10-16 November,2019-11-10,Cerebrovascular diseases,2019-20,296.0,2.99
11,10-16 November,2019-11-10,Mental and behavioural disorders,2017-18,1853.0,24.1
11,10-16 November,2019-11-10,Mental and behavioural disorders,2018-19,2040.0,26.21
11,10-16 November,2019-11-10,Mental and behavioural disorders,2019-20,1890.0,23.9
11,10-16 November,2019-11-10,Dehydration,2017-18,136.0,1.6
11,10-16 November,2019-11-10,Dehydration,2018-19,129.0,1.48
11,10-16 November,2019-11-10,Dehydration,2019-20,121.0,1.41
11,10-16 November,2019-11-10,Chest pain,2017-18,2166.0,26.18
11,10-16 November,2019-11-10,Chest pain,2018-19,2362.0,28.05
11,10-16 November,2019-11-10,Chest pain,2019-20,2232.0,26.01
11,10-16 November,2019-11-10,Abnormalities of breathing,2017-18,677.0,7.99
11,10-16 November,2019-11-10,Abnormalities of breathing,2018-19,668.0,7.82
11,10-16 November,2019-11-10,Abnormalities of breathing,2019-20,741.0,8.46
11,10-16 November,2019-11-10,COPD with acute exacerbation,2017-18,104.0,1.11
11,10-16 November,2019-11-10,COPD with acute exacerbation,2018-19,158.0,1.61
11,10-16 November,2019-11-10,COPD with acute exacerbation,2019-20,194.0,1.95
12,17-23 November,2019-11-17,Diseases of the respiratory system,2017-18,3645.0,45.12
12,17-23 November,2019-11-17,Diseases of the respiratory system,2018-19,3763.0,46.02
12,17-23 November,2019-11-17,Diseases of the respiratory system,2019-20,4105.0,49.73
12,17-23 November,2019-11-17,Asthma,2017-18,436.0,5.74
12,17-23 November,2019-11-17,Asthma,2018-19,504.0,6.58
12,17-23 November,2019-11-17,Asthma,2019-20,674.0,8.63
12,17-23 November,2019-11-17,Cardiovascular diseases,2017-18,1468.0,16.06
12,17-23 November,2019-11-17,Cardiovascular diseases,2018-19,1359.0,14.51
12,17-23 November,2019-11-17,Cardiovascular diseases,2019-20,1283.0,13.38
12,17-23 November,2019-11-17,Acute myocardial infarction,2017-18,187.0,2.05
12,17-23 November,2019-11-17,Acute myocardial infarction,2018-19,227.0,2.39
12,17-23 November,2019-11-17,Acute myocardial infarction,2019-20,209.0,2.18
12,17-23 November,2019-11-17,Cerebrovascular diseases,2017-18(x),129.0,1.37
12,17-23 November,2019-11-17,Cerebrovascular diseases,2018-19,286.0,2.95
12,17-23 November,2019-11-17,Cerebrovascular diseases,2019-20,267.0,2.73
12,17-23 November,2019-11-17,Mental and behavioural disorders,2017-18,1939.0,25.34
12,17-23 November,2019-11-17,Mental and behavioural disorders,2018-19,1999.0,25.64
12,17-23 November,2019-11-17,Mental and behavioural disorders,2019-20,1954.0,24.76
12,17-23 November,2019-11-17,Dehydration,2017-18,97.0,1.09
12,17-23 November,2019-11-17,Dehydration,2018-19,127.0,1.44
12,17-23 November,2019-11-17,Dehydration,2019-20,164.0,1.9
12,17-23 November,2019-11-17,Chest pain,2017-18,2251.0,27.27
12,17-23 November,2019-11-17,Chest pain,2018-19,2375.0,28.05
12,17-23 November,2019-11-17,Chest pain,2019-20,2295.0,26.9
12,17-23 November,2019-11-17,Abnormalities of breathing,2017-18,579.0,6.87
12,17-23 November,2019-11-17,Abnormalities of breathing,2018-19,684.0,7.92
12,17-23 November,2019-11-17,Abnormalities of breathing,2019-20,755.0,8.71
12,17-23 November,2019-11-17,COPD with acute exacerbation,2017-18,84.0,0.88
12,17-23 November,2019-11-17,COPD with acute exacerbation,2018-19,155.0,1.58
12,17-23 November,2019-11-17,COPD with acute exacerbation,2019-20,223.0,2.23
13,24-30 November,2019-11-24,Diseases of the respiratory system,2017-18,3579.0,44.32
13,24-30 November,2019-11-24,Diseases of the respiratory system,2018-19,3746.0,45.87
13,24-30 November,2019-11-24,Diseases of the respiratory system,2019-20,3882.0,47.03
13,24-30 November,2019-11-24,Asthma,2017-18,434.0,5.71
13,24-30 November,2019-11-24,Asthma,2018-19,484.0,6.26
13,24-30 November,2019-11-24,Asthma,2019-20,495.0,6.34
13,24-30 November,2019-11-24,Cardiovascular diseases,2017-18,1558.0,16.91
13,24-30 November,2019-11-24,Cardiovascular diseases,2018-19,1425.0,15.22
13,24-30 November,2019-11-24,Cardiovascular diseases,2019-20,1320.0,13.72
13,24-30 November,2019-11-24,Acute myocardial infarction,2017-18,206.0,2.29
13,24-30 November,2019-11-24,Acute myocardial infarction,2018-19,234.0,2.45
13,24-30 November,2019-11-24,Acute myocardial infarction,2019-20,228.0,2.34
13,24-30 November,2019-11-24,Cerebrovascular diseases,2017-18(x),135.0,1.44
13,24-30 November,2019-11-24,Cerebrovascular diseases,2018-19,280.0,2.9
13,24-30 November,2019-11-24,Cerebrovascular diseases,2019-20,273.0,2.79
13,24-30 November,2019-11-24,Mental and behavioural disorders,2017-18,2019.0,26.22
13,24-30 November,2019-11-24,Mental and behavioural disorders,2018-19,1934.0,24.87
13,24-30 November,2019-11-24,Mental and behavioural disorders,2019-20,2110.0,26.73
13,24-30 November,2019-11-24,Dehydration,2017-18,158.0,1.8
13,24-30 November,2019-11-24,Dehydration,2018-19,87.0,1.01
13,24-30 November,2019-11-24,Dehydration,2019-20,134.0,1.53
13,24-30 November,2019-11-24,Chest pain,2017-18,2075.0,25.14
13,24-30 November,2019-11-24,Chest pain,2018-19,2277.0,27.1
13,24-30 November,2019-11-24,Chest pain,2019-20,2336.0,27.18
13,24-30 November,2019-11-24,Abnormalities of breathing,2017-18,602.0,7.04
13,24-30 November,2019-11-24,Abnormalities of breathing,2018-19,663.0,7.66
13,24-30 November,2019-11-24,Abnormalities of breathing,2019-20,776.0,8.91
13,24-30 November,2019-11-24,COPD with acute exacerbation,2017-18,105.0,1.1
13,24-30 November,2019-11-24,COPD with acute exacerbation,2018-19,150.0,1.51
13,24-30 November,2019-11-24,COPD with acute exacerbation,2019-20,174.0,1.73
14,1-7 December,2019-12-01,Diseases of the respiratory system,2017-18,3261.0,40.23
14,1-7 December,2019-12-01,Diseases of the respiratory system,2018-19,3671.0,44.8
14,1-7 December,2019-12-01,Diseases of the respiratory system,2019-20,4142.0,50.3
14,1-7 December,2019-12-01,Asthma,2017-18,409.0,5.31
14,1-7 December,2019-12-01,Asthma,2018-19,463.0,6.02
14,1-7 December,2019-12-01,Asthma,2019-20,639.0,8.19
14,1-7 December,2019-12-01,Cardiovascular diseases,2017-18,1503.0,16.26
14,1-7 December,2019-12-01,Cardiovascular diseases,2018-19,1398.0,14.95
14,1-7 December,2019-12-01,Cardiovascular diseases,2019-20,1296.0,13.53
14,1-7 December,2019-12-01,Acute myocardial infarction,2017-18,190.0,2.02
14,1-7 December,2019-12-01,Acute myocardial infarction,2018-19,244.0,2.56
14,1-7 December,2019-12-01,Acute myocardial infarction,2019-20,235.0,2.4
14,1-7 December,2019-12-01,Cerebrovascular diseases,2017-18(x),146.0,1.61
14,1-7 December,2019-12-01,Cerebrovascular diseases,2018-19,297.0,3.04
14,1-7 December,2019-12-01,Cerebrovascular diseases,2019-20,285.0,2.9
14,1-7 December,2019-12-01,Mental and behavioural disorders,2017-18,1869.0,24.36
14,1-7 December,2019-12-01,Mental and behavioural disorders,2018-19,2103.0,27.0
14,1-7 December,2019-12-01,Mental and behavioural disorders,2019-20,1999.0,25.18
14,1-7 December,2019-12-01,Dehydration,2017-18,127.0,1.47
14,1-7 December,2019-12-01,Dehydration,2018-19,156.0,1.78
14,1-7 December,2019-12-01,Dehydration,2019-20,149.0,1.69
14,1-7 December,2019-12-01,Chest pain,2017-18,2052.0,24.62
14,1-7 December,2019-12-01,Chest pain,2018-19,2392.0,28.41
14,1-7 December,2019-12-01,Chest pain,2019-20,2381.0,27.93
14,1-7 December,2019-12-01,Abnormalities of breathing,2017-18,554.0,6.55
14,1-7 December,2019-12-01,Abnormalities of breathing,2018-19,688.0,7.97
14,1-7 December,2019-12-01,Abnormalities of breathing,2019-20,752.0,8.79
14,1-7 December,2019-12-01,COPD with acute exacerbation,2017-18,77.0,0.8
14,1-7 December,2019-12-01,COPD with acute exacerbation,2018-19,158.0,1.66
14,1-7 December,2019-12-01,COPD with acute exacerbation,2019-20,218.0,2.17
15,8-14 December,2019-12-08,Diseases of the respiratory system,2017-18,3357.0,41.68
15,8-14 December,2019-12-08,Diseases of the respiratory system,2018-19,3578.0,43.67
15,8-14 December,2019-12-08,Diseases of the respiratory system,2019-20,4223.0,51.3
15,8-14 December,2019-12-08,Asthma,2017-18,390.0,5.18
15,8-14 December,2019-12-08,Asthma,2018-19,431.0,5.61
15,8-14 December,2019-12-08,Asthma,2019-20,667.0,8.49
15,8-14 December,2019-12-08,Cardiovascular diseases,2017-18,1440.0,15.71
15,8-14 December,2019-12-08,Cardiovascular diseases,2018-19,1325.0,14.08
15,8-14 December,2019-12-08,Cardiovascular diseases,2019-20,1318.0,13.82
15,8-14 December,2019-12-08,Acute myocardial infarction,2017-18,198.0,2.18
15,8-14 December,2019-12-08,Acute myocardial infarction,2018-19,250.0,2.62
15,8-14 December,2019-12-08,Acute myocardial infarction,2019-20,247.0,2.58
15,8-14 December,2019-12-08,Cerebrovascular diseases,2017-18(x),170.0,1.79
15,8-14 December,2019-12-08,Cerebrovascular diseases,2018-19,286.0,2.94
15,8-14 December,2019-12-08,Cerebrovascular diseases,2019-20,281.0,2.88
15,8-14 December,2019-12-08,Mental and behavioural disorders,2017-18,1944.0,24.99
15,8-14 December,2019-12-08,Mental and behavioural disorders,2018-19,2064.0,26.36
15,8-14 December,2019-12-08,Mental and behavioural disorders,2019-20,1982.0,24.96
15,8-14 December,2019-12-08,Dehydration,2017-18,149.0,1.74
15,8-14 December,2019-12-08,Dehydration,2018-19,123.0,1.38
15,8-14 December,2019-12-08,Dehydration,2019-20,172.0,1.96
15,8-14 December,2019-12-08,Chest pain,2017-18,1948.0,23.41
15,8-14 December,2019-12-08,Chest pain,2018-19,2351.0,27.75
15,8-14 December,2019-12-08,Chest pain,2019-20,2477.0,28.79
15,8-14 December,2019-12-08,Abnormalities of breathing,2017-18,671.0,8.05
15,8-14 December,2019-12-08,Abnormalities of breathing,2018-19,669.0,7.72
15,8-14 December,2019-12-08,Abnormalities of breathing,2019-20,830.0,9.52
15,8-14 December,2019-12-08,COPD with acute exacerbation,2017-18,78.0,0.83
15,8-14 December,2019-12-08,COPD with acute exacerbation,2018-19,167.0,1.71
15,8-14 December,2019-12-08,COPD with acute exacerbation,2019-20,212.0,2.11
16,15-21 December,2019-12-15,Diseases of the respiratory system,2017-18,3529.0,44.07
16,15-21 December,2019-12-15,Diseases of the respiratory system,2018-19,3474.0,42.22
16,15-21 December,2019-12-15,Diseases of the respiratory system,2019-20,4227.0,51.48
16,15-21 December,2019-12-15,Asthma,2017-18,449.0,5.87
16,15-21 December,2019-12-15,Asthma,2018-19,379.0,4.85
16,15-21 December,2019-12-15,Asthma,2019-20,570.0,7.27
16,15-21 December,2019-12-15,Cardiovascular diseases,2017-18,1405.0,15.26
16,15-21 December,2019-12-15,Cardiovascular diseases,2018-19,1341.0,14.22
16,15-21 December,2019-12-15,Cardiovascular diseases,2019-20,1325.0,13.78
16,15-21 December,2019-12-15,Acute myocardial infarction,2017-18,177.0,1.92
16,15-21 December,2019-12-15,Acute myocardial infarction,2018-19,239.0,2.51
16,15-21 December,2019-12-15,Acute myocardial infarction,2019-20,237.0,2.46
16,15-21 December,2019-12-15,Cerebrovascular diseases,2017-18(x),142.0,1.56
16,15-21 December,2019-12-15,Cerebrovascular diseases,2018-19,267.0,2.76
16,15-21 December,2019-12-15,Cerebrovascular diseases,2019-20,269.0,2.7
16,15-21 December,2019-12-15,Mental and behavioural disorders,2017-18,1856.0,24.0
16,15-21 December,2019-12-15,Mental and behavioural disorders,2018-19,2119.0,27.13
16,15-21 December,2019-12-15,Mental and behavioural disorders,2019-20,2001.0,25.09
16,15-21 December,2019-12-15,Dehydration,2017-18,222.0,2.59
16,15-21 December,2019-12-15,Dehydration,2018-19,140.0,1.63
16,15-21 December,2019-12-15,Dehydration,2019-20,227.0,2.63
16,15-21 December,2019-12-15,Chest pain,2017-18,2058.0,24.86
16,15-21 December,2019-12-15,Chest pain,2018-19,2394.0,28.12
16,15-21 December,2019-12-15,Chest pain,2019-20,2224.0,25.86
16,15-21 December,2019-12-15,Abnormalities of breathing,2017-18,619.0,7.27
16,15-21 December,2019-12-15,Abnormalities of breathing,2018-19,646.0,7.38
16,15-21 December,2019-12-15,Abnormalities of breathing,2019-20,770.0,8.79
16,15-21 December,2019-12-15,COPD with acute exacerbation,2017-18,91.0,0.95
16,15-21 December,2019-12-15,COPD with acute exacerbation,2018-19,157.0,1.6
16,15-21 December,2019-12-15,COPD with acute exacerbation,2019-20,188.0,1.87
17,22-28 December,2019-12-22,Diseases of the respiratory system,2017-18,4418.0,54.87
17,22-28 December,2019-12-22,Diseases of the respiratory system,2018-19,4498.0,55.38
17,22-28 December,2019-12-22,Diseases of the respiratory system,2019-20,4946.0,59.97
17,22-28 December,2019-12-22,Asthma,2017-18,476.0,6.09
17,22-28 December,2019-12-22,Asthma,2018-19,473.0,6.13
17,22-28 December,2019-12-22,Asthma,2019-20,500.0,6.26
17,22-28 December,2019-12-22,Cardiovascular diseases,2017-18,1404.0,15.15
17,22-28 December,2019-12-22,Cardiovascular diseases,2018-19,1203.0,12.74
17,22-28 December,2019-12-22,Cardiovascular diseases,2019-20,1195.0,12.35
17,22-28 December,2019-12-22,Acute myocardial infarction,2017-18,168.0,1.8
17,22-28 December,2019-12-22,Acute myocardial infarction,2018-19,219.0,2.23
17,22-28 December,2019-12-22,Acute myocardial infarction,2019-20,227.0,2.32
17,22-28 December,2019-12-22,Cerebrovascular diseases,2017-18(x),132.0,1.36
17,22-28 December,2019-12-22,Cerebrovascular diseases,2018-19,265.0,2.74
17,22-28 December,2019-12-22,Cerebrovascular diseases,2019-20,296.0,2.97
17,22-28 December,2019-12-22,Mental and behavioural disorders,2017-18,1912.0,24.78
17,22-28 December,2019-12-22,Mental and behavioural disorders,2018-19,1910.0,24.37
17,22-28 December,2019-12-22,Mental and behavioural disorders,2019-20,1960.0,24.58
17,22-28 December,2019-12-22,Dehydration,2017-18,176.0,2.0
17,22-28 December,2019-12-22,Dehydration,2018-19,167.0,1.92
17,22-28 December,2019-12-22,Dehydration,2019-20,173.0,2.0
17,22-28 December,2019-12-22,Chest pain,2017-18,1900.0,22.78
17,22-28 December,2019-12-22,Chest pain,2018-19,1957.0,22.84
17,22-28 December,2019-12-22,Chest pain,2019-20,2101.0,24.29
17,22-28 December,2019-12-22,Abnormalities of breathing,2017-18,661.0,7.8
17,22-28 December,2019-12-22,Abnormalities of breathing,2018-19,718.0,8.28
17,22-28 December,2019-12-22,Abnormalities of breathing,2019-20,690.0,7.81
17,22-28 December,2019-12-22,COPD with acute exacerbation,2017-18,106.0,1.12
17,22-28 December,2019-12-22,COPD with acute exacerbation,2018-19,172.0,1.75
17,22-28 December,2019-12-22,COPD with acute exacerbation,2019-20,211.0,2.1
18,29 December-4 January,2019-12-29,Diseases of the respiratory system,2017-18,4022.0,49.42
18,29 December-4 January,2019-12-29,Diseases of the respiratory system,2018-19,4208.0,50.94
18,29 December-4 January,2019-12-29,Diseases of the respiratory system,2019-20,4814.0,57.67
18,29 December-4 January,2019-12-29,Asthma,2017-18,380.0,4.98
18,29 December-4 January,2019-12-29,Asthma,2018-19,344.0,4.37
18,29 December-4 January,2019-12-29,Asthma,2019-20,554.0,6.87
18,29 December-4 January,2019-12-29,Cardiovascular diseases,2017-18,1466.0,15.8
18,29 December-4 January,2019-12-29,Cardiovascular diseases,2018-19,1343.0,14.23
18,29 December-4 January,2019-12-29,Cardiovascular diseases,2019-20,1338.0,14.06
18,29 December-4 January,2019-12-29,Acute myocardial infarction,2017-18,205.0,2.2
18,29 December-4 January,2019-12-29,Acute myocardial infarction,2018-19,237.0,2.5
18,29 December-4 January,2019-12-29,Acute myocardial infarction,2019-20,257.0,2.69
18,29 December-4 January,2019-12-29,Cerebrovascular diseases,2017-18(x),136.0,1.43
18,29 December-4 January,2019-12-29,Cerebrovascular diseases,2018-19,278.0,2.88
18,29 December-4 January,2019-12-29,Cerebrovascular diseases,2019-20,284.0,2.79
18,29 December-4 January,2019-12-29,Mental and behavioural disorders,2017-18,2043.0,26.59
18,29 December-4 January,2019-12-29,Mental and behavioural disorders,2018-19,2367.0,30.19
18,29 December-4 January,2019-12-29,Mental and behavioural disorders,2019-20,2199.0,27.71
18,29 December-4 January,2019-12-29,Dehydration,2017-18,154.0,1.81
18,29 December-4 January,2019-12-29,Dehydration,2018-19,252.0,2.83
18,29 December-4 January,2019-12-29,Dehydration,2019-20,225.0,2.63
18,29 December-4 January,2019-12-29,Chest pain,2017-18,2146.0,25.79
18,29 December-4 January,2019-12-29,Chest pain,2018-19,2349.0,27.74
18,29 December-4 January,2019-12-29,Chest pain,2019-20,2294.0,26.68
18,29 December-4 January,2019-12-29,Abnormalities of breathing,2017-18,581.0,6.73
18,29 December-4 January,2019-12-29,Abnormalities of breathing,2018-19,652.0,7.43
18,29 December-4 January,2019-12-29,Abnormalities of breathing,2019-20,773.0,8.69
18,29 December-4 January,2019-12-29,COPD with acute exacerbation,2017-18,95.0,1.01
18,29 December-4 January,2019-12-29,COPD with acute exacerbation,2018-19,181.0,1.85
18,29 December-4 January,2019-12-29,COPD with acute exacerbation,2019-20,249.0,2.48
19,5-11 January,2020-01-05,Diseases of the respiratory system,2017-18,3200.0,39.3
19,5-11 January,2020-01-05,Diseases of the respiratory system,2018-19,3264.0,39.67
19,5-11 January,2020-01-05,Diseases of the respiratory system,2019-20,3691.0,43.7
19,5-11 January,2020-01-05,Asthma,2017-18,349.0,4.51
19,5-11 January,2020-01-05,Asthma,2018-19,349.0,4.43
19,5-11 January,2020-01-05,Asthma,2019-20,468.0,5.8
19,5-11 January,2020-01-05,Cardiovascular diseases,2017-18,1431.0,15.42
19,5-11 January,2020-01-05,Cardiovascular diseases,2018-19,1328.0,14.08
19,5-11 January,2020-01-05,Cardiovascular diseases,2019-20,1287.0,13.4
19,5-11 January,2020-01-05,Acute myocardial infarction,2017-18,200.0,2.13
19,5-11 January,2020-01-05,Acute myocardial infarction,2018-19,200.0,2.14
19,5-11 January,2020-01-05,Acute myocardial infarction,2019-20,217.0,2.26
19,5-11 January,2020-01-05,Cerebrovascular diseases,2017-18(x),138.0,1.45
19,5-11 January,2020-01-05,Cerebrovascular diseases,2018-19,296.0,3.1
19,5-11 January,2020-01-05,Cerebrovascular diseases,2019-20,308.0,3.11
19,5-11 January,2020-01-05,Mental and behavioural disorders,2017-18,1892.0,24.48
19,5-11 January,2020-01-05,Mental and behavioural disorders,2018-19,1991.0,25.41
19,5-11 January,2020-01-05,Mental and behavioural disorders,2019-20,1941.0,24.32
19,5-11 January,2020-01-05,Dehydration,2017-18,195.0,2.24
19,5-11 January,2020-01-05,Dehydration,2018-19,143.0,1.62
19,5-11 January,2020-01-05,Dehydration,2019-20,175.0,2.01
19,5-11 January,2020-01-05,Chest pain,2017-18,2098.0,25.35
19,5-11 January,2020-01-05,Chest pain,2018-19,2330.0,27.44
19,5-11 January,2020-01-05,Chest pain,2019-20,2475.0,28.95
19,5-11 January,2020-01-05,Abnormalities of breathing,2017-18,543.0,6.29
19,5-11 January,2020-01-05,Abnormalities of breathing,2018-19,652.0,7.4
19,5-11 January,2020-01-05,Abnormalities of breathing,2019-20,733.0,8.3
19,5-11 January,2020-01-05,COPD with acute exacerbation,2017-18,82.0,0.88
19,5-11 January,2020-01-05,COPD with acute exacerbation,2018-19,152.0,1.56
19,5-11 January,2020-01-05,COPD with acute exacerbation,2019-20,212.0,2.1
20,12-18 January,2020-01-12,Diseases of the respiratory system,2017-18,2838.0,34.71
20,12-18 January,2020-01-12,Diseases of the respiratory system,2018-19,2934.0,35.66
20,12-18 January,2020-01-12,Diseases of the respiratory system,2019-20,3113.0,36.97
20,12-18 January,2020-01-12,Asthma,2017-18,283.0,3.62
20,12-18 January,2020-01-12,Asthma,2018-19,321.0,4.12
20,12-18 January,2020-01-12,Asthma,2019-20,346.0,4.34
20,12-18 January,2020-01-12,Cardiovascular diseases,2017-18,1496.0,16.18
20,12-18 January,2020-01-12,Cardiovascular diseases,2018-19,1249.0,13.39
20,12-18 January,2020-01-12,Cardiovascular diseases,2019-20,1367.0,14.36
20,12-18 January,2020-01-12,Acute myocardial infarction,2017-18,209.0,2.23
20,12-18 January,2020-01-12,Acute myocardial infarction,2018-19,190.0,1.98
20,12-18 January,2020-01-12,Acute myocardial infarction,2019-20,211.0,2.2
20,12-18 January,2020-01-12,Cerebrovascular diseases,2017-18(x),136.0,1.45
20,12-18 January,2020-01-12,Cerebrovascular diseases,2018-19,294.0,3.01
20,12-18 January,2020-01-12,Cerebrovascular diseases,2019-20,287.0,2.87
20,12-18 January,2020-01-12,Mental and behavioural disorders,2017-18,1815.0,23.5
20,12-18 January,2020-01-12,Mental and behavioural disorders,2018-19,2028.0,25.77
20,12-18 January,2020-01-12,Mental and behavioural disorders,2019-20,1860.0,23.39
20,12-18 January,2020-01-12,Dehydration,2017-18,144.0,1.64
20,12-18 January,2020-01-12,Dehydration,2018-19,245.0,2.8
20,12-18 January,2020-01-12,Dehydration,2019-20,129.0,1.49
20,12-18 January,2020-01-12,Chest pain,2017-18,2219.0,26.68
20,12-18 January,2020-01-12,Chest pain,2018-19,2312.0,27.46
20,12-18 January,2020-01-12,Chest pain,2019-20,2373.0,27.59
20,12-18 January,2020-01-12,Abnormalities of breathing,2017-18,514.0,6.05
20,12-18 January,2020-01-12,Abnormalities of breathing,2018-19,650.0,7.38
20,12-18 January,2020-01-12,Abnormalities of breathing,2019-20,650.0,7.36
20,12-18 January,2020-01-12,COPD with acute exacerbation,2017-18,86.0,0.92
20,12-18 January,2020-01-12,COPD with acute exacerbation,2018-19,112.0,1.15
20,12-18 January,2020-01-12,COPD with acute exacerbation,2019-20,186.0,1.88
21,19-25 January,2020-01-19,Diseases of the respiratory system,2017-18,2915.0,35.75
21,19-25 January,2020-01-19,Diseases of the respiratory system,2018-19,3063.0,37.25
21,19-25 January,2020-01-19,Diseases of the respiratory system,2019-20,3408.0,40.75
21,19-25 January,2020-01-19,Asthma,2017-18,318.0,4.12
21,19-25 January,2020-01-19,Asthma,2018-19,336.0,4.26
21,19-25 January,2020-01-19,Asthma,2019-20,344.0,4.34
21,19-25 January,2020-01-19,Cardiovascular diseases,2017-18,1421.0,15.39
21,19-25 January,2020-01-19,Cardiovascular diseases,2018-19,1303.0,13.82
21,19-25 January,2020-01-19,Cardiovascular diseases,2019-20,1415.0,14.74
21,19-25 January,2020-01-19,Acute myocardial infarction,2017-18,182.0,1.93
21,19-25 January,2020-01-19,Acute myocardial infarction,2018-19,234.0,2.46
21,19-25 January,2020-01-19,Acute myocardial infarction,2019-20,270.0,2.83
21,19-25 January,2020-01-19,Cerebrovascular diseases,2017-18(x),114.0,1.25
21,19-25 January,2020-01-19,Cerebrovascular diseases,2018-19,299.0,3.08
21,19-25 January,2020-01-19,Cerebrovascular diseases,2019-20,325.0,3.29
21,19-25 January,2020-01-19,Mental and behavioural disorders,2017-18,1945.0,25.18
21,19-25 January,2020-01-19,Mental and behavioural disorders,2018-19,1960.0,25.03
21,19-25 January,2020-01-19,Mental and behavioural disorders,2019-20,1958.0,24.7
21,19-25 January,2020-01-19,Dehydration,2017-18,223.0,2.58
21,19-25 January,2020-01-19,Dehydration,2018-19,236.0,2.66
21,19-25 January,2020-01-19,Dehydration,2019-20,139.0,1.55
21,19-25 January,2020-01-19,Chest pain,2017-18,2086.0,25.15
21,19-25 January,2020-01-19,Chest pain,2018-19,2353.0,28.09
21,19-25 January,2020-01-19,Chest pain,2019-20,2578.0,29.87
21,19-25 January,2020-01-19,Abnormalities of breathing,2017-18,564.0,6.58
21,19-25 January,2020-01-19,Abnormalities of breathing,2018-19,633.0,7.42
21,19-25 January,2020-01-19,Abnormalities of breathing,2019-20,710.0,8.13
21,19-25 January,2020-01-19,COPD with acute exacerbation,2017-18,81.0,0.85
21,19-25 January,2020-01-19,COPD with acute exacerbation,2018-19,147.0,1.52
21,19-25 January,2020-01-19,COPD with acute exacerbation,2019-20,198.0,2.02
22,26 January-1 February,2020-01-26,Diseases of the respiratory system,2017-18,3019.0,37.47
22,26 January-1 February,2020-01-26,Diseases of the respiratory system,2018-19,3486.0,42.92
22,26 January-1 February,2020-01-26,Diseases of the respiratory system,2019-20,4276.0,52.37
22,26 January-1 February,2020-01-26,Asthma,2017-18,308.0,4.05
22,26 January-1 February,2020-01-26,Asthma,2018-19,380.0,4.91
22,26 January-1 February,2020-01-26,Asthma,2019-20,364.0,4.64
22,26 January-1 February,2020-01-26,Cardiovascular diseases,2017-18,1360.0,14.81
22,26 January-1 February,2020-01-26,Cardiovascular diseases,2018-19,1240.0,12.99
22,26 January-1 February,2020-01-26,Cardiovascular diseases,2019-20,1258.0,13.21
22,26 January-1 February,2020-01-26,Acute myocardial infarction,2017-18,185.0,2.02
22,26 January-1 February,2020-01-26,Acute myocardial infarction,2018-19,219.0,2.29
22,26 January-1 February,2020-01-26,Acute myocardial infarction,2019-20,222.0,2.36
22,26 January-1 February,2020-01-26,Cerebrovascular diseases,2017-18(x),138.0,1.47
22,26 January-1 February,2020-01-26,Cerebrovascular diseases,2018-19,251.0,2.55
22,26 January-1 February,2020-01-26,Cerebrovascular diseases,2019-20,301.0,3.09
22,26 January-1 February,2020-01-26,Mental and behavioural disorders,2017-18,1966.0,25.48
22,26 January-1 February,2020-01-26,Mental and behavioural disorders,2018-19,2153.0,27.43
22,26 January-1 February,2020-01-26,Mental and behavioural disorders,2019-20,2038.0,25.67
22,26 January-1 February,2020-01-26,Dehydration,2017-18,172.0,1.97
22,26 January-1 February,2020-01-26,Dehydration,2018-19,212.0,2.45
22,26 January-1 February,2020-01-26,Dehydration,2019-20,192.0,2.13
22,26 January-1 February,2020-01-26,Chest pain,2017-18,2158.0,26.01
22,26 January-1 February,2020-01-26,Chest pain,2018-19,2229.0,26.58
22,26 January-1 February,2020-01-26,Chest pain,2019-20,2495.0,29.3
22,26 January-1 February,2020-01-26,Abnormalities of breathing,2017-18,642.0,7.6
22,26 January-1 February,2020-01-26,Abnormalities of breathing,2018-19,718.0,8.38
22,26 January-1 February,2020-01-26,Abnormalities of breathing,2019-20,765.0,8.96
22,26 January-1 February,2020-01-26,COPD with acute exacerbation,2017-18,60.0,0.63
22,26 January-1 February,2020-01-26,COPD with acute exacerbation,2018-19,124.0,1.27
22,26 January-1 February,2020-01-26,COPD with acute exacerbation,2019-20,171.0,1.7
23,2-8 February,2020-02-02,Diseases of the respiratory system,2017-18,3102.0,38.74
23,2-8 February,2020-02-02,Diseases of the respiratory system,2018-19,3485.0,43.14
23,2-8 February,2020-02-02,Diseases of the respiratory system,2019-20,3802.0,46.86
23,2-8 February,2020-02-02,Asthma,2017-18,462.0,6.11
23,2-8 February,2020-02-02,Asthma,2018-19,434.0,5.67
23,2-8 February,2020-02-02,Asthma,2019-20,402.0,5.17
23,2-8 February,2020-02-02,Cardiovascular diseases,2017-18,1379.0,14.83
23,2-8 February,2020-02-02,Cardiovascular diseases,2018-19,1286.0,13.6
23,2-8 February,2020-02-02,Cardiovascular diseases,2019-20,1281.0,13.48
23,2-8 February,2020-02-02,Acute myocardial infarction,2017-18,196.0,2.07
23,2-8 February,2020-02-02,Acute myocardial infarction,2018-19,182.0,1.93
23,2-8 February,2020-02-02,Acute myocardial infarction,2019-20,226.0,2.36
23,2-8 February,2020-02-02,Cerebrovascular diseases,2017-18(x),120.0,1.25
23,2-8 February,2020-02-02,Cerebrovascular diseases,2018-19,296.0,3.1
23,2-8 February,2020-02-02,Cerebrovascular diseases,2019-20,280.0,2.84
23,2-8 February,2020-02-02,Mental and behavioural disorders,2017-18,1877.0,24.26
23,2-8 February,2020-02-02,Mental and behavioural disorders,2018-19,2023.0,25.73
23,2-8 February,2020-02-02,Mental and behavioural disorders,2019-20,1788.0,22.61
23,2-8 February,2020-02-02,Dehydration,2017-18,106.0,1.22
23,2-8 February,2020-02-02,Dehydration,2018-19,158.0,1.83
23,2-8 February,2020-02-02,Dehydration,2019-20,151.0,1.72
23,2-8 February,2020-02-02,Chest pain,2017-18,2111.0,25.51
23,2-8 February,2020-02-02,Chest pain,2018-19,2385.0,28.29
23,2-8 February,2020-02-02,Chest pain,2019-20,2374.0,27.63
23,2-8 February,2020-02-02,Abnormalities of breathing,2017-18,652.0,7.83
23,2-8 February,2020-02-02,Abnormalities of breathing,2018-19,822.0,9.72
23,2-8 February,2020-02-02,Abnormalities of breathing,2019-20,667.0,7.76
23,2-8 February,2020-02-02,COPD with acute exacerbation,2017-18,68.0,0.73
23,2-8 February,2020-02-02,COPD with acute exacerbation,2018-19,131.0,1.34
23,2-8 February,2020-02-02,COPD with acute exacerbation,2019-20,172.0,1.73
24,9-15 February,2020-02-09,Diseases of the respiratory system,2017-18,3604.0,45.34
24,9-15 February,2020-02-09,Diseases of the respiratory system,2018-19,3962.0,49.41
24,9-15 February,2020-02-09,Diseases of the respiratory system,2019-20,3781.0,46.2
24,9-15 February,2020-02-09,Asthma,2017-18,657.0,8.74
24,9-15 February,2020-02-09,Asthma,2018-19,648.0,8.54
24,9-15 February,2020-02-09,Asthma,2019-20,434.0,5.63
24,9-15 February,2020-02-09,Cardiovascular diseases,2017-18,1460.0,15.98
24,9-15 February,2020-02-09,Cardiovascular diseases,2018-19,1283.0,13.71
24,9-15 February,2020-02-09,Cardiovascular diseases,2019-20,1354.0,14.1
24,9-15 February,2020-02-09,Acute myocardial infarction,2017-18,201.0,2.15
24,9-15 February,2020-02-09,Acute myocardial infarction,2018-19,201.0,2.11
24,9-15 February,2020-02-09,Acute myocardial infarction,2019-20,241.0,2.55
24,9-15 February,2020-02-09,Cerebrovascular diseases,2017-18(x),135.0,1.44
24,9-15 February,2020-02-09,Cerebrovascular diseases,2018-19,285.0,2.98
24,9-15 February,2020-02-09,Cerebrovascular diseases,2019-20,283.0,2.86
24,9-15 February,2020-02-09,Mental and behavioural disorders,2017-18,1969.0,25.56
24,9-15 February,2020-02-09,Mental and behavioural disorders,2018-19,2045.0,26.04
24,9-15 February,2020-02-09,Mental and behavioural disorders,2019-20,1923.0,24.12
24,9-15 February,2020-02-09,Dehydration,2017-18,131.0,1.52
24,9-15 February,2020-02-09,Dehydration,2018-19,146.0,1.63
24,9-15 February,2020-02-09,Dehydration,2019-20,106.0,1.25
24,9-15 February,2020-02-09,Chest pain,2017-18,2171.0,26.44
24,9-15 February,2020-02-09,Chest pain,2018-19,2270.0,26.89
24,9-15 February,2020-02-09,Chest pain,2019-20,2546.0,29.66
24,9-15 February,2020-02-09,Abnormalities of breathing,2017-18,763.0,9.25
24,9-15 February,2020-02-09,Abnormalities of breathing,2018-19,865.0,10.53
24,9-15 February,2020-02-09,Abnormalities of breathing,2019-20,849.0,9.94
24,9-15 February,2020-02-09,COPD with acute exacerbation,2017-18,86.0,0.92
24,9-15 February,2020-02-09,COPD with acute exacerbation,2018-19,144.0,1.46
24,9-15 February,2020-02-09,COPD with acute exacerbation,2019-20,155.0,1.52
25,16-22 February,2020-02-16,Diseases of the respiratory system,2017-18,3496.0,43.75
25,16-22 February,2020-02-16,Diseases of the respiratory system,2018-19,4213.0,52.5
25,16-22 February,2020-02-16,Diseases of the respiratory system,2019-20,4384.0,54.36
25,16-22 February,2020-02-16,Asthma,2017-18,573.0,7.55
25,16-22 February,2020-02-16,Asthma,2018-19,682.0,8.98
25,16-22 February,2020-02-16,Asthma,2019-20,556.0,7.25
25,16-22 February,2020-02-16,Cardiovascular diseases,2017-18,1379.0,14.94
25,16-22 February,2020-02-16,Cardiovascular diseases,2018-19,1318.0,14.1
25,16-22 February,2020-02-16,Cardiovascular diseases,2019-20,1324.0,13.78
25,16-22 February,2020-02-16,Acute myocardial infarction,2017-18,172.0,1.85
25,16-22 February,2020-02-16,Acute myocardial infarction,2018-19,231.0,2.46
25,16-22 February,2020-02-16,Acute myocardial infarction,2019-20,225.0,2.35
25,16-22 February,2020-02-16,Cerebrovascular diseases,2017-18(x),130.0,1.38
25,16-22 February,2020-02-16,Cerebrovascular diseases,2018-19,281.0,2.91
25,16-22 February,2020-02-16,Cerebrovascular diseases,2019-20,293.0,2.95
25,16-22 February,2020-02-16,Mental and behavioural disorders,2017-18,1969.0,25.44
25,16-22 February,2020-02-16,Mental and behavioural disorders,2018-19,2036.0,26.12
25,16-22 February,2020-02-16,Mental and behavioural disorders,2019-20,1936.0,24.26
25,16-22 February,2020-02-16,Dehydration,2017-18,118.0,1.39
25,16-22 February,2020-02-16,Dehydration,2018-19,127.0,1.44
25,16-22 February,2020-02-16,Dehydration,2019-20,136.0,1.53
25,16-22 February,2020-02-16,Chest pain,2017-18,2217.0,26.68
25,16-22 February,2020-02-16,Chest pain,2018-19,2535.0,29.9
25,16-22 February,2020-02-16,Chest pain,2019-20,2442.0,28.62
25,16-22 February,2020-02-16,Abnormalities of breathing,2017-18,746.0,9.01
25,16-22 February,2020-02-16,Abnormalities of breathing,2018-19,845.0,10.24
25,16-22 February,2020-02-16,Abnormalities of breathing,2019-20,844.0,10.03
25,16-22 February,2020-02-16,COPD with acute exacerbation,2017-18,73.0,0.79
25,16-22 February,2020-02-16,COPD with acute exacerbation,2018-19,148.0,1.53
25,16-22 February,2020-02-16,COPD with acute exacerbation,2019-20,162.0,1.66
26,23 Feb-1 Mar/29 Feb,2020-02-23,Diseases of the respiratory system,2017-18,3446.0,43.13
26,23 Feb-1 Mar/29 Feb,2020-02-23,Diseases of the respiratory system,2018-19,4112.0,51.22
26,23 Feb-1 Mar/29 Feb,2020-02-23,Diseases of the respiratory system,2019-20,4460.0,55.09
26,23 Feb-1 Mar/29 Feb,2020-02-23,Asthma,2017-18,529.0,6.98
26,23 Feb-1 Mar/29 Feb,2020-02-23,Asthma,2018-19,645.0,8.51
26,23 Feb-1 Mar/29 Feb,2020-02-23,Asthma,2019-20,486.0,6.34
26,23 Feb-1 Mar/29 Feb,2020-02-23,Cardiovascular diseases,2017-18,1537.0,16.55
26,23 Feb-1 Mar/29 Feb,2020-02-23,Cardiovascular diseases,2018-19,1321.0,14.21
26,23 Feb-1 Mar/29 Feb,2020-02-23,Cardiovascular diseases,2019-20,1277.0,13.37
26,23 Feb-1 Mar/29 Feb,2020-02-23,Acute myocardial infarction,2017-18,206.0,2.22
26,23 Feb-1 Mar/29 Feb,2020-02-23,Acute myocardial infarction,2018-19,218.0,2.37
26,23 Feb-1 Mar/29 Feb,2020-02-23,Acute myocardial infarction,2019-20,209.0,2.16
26,23 Feb-1 Mar/29 Feb,2020-02-23,Cerebrovascular diseases,2017-18(x),139.0,1.49
26,23 Feb-1 Mar/29 Feb,2020-02-23,Cerebrovascular diseases,2018-19,286.0,2.96
26,23 Feb-1 Mar/29 Feb,2020-02-23,Cerebrovascular diseases,2019-20,265.0,2.67
26,23 Feb-1 Mar/29 Feb,2020-02-23,Mental and behavioural disorders,2017-18,1931.0,25.22
26,23 Feb-1 Mar/29 Feb,2020-02-23,Mental and behavioural disorders,2018-19,2117.0,27.19
26,23 Feb-1 Mar/29 Feb,2020-02-23,Mental and behavioural disorders,2019-20,1949.0,24.6
26,23 Feb-1 Mar/29 Feb,2020-02-23,Dehydration,2017-18,122.0,1.4
26,23 Feb-1 Mar/29 Feb,2020-02-23,Dehydration,2018-19,121.0,1.38
26,23 Feb-1 Mar/29 Feb,2020-02-23,Dehydration,2019-20,102.0,1.13
26,23 Feb-1 Mar/29 Feb,2020-02-23,Chest pain,2017-18,2232.0,26.97
26,23 Feb-1 Mar/29 Feb,2020-02-23,Chest pain,2018-19,2566.0,30.51
26,23 Feb-1 Mar/29 Feb,2020-02-23,Chest pain,2019-20,2314.0,27.08
26,23 Feb-1 Mar/29 Feb,2020-02-23,Abnormalities of breathing,2017-18,684.0,8.27
26,23 Feb-1 Mar/29 Feb,2020-02-23,Abnormalities of breathing,2018-19,836.0,10.16
26,23 Feb-1 Mar/29 Feb,2020-02-23,Abnormalities of breathing,2019-20,802.0,9.56
26,23 Feb-1 Mar/29 Feb,2020-02-23,COPD with acute exacerbation,2017-18,73.0,0.78
26,23 Feb-1 Mar/29 Feb,2020-02-23,COPD with acute exacerbation,2018-19,116.0,1.2
26,23 Feb-1 Mar/29 Feb,2020-02-23,COPD with acute exacerbation,2019-20,152.0,1.49
29,Week,2020-03-15,Diseases of the respiratory system,2017-18,,
29,Week,2020-03-15,Diseases of the respiratory system,2018-19,,
29,Week,2020-03-15,Diseases of the respiratory system,2019-20,,
29,Week,2020-03-15,Asthma,2017-18,,
29,Week,2020-03-15,Asthma,2018-19,,
29,Week,2020-03-15,Asthma,2019-20,,
29,Week,2020-03-15,Cardiovascular diseases,2017-18,,
29,Week,2020-03-15,Cardiovascular diseases,2018-19,,
29,Week,2020-03-15,Cardiovascular diseases,2019-20,,
29,Week,2020-03-15,Acute myocardial infarction,2017-18,,
29,Week,2020-03-15,Acute myocardial infarction,2018-19,,
29,Week,2020-03-15,Acute myocardial infarction,2019-20,,
29,Week,2020-03-15,Cerebrovascular diseases,2017-18(x),,
29,Week,2020-03-15,Cerebrovascular diseases,2018-19,,
29,Week,2020-03-15,Cerebrovascular diseases,2019-20,,
29,Week,2020-03-15,Mental and behavioural disorders,2017-18,,
29,Week,2020-03-15,Mental and behavioural disorders,2018-19,,
29,Week,2020-03-15,Mental and behavioural disorders,2019-20,,
29,Week,2020-03-15,Dehydration,2017-18,,
29,Week,2020-03-15,Dehydration,2018-19,,
29,Week,2020-03-15,Dehydration,2019-20,,
29,Week,2020-03-15,Chest pain,2017-18,,
29,Week,2020-03-15,Chest pain,2018-19,,
29,Week,2020-03-15,Chest pain,2019-20,,
29,Week,2020-03-15,Abnormalities of breathing,2017-18,,
29,Week,2020-03-15,Abnormalities of breathing,2018-19,,
29,Week,2020-03-15,Abnormalities of breathing,2019-20,,
29,Week,2020-03-15,COPD with acute exacerbation,2017-18,,
29,Week,2020-03-15,COPD with acute exacerbation,2018-19,,
29,Week,2020-03-15,COPD with acute exacerbation,2019-20,,
31,1-7 September,2020-03-29,Diseases of the respiratory system,2017-18,3328.0,83.44
31,1-7 September,2020-03-29,Diseases of the respiratory system,2018-19,2679.0,66.56
31,1-7 September,2020-03-29,Diseases of the respiratory system,2019-20,2923.0,71.51
31,1-7 September,2020-03-29,Asthma,2017-18,218.0,5.75
31,1-7 September,2020-03-29,Asthma,2018-19,246.0,6.32
31,1-7 September,2020-03-29,Asthma,2019-20,243.0,6.26
31,1-7 September,2020-03-29,Cardiovascular diseases,2017-18,952.0,22.14
31,1-7 September,2020-03-29,Cardiovascular diseases,2018-19,763.0,17.33
31,1-7 September,2020-03-29,Cardiovascular diseases,2019-20,815.0,18.08
31,1-7 September,2020-03-29,Acute myocardial infarction,2017-18,158.0,3.61
31,1-7 September,2020-03-29,Acute myocardial infarction,2018-19,158.0,3.63
31,1-7 September,2020-03-29,Acute myocardial infarction,2019-20,162.0,3.63
31,1-7 September,2020-03-29,Cerebrovascular diseases,2017-18(x),88.0,2.02
31,1-7 September,2020-03-29,Cerebrovascular diseases,2018-19,155.0,3.47
31,1-7 September,2020-03-29,Cerebrovascular diseases,2019-20,163.0,3.64
31,1-7 September,2020-03-29,Mental and behavioural disorders,2017-18,929.0,24.35
31,1-7 September,2020-03-29,Mental and behavioural disorders,2018-19,1047.0,27.09
31,1-7 September,2020-03-29,Mental and behavioural disorders,2019-20,1024.0,26.22
31,1-7 September,2020-03-29,Dehydration,2017-18,56.0,1.39
31,1-7 September,2020-03-29,Dehydration,2018-19,53.0,1.25
31,1-7 September,2020-03-29,Dehydration,2019-20,52.0,1.23
31,1-7 September,2020-03-29,Chest pain,2017-18,1168.0,29.2
31,1-7 September,2020-03-29,Chest pain,2018-19,1248.0,30.28
31,1-7 September,2020-03-29,Chest pain,2019-20,1238.0,29.94
31,1-7 September,2020-03-29,Abnormalities of breathing,2017-18,340.0,8.16
31,1-7 September,2020-03-29,Abnormalities of breathing,2018-19,363.0,8.69
31,1-7 September,2020-03-29,Abnormalities of breathing,2019-20,387.0,9.25
31,1-7 September,2020-03-29,COPD with acute exacerbation,2017-18,90.0,2.01
31,1-7 September,2020-03-29,COPD with acute exacerbation,2018-19,89.0,1.95
31,1-7 September,2020-03-29,COPD with acute exacerbation,2019-20,112.0,2.37
32,8-14 September,2020-04-05,Diseases of the respiratory system,2017-18,3190.0,79.7
32,8-14 September,2020-04-05,Diseases of the respiratory system,2018-19,2684.0,66.63
32,8-14 September,2020-04-05,Diseases of the respiratory system,2019-20,2645.0,65.1
32,8-14 September,2020-04-05,Asthma,2017-18,231.0,6.02
32,8-14 September,2020-04-05,Asthma,2018-19,244.0,6.28
32,8-14 September,2020-04-05,Asthma,2019-20,230.0,5.93
32,8-14 September,2020-04-05,Cardiovascular diseases,2017-18,931.0,21.53
32,8-14 September,2020-04-05,Cardiovascular diseases,2018-19,799.0,18.2
32,8-14 September,2020-04-05,Cardiovascular diseases,2019-20,749.0,16.69
32,8-14 September,2020-04-05,Acute myocardial infarction,2017-18,120.0,2.76
32,8-14 September,2020-04-05,Acute myocardial infarction,2018-19,154.0,3.49
32,8-14 September,2020-04-05,Acute myocardial infarction,2019-20,142.0,3.15
32,8-14 September,2020-04-05,Cerebrovascular diseases,2017-18(x),66.0,1.5
32,8-14 September,2020-04-05,Cerebrovascular diseases,2018-19,142.0,3.24
32,8-14 September,2020-04-05,Cerebrovascular diseases,2019-20,145.0,3.27
32,8-14 September,2020-04-05,Mental and behavioural disorders,2017-18,940.0,24.73
32,8-14 September,2020-04-05,Mental and behavioural disorders,2018-19,1042.0,27.13
32,8-14 September,2020-04-05,Mental and behavioural disorders,2019-20,1062.0,27.11
32,8-14 September,2020-04-05,Dehydration,2017-18,86.0,2.13
32,8-14 September,2020-04-05,Dehydration,2018-19,48.0,1.14
32,8-14 September,2020-04-05,Dehydration,2019-20,58.0,1.4
32,8-14 September,2020-04-05,Chest pain,2017-18,1137.0,28.07
32,8-14 September,2020-04-05,Chest pain,2018-19,1217.0,29.66
32,8-14 September,2020-04-05,Chest pain,2019-20,1294.0,31.17
32,8-14 September,2020-04-05,Abnormalities of breathing,2017-18,358.0,8.65
32,8-14 September,2020-04-05,Abnormalities of breathing,2018-19,387.0,9.39
32,8-14 September,2020-04-05,Abnormalities of breathing,2019-20,385.0,9.17
32,8-14 September,2020-04-05,COPD with acute exacerbation,2017-18,69.0,1.59
32,8-14 September,2020-04-05,COPD with acute exacerbation,2018-19,96.0,2.07
32,8-14 September,2020-04-05,COPD with acute exacerbation,2019-20,81.0,1.7
33,15-21 September,2020-04-12,Diseases of the respiratory system,2017-18,2984.0,74.56
33,15-21 September,2020-04-12,Diseases of the respiratory system,2018-19,2551.0,63.08
33,15-21 September,2020-04-12,Diseases of the respiratory system,2019-20,2664.0,65.63
33,15-21 September,2020-04-12,Asthma,2017-18,205.0,5.31
33,15-21 September,2020-04-12,Asthma,2018-19,222.0,5.73
33,15-21 September,2020-04-12,Asthma,2019-20,226.0,5.8
33,15-21 September,2020-04-12,Cardiovascular diseases,2017-18,889.0,20.43
33,15-21 September,2020-04-12,Cardiovascular diseases,2018-19,776.0,17.76
33,15-21 September,2020-04-12,Cardiovascular diseases,2019-20,796.0,17.57
33,15-21 September,2020-04-12,Acute myocardial infarction,2017-18,145.0,3.25
33,15-21 September,2020-04-12,Acute myocardial infarction,2018-19,141.0,3.21
33,15-21 September,2020-04-12,Acute myocardial infarction,2019-20,175.0,3.88
33,15-21 September,2020-04-12,Cerebrovascular diseases,2017-18(x),84.0,1.87
33,15-21 September,2020-04-12,Cerebrovascular diseases,2018-19,163.0,3.57
33,15-21 September,2020-04-12,Cerebrovascular diseases,2019-20,160.0,3.48
33,15-21 September,2020-04-12,Mental and behavioural disorders,2017-18,985.0,25.91
33,15-21 September,2020-04-12,Mental and behavioural disorders,2018-19,1100.0,28.42
33,15-21 September,2020-04-12,Mental and behavioural disorders,2019-20,1102.0,28.17
33,15-21 September,2020-04-12,Dehydration,2017-18,75.0,1.83
33,15-21 September,2020-04-12,Dehydration,2018-19,51.0,1.19
33,15-21 September,2020-04-12,Dehydration,2019-20,64.0,1.51
33,15-21 September,2020-04-12,Chest pain,2017-18,1110.0,27.36
33,15-21 September,2020-04-12,Chest pain,2018-19,1136.0,27.58
33,15-21 September,2020-04-12,Chest pain,2019-20,1320.0,31.54
33,15-21 September,2020-04-12,Abnormalities of breathing,2017-18,334.0,8.02
33,15-21 September,2020-04-12,Abnormalities of breathing,2018-19,366.0,8.75
33,15-21 September,2020-04-12,Abnormalities of breathing,2019-20,404.0,9.53
33,15-21 September,2020-04-12,COPD with acute exacerbation,2017-18,82.0,1.84
33,15-21 September,2020-04-12,COPD with acute exacerbation,2018-19,94.0,2.08
33,15-21 September,2020-04-12,COPD with acute exacerbation,2019-20,87.0,1.87
34,22-28 September,2020-04-19,Diseases of the respiratory system,2017-18,2834.0,70.64
34,22-28 September,2020-04-19,Diseases of the respiratory system,2018-19,2478.0,61.64
34,22-28 September,2020-04-19,Diseases of the respiratory system,2019-20,2581.0,63.68
34,22-28 September,2020-04-19,Asthma,2017-18,212.0,5.52
34,22-28 September,2020-04-19,Asthma,2018-19,242.0,6.29
34,22-28 September,2020-04-19,Asthma,2019-20,201.0,5.18
34,22-28 September,2020-04-19,Cardiovascular diseases,2017-18,830.0,19.14
34,22-28 September,2020-04-19,Cardiovascular diseases,2018-19,753.0,17.05
34,22-28 September,2020-04-19,Cardiovascular diseases,2019-20,769.0,17.08
34,22-28 September,2020-04-19,Acute myocardial infarction,2017-18,119.0,2.69
34,22-28 September,2020-04-19,Acute myocardial infarction,2018-19,163.0,3.65
34,22-28 September,2020-04-19,Acute myocardial infarction,2019-20,141.0,3.14
34,22-28 September,2020-04-19,Cerebrovascular diseases,2017-18(x),72.0,1.64
34,22-28 September,2020-04-19,Cerebrovascular diseases,2018-19,165.0,3.67
34,22-28 September,2020-04-19,Cerebrovascular diseases,2019-20,149.0,3.37
34,22-28 September,2020-04-19,Mental and behavioural disorders,2017-18,923.0,24.16
34,22-28 September,2020-04-19,Mental and behavioural disorders,2018-19,1069.0,27.83
34,22-28 September,2020-04-19,Mental and behavioural disorders,2019-20,1139.0,29.19
34,22-28 September,2020-04-19,Dehydration,2017-18,82.0,1.98
34,22-28 September,2020-04-19,Dehydration,2018-19,60.0,1.45
34,22-28 September,2020-04-19,Dehydration,2019-20,48.0,1.13
34,22-28 September,2020-04-19,Chest pain,2017-18,1066.0,26.49
34,22-28 September,2020-04-19,Chest pain,2018-19,1137.0,27.71
34,22-28 September,2020-04-19,Chest pain,2019-20,1300.0,31.04
34,22-28 September,2020-04-19,Abnormalities of breathing,2017-18,327.0,7.87
34,22-28 September,2020-04-19,Abnormalities of breathing,2018-19,359.0,8.65
34,22-28 September,2020-04-19,Abnormalities of breathing,2019-20,431.0,10.12
34,22-28 September,2020-04-19,COPD with acute exacerbation,2017-18,79.0,1.79
34,22-28 September,2020-04-19,COPD with acute exacerbation,2018-19,89.0,1.98
34,22-28 September,2020-04-19,COPD with acute exacerbation,2019-20,93.0,1.96
35,29 September-5 October,2020-04-26,Diseases of the respiratory system,2017-18,2638.0,65.76
35,29 September-5 October,2020-04-26,Diseases of the respiratory system,2018-19,2607.0,64.7
35,29 September-5 October,2020-04-26,Diseases of the respiratory system,2019-20,2613.0,64.01
35,29 September-5 October,2020-04-26,Asthma,2017-18,185.0,4.77
35,29 September-5 October,2020-04-26,Asthma,2018-19,238.0,6.14
35,29 September-5 October,2020-04-26,Asthma,2019-20,202.0,5.18
35,29 September-5 October,2020-04-26,Cardiovascular diseases,2017-18,838.0,19.39
35,29 September-5 October,2020-04-26,Cardiovascular diseases,2018-19,751.0,17.23
35,29 September-5 October,2020-04-26,Cardiovascular diseases,2019-20,809.0,18.0
35,29 September-5 October,2020-04-26,Acute myocardial infarction,2017-18,117.0,2.73
35,29 September-5 October,2020-04-26,Acute myocardial infarction,2018-19,136.0,3.25
35,29 September-5 October,2020-04-26,Acute myocardial infarction,2019-20,163.0,3.6
35,29 September-5 October,2020-04-26,Cerebrovascular diseases,2017-18(x),73.0,1.67
35,29 September-5 October,2020-04-26,Cerebrovascular diseases,2018-19,157.0,3.55
35,29 September-5 October,2020-04-26,Cerebrovascular diseases,2019-20,139.0,3.04
35,29 September-5 October,2020-04-26,Mental and behavioural disorders,2017-18,953.0,25.01
35,29 September-5 October,2020-04-26,Mental and behavioural disorders,2018-19,1085.0,28.11
35,29 September-5 October,2020-04-26,Mental and behavioural disorders,2019-20,1057.0,26.96
35,29 September-5 October,2020-04-26,Dehydration,2017-18,80.0,1.97
35,29 September-5 October,2020-04-26,Dehydration,2018-19,43.0,1.02
35,29 September-5 October,2020-04-26,Dehydration,2019-20,63.0,1.48
35,29 September-5 October,2020-04-26,Chest pain,2017-18,1079.0,26.45
35,29 September-5 October,2020-04-26,Chest pain,2018-19,1055.0,25.77
35,29 September-5 October,2020-04-26,Chest pain,2019-20,1188.0,28.4
35,29 September-5 October,2020-04-26,Abnormalities of breathing,2017-18,333.0,8.1
35,29 September-5 October,2020-04-26,Abnormalities of breathing,2018-19,351.0,8.52
35,29 September-5 October,2020-04-26,Abnormalities of breathing,2019-20,427.0,9.96
35,29 September-5 October,2020-04-26,COPD with acute exacerbation,2017-18,61.0,1.37
35,29 September-5 October,2020-04-26,COPD with acute exacerbation,2018-19,97.0,2.15
35,29 September-5 October,2020-04-26,COPD with acute exacerbation,2019-20,81.0,1.68
36,6-12 October,2020-05-03,Diseases of the respiratory system,2017-18,2095.0,52.03
36,6-12 October,2020-05-03,Diseases of the respiratory system,2018-19,2246.0,55.41
36,6-12 October,2020-05-03,Diseases of the respiratory system,2019-20,2451.0,59.63
36,6-12 October,2020-05-03,Asthma,2017-18,164.0,4.22
36,6-12 October,2020-05-03,Asthma,2018-19,173.0,4.45
36,6-12 October,2020-05-03,Asthma,2019-20,200.0,5.13
36,6-12 October,2020-05-03,Cardiovascular diseases,2017-18,841.0,19.22
36,6-12 October,2020-05-03,Cardiovascular diseases,2018-19,768.0,17.35
36,6-12 October,2020-05-03,Cardiovascular diseases,2019-20,770.0,17.28
36,6-12 October,2020-05-03,Acute myocardial infarction,2017-18,126.0,2.87
36,6-12 October,2020-05-03,Acute myocardial infarction,2018-19,126.0,2.86
36,6-12 October,2020-05-03,Acute myocardial infarction,2019-20,161.0,3.64
36,6-12 October,2020-05-03,Cerebrovascular diseases,2017-18(x),78.0,1.74
36,6-12 October,2020-05-03,Cerebrovascular diseases,2018-19,182.0,4.06
36,6-12 October,2020-05-03,Cerebrovascular diseases,2019-20,178.0,3.84
36,6-12 October,2020-05-03,Mental and behavioural disorders,2017-18,940.0,24.64
36,6-12 October,2020-05-03,Mental and behavioural disorders,2018-19,1041.0,26.99
36,6-12 October,2020-05-03,Mental and behavioural disorders,2019-20,1016.0,26.0
36,6-12 October,2020-05-03,Dehydration,2017-18,59.0,1.44
36,6-12 October,2020-05-03,Dehydration,2018-19,50.0,1.2
36,6-12 October,2020-05-03,Dehydration,2019-20,62.0,1.46
36,6-12 October,2020-05-03,Chest pain,2017-18,1134.0,28.22
36,6-12 October,2020-05-03,Chest pain,2018-19,1236.0,30.4
36,6-12 October,2020-05-03,Chest pain,2019-20,1289.0,30.88
36,6-12 October,2020-05-03,Abnormalities of breathing,2017-18,294.0,7.13
36,6-12 October,2020-05-03,Abnormalities of breathing,2018-19,356.0,8.48
36,6-12 October,2020-05-03,Abnormalities of breathing,2019-20,377.0,8.86
36,6-12 October,2020-05-03,COPD with acute exacerbation,2017-18,46.0,1.03
36,6-12 October,2020-05-03,COPD with acute exacerbation,2018-19,91.0,1.96
36,6-12 October,2020-05-03,COPD with acute exacerbation,2019-20,100.0,2.14
37,13-19 October,2020-05-10,Diseases of the respiratory system,2017-18,1915.0,47.76
37,13-19 October,2020-05-10,Diseases of the respiratory system,2018-19,2099.0,51.8
37,13-19 October,2020-05-10,Diseases of the respiratory system,2019-20,2047.0,49.92
37,13-19 October,2020-05-10,Asthma,2017-18,213.0,5.54
37,13-19 October,2020-05-10,Asthma,2018-19,191.0,4.92
37,13-19 October,2020-05-10,Asthma,2019-20,164.0,4.22
37,13-19 October,2020-05-10,Cardiovascular diseases,2017-18,798.0,18.34
37,13-19 October,2020-05-10,Cardiovascular diseases,2018-19,800.0,18.14
37,13-19 October,2020-05-10,Cardiovascular diseases,2019-20,811.0,17.95
37,13-19 October,2020-05-10,Acute myocardial infarction,2017-18,113.0,2.52
37,13-19 October,2020-05-10,Acute myocardial infarction,2018-19,149.0,3.37
37,13-19 October,2020-05-10,Acute myocardial infarction,2019-20,181.0,3.94
37,13-19 October,2020-05-10,Cerebrovascular diseases,2017-18(x),81.0,1.92
37,13-19 October,2020-05-10,Cerebrovascular diseases,2018-19,150.0,3.36
37,13-19 October,2020-05-10,Cerebrovascular diseases,2019-20,181.0,3.92
37,13-19 October,2020-05-10,Mental and behavioural disorders,2017-18,947.0,24.95
37,13-19 October,2020-05-10,Mental and behavioural disorders,2018-19,1137.0,29.58
37,13-19 October,2020-05-10,Mental and behavioural disorders,2019-20,1071.0,27.27
37,13-19 October,2020-05-10,Dehydration,2017-18,63.0,1.54
37,13-19 October,2020-05-10,Dehydration,2018-19,39.0,0.91
37,13-19 October,2020-05-10,Dehydration,2019-20,58.0,1.35
37,13-19 October,2020-05-10,Chest pain,2017-18,1119.0,27.72
37,13-19 October,2020-05-10,Chest pain,2018-19,1197.0,29.17
37,13-19 October,2020-05-10,Chest pain,2019-20,1319.0,31.5
37,13-19 October,2020-05-10,Abnormalities of breathing,2017-18,296.0,7.21
37,13-19 October,2020-05-10,Abnormalities of breathing,2018-19,342.0,8.11
37,13-19 October,2020-05-10,Abnormalities of breathing,2019-20,354.0,8.33
37,13-19 October,2020-05-10,COPD with acute exacerbation,2017-18,57.0,1.26
37,13-19 October,2020-05-10,COPD with acute exacerbation,2018-19,105.0,2.3
37,13-19 October,2020-05-10,COPD with acute exacerbation,2019-20,71.0,1.51
38,20-26 October,2020-05-17,Diseases of the respiratory system,2017-18,1959.0,49.16
38,20-26 October,2020-05-17,Diseases of the respiratory system,2018-19,1999.0,49.47
38,20-26 October,2020-05-17,Diseases of the respiratory system,2019-20,2106.0,51.37
38,20-26 October,2020-05-17,Asthma,2017-18,293.0,7.72
38,20-26 October,2020-05-17,Asthma,2018-19,219.0,5.68
38,20-26 October,2020-05-17,Asthma,2019-20,201.0,5.16
38,20-26 October,2020-05-17,Cardiovascular diseases,2017-18,778.0,17.96
38,20-26 October,2020-05-17,Cardiovascular diseases,2018-19,763.0,17.63
38,20-26 October,2020-05-17,Cardiovascular diseases,2019-20,756.0,16.91
38,20-26 October,2020-05-17,Acute myocardial infarction,2017-18,111.0,2.54
38,20-26 October,2020-05-17,Acute myocardial infarction,2018-19,149.0,3.48
38,20-26 October,2020-05-17,Acute myocardial infarction,2019-20,168.0,3.69
38,20-26 October,2020-05-17,Cerebrovascular diseases,2017-18(x),71.0,1.63
38,20-26 October,2020-05-17,Cerebrovascular diseases,2018-19,156.0,3.45
38,20-26 October,2020-05-17,Cerebrovascular diseases,2019-20,164.0,3.59
38,20-26 October,2020-05-17,Mental and behavioural disorders,2017-18,967.0,25.4
38,20-26 October,2020-05-17,Mental and behavioural disorders,2018-19,1128.0,29.38
38,20-26 October,2020-05-17,Mental and behavioural disorders,2019-20,1083.0,27.64
38,20-26 October,2020-05-17,Dehydration,2017-18,59.0,1.39
38,20-26 October,2020-05-17,Dehydration,2018-19,50.0,1.2
38,20-26 October,2020-05-17,Dehydration,2019-20,79.0,1.88
38,20-26 October,2020-05-17,Chest pain,2017-18,1044.0,26.03
38,20-26 October,2020-05-17,Chest pain,2018-19,1161.0,28.27
38,20-26 October,2020-05-17,Chest pain,2019-20,1180.0,28.34
38,20-26 October,2020-05-17,Abnormalities of breathing,2017-18,331.0,8.13
38,20-26 October,2020-05-17,Abnormalities of breathing,2018-19,351.0,8.31
38,20-26 October,2020-05-17,Abnormalities of breathing,2019-20,371.0,8.88
38,20-26 October,2020-05-17,COPD with acute exacerbation,2017-18,39.0,0.89
38,20-26 October,2020-05-17,COPD with acute exacerbation,2018-19,95.0,2.05
38,20-26 October,2020-05-17,COPD with acute exacerbation,2019-20,90.0,1.9
39,27 October-2 November,2020-05-24,Diseases of the respiratory system,2017-18,2085.0,52.47
39,27 October-2 November,2020-05-24,Diseases of the respiratory system,2018-19,2046.0,50.78
39,27 October-2 November,2020-05-24,Diseases of the respiratory system,2019-20,2174.0,53.09
39,27 October-2 November,2020-05-24,Asthma,2017-18,316.0,8.35
39,27 October-2 November,2020-05-24,Asthma,2018-19,239.0,6.18
39,27 October-2 November,2020-05-24,Asthma,2019-20,238.0,6.13
39,27 October-2 November,2020-05-24,Cardiovascular diseases,2017-18,788.0,18.32
39,27 October-2 November,2020-05-24,Cardiovascular diseases,2018-19,753.0,17.16
39,27 October-2 November,2020-05-24,Cardiovascular diseases,2019-20,736.0,16.27
39,27 October-2 November,2020-05-24,Acute myocardial infarction,2017-18,114.0,2.63
39,27 October-2 November,2020-05-24,Acute myocardial infarction,2018-19,141.0,3.15
39,27 October-2 November,2020-05-24,Acute myocardial infarction,2019-20,152.0,3.25
39,27 October-2 November,2020-05-24,Cerebrovascular diseases,2017-18(x),74.0,1.71
39,27 October-2 November,2020-05-24,Cerebrovascular diseases,2018-19,136.0,3.11
39,27 October-2 November,2020-05-24,Cerebrovascular diseases,2019-20,183.0,3.98
39,27 October-2 November,2020-05-24,Mental and behavioural disorders,2017-18,1004.0,26.38
39,27 October-2 November,2020-05-24,Mental and behavioural disorders,2018-19,1171.0,30.33
39,27 October-2 November,2020-05-24,Mental and behavioural disorders,2019-20,1101.0,28.02
39,27 October-2 November,2020-05-24,Dehydration,2017-18,63.0,1.5
39,27 October-2 November,2020-05-24,Dehydration,2018-19,58.0,1.37
39,27 October-2 November,2020-05-24,Dehydration,2019-20,42.0,0.98
39,27 October-2 November,2020-05-24,Chest pain,2017-18,1093.0,27.1
39,27 October-2 November,2020-05-24,Chest pain,2018-19,1142.0,27.66
39,27 October-2 November,2020-05-24,Chest pain,2019-20,1230.0,29.44
39,27 October-2 November,2020-05-24,Abnormalities of breathing,2017-18,405.0,9.88
39,27 October-2 November,2020-05-24,Abnormalities of breathing,2018-19,335.0,7.97
39,27 October-2 November,2020-05-24,Abnormalities of breathing,2019-20,403.0,9.65
39,27 October-2 November,2020-05-24,COPD with acute exacerbation,2017-18,50.0,1.14
39,27 October-2 November,2020-05-24,COPD with acute exacerbation,2018-19,82.0,1.8
39,27 October-2 November,2020-05-24,COPD with acute exacerbation,2019-20,92.0,1.98
40,3-9 November,2020-05-31,Diseases of the respiratory system,2017-18,2014.0,50.68
40,3-9 November,2020-05-31,Diseases of the respiratory system,2018-19,2101.0,52.25
40,3-9 November,2020-05-31,Diseases of the respiratory system,2019-20,2078.0,50.85
40,3-9 November,2020-05-31,Asthma,2017-18,315.0,8.36
40,3-9 November,2020-05-31,Asthma,2018-19,255.0,6.72
40,3-9 November,2020-05-31,Asthma,2019-20,248.0,6.45
40,3-9 November,2020-05-31,Cardiovascular diseases,2017-18,792.0,18.21
40,3-9 November,2020-05-31,Cardiovascular diseases,2018-19,698.0,15.78
40,3-9 November,2020-05-31,Cardiovascular diseases,2019-20,719.0,15.87
40,3-9 November,2020-05-31,Acute myocardial infarction,2017-18,113.0,2.62
40,3-9 November,2020-05-31,Acute myocardial infarction,2018-19,145.0,3.22
40,3-9 November,2020-05-31,Acute myocardial infarction,2019-20,140.0,3.02
40,3-9 November,2020-05-31,Cerebrovascular diseases,2017-18(x),76.0,1.73
40,3-9 November,2020-05-31,Cerebrovascular diseases,2018-19,152.0,3.48
40,3-9 November,2020-05-31,Cerebrovascular diseases,2019-20,157.0,3.45
40,3-9 November,2020-05-31,Mental and behavioural disorders,2017-18,945.0,24.81
40,3-9 November,2020-05-31,Mental and behavioural disorders,2018-19,1211.0,31.42
40,3-9 November,2020-05-31,Mental and behavioural disorders,2019-20,1120.0,28.66
40,3-9 November,2020-05-31,Dehydration,2017-18,49.0,1.16
40,3-9 November,2020-05-31,Dehydration,2018-19,75.0,1.76
40,3-9 November,2020-05-31,Dehydration,2019-20,56.0,1.28
40,3-9 November,2020-05-31,Chest pain,2017-18,1088.0,26.73
40,3-9 November,2020-05-31,Chest pain,2018-19,1212.0,29.67
40,3-9 November,2020-05-31,Chest pain,2019-20,1175.0,28.14
40,3-9 November,2020-05-31,Abnormalities of breathing,2017-18,314.0,7.7
40,3-9 November,2020-05-31,Abnormalities of breathing,2018-19,357.0,8.72
40,3-9 November,2020-05-31,Abnormalities of breathing,2019-20,361.0,8.53
40,3-9 November,2020-05-31,COPD with acute exacerbation,2017-18,42.0,0.93
40,3-9 November,2020-05-31,COPD with acute exacerbation,2018-19,82.0,1.76
40,3-9 November,2020-05-31,COPD with acute exacerbation,2019-20,95.0,1.96
41,10-16 November,2020-06-07,Diseases of the respiratory system,2017-18,2007.0,50.53
41,10-16 November,2020-06-07,Diseases of the respiratory system,2018-19,1912.0,47.21
41,10-16 November,2020-06-07,Diseases of the respiratory system,2019-20,2074.0,51.11
41,10-16 November,2020-06-07,Asthma,2017-18,249.0,6.57
41,10-16 November,2020-06-07,Asthma,2018-19,225.0,5.89
41,10-16 November,2020-06-07,Asthma,2019-20,263.0,6.82
41,10-16 November,2020-06-07,Cardiovascular diseases,2017-18,837.0,19.36
41,10-16 November,2020-06-07,Cardiovascular diseases,2018-19,742.0,16.8
41,10-16 November,2020-06-07,Cardiovascular diseases,2019-20,683.0,15.24
41,10-16 November,2020-06-07,Acute myocardial infarction,2017-18,114.0,2.63
41,10-16 November,2020-06-07,Acute myocardial infarction,2018-19,135.0,3.03
41,10-16 November,2020-06-07,Acute myocardial infarction,2019-20,140.0,3.15
41,10-16 November,2020-06-07,Cerebrovascular diseases,2017-18(x),70.0,1.6
41,10-16 November,2020-06-07,Cerebrovascular diseases,2018-19,152.0,3.45
41,10-16 November,2020-06-07,Cerebrovascular diseases,2019-20,165.0,3.56
41,10-16 November,2020-06-07,Mental and behavioural disorders,2017-18,968.0,25.56
41,10-16 November,2020-06-07,Mental and behavioural disorders,2018-19,1120.0,29.19
41,10-16 November,2020-06-07,Mental and behavioural disorders,2019-20,1029.0,26.32
41,10-16 November,2020-06-07,Dehydration,2017-18,71.0,1.69
41,10-16 November,2020-06-07,Dehydration,2018-19,57.0,1.36
41,10-16 November,2020-06-07,Dehydration,2019-20,56.0,1.3
41,10-16 November,2020-06-07,Chest pain,2017-18,1143.0,28.5
41,10-16 November,2020-06-07,Chest pain,2018-19,1215.0,29.74
41,10-16 November,2020-06-07,Chest pain,2019-20,1165.0,27.84
41,10-16 November,2020-06-07,Abnormalities of breathing,2017-18,347.0,8.47
41,10-16 November,2020-06-07,Abnormalities of breathing,2018-19,331.0,7.98
41,10-16 November,2020-06-07,Abnormalities of breathing,2019-20,340.0,8.0
41,10-16 November,2020-06-07,COPD with acute exacerbation,2017-18,56.0,1.25
41,10-16 November,2020-06-07,COPD with acute exacerbation,2018-19,70.0,1.51
41,10-16 November,2020-06-07,COPD with acute exacerbation,2019-20,89.0,1.88
42,17-23 November,2020-06-14,Diseases of the respiratory system,2017-18,1858.0,46.56
42,17-23 November,2020-06-14,Diseases of the respiratory system,2018-19,1909.0,47.32
42,17-23 November,2020-06-14,Diseases of the respiratory system,2019-20,2055.0,50.33
42,17-23 November,2020-06-14,Asthma,2017-18,235.0,6.15
42,17-23 November,2020-06-14,Asthma,2018-19,219.0,5.75
42,17-23 November,2020-06-14,Asthma,2019-20,271.0,6.96
42,17-23 November,2020-06-14,Cardiovascular diseases,2017-18,796.0,18.64
42,17-23 November,2020-06-14,Cardiovascular diseases,2018-19,730.0,16.73
42,17-23 November,2020-06-14,Cardiovascular diseases,2019-20,674.0,15.16
42,17-23 November,2020-06-14,Acute myocardial infarction,2017-18,121.0,2.86
42,17-23 November,2020-06-14,Acute myocardial infarction,2018-19,149.0,3.41
42,17-23 November,2020-06-14,Acute myocardial infarction,2019-20,136.0,3.06
42,17-23 November,2020-06-14,Cerebrovascular diseases,2017-18(x),63.0,1.48
42,17-23 November,2020-06-14,Cerebrovascular diseases,2018-19,158.0,3.54
42,17-23 November,2020-06-14,Cerebrovascular diseases,2019-20,148.0,3.25
42,17-23 November,2020-06-14,Mental and behavioural disorders,2017-18,1023.0,27.06
42,17-23 November,2020-06-14,Mental and behavioural disorders,2018-19,1066.0,27.71
42,17-23 November,2020-06-14,Mental and behavioural disorders,2019-20,1032.0,26.41
42,17-23 November,2020-06-14,Dehydration,2017-18,40.0,0.92
42,17-23 November,2020-06-14,Dehydration,2018-19,65.0,1.54
42,17-23 November,2020-06-14,Dehydration,2019-20,85.0,1.99
42,17-23 November,2020-06-14,Chest pain,2017-18,1175.0,29.13
42,17-23 November,2020-06-14,Chest pain,2018-19,1217.0,29.57
42,17-23 November,2020-06-14,Chest pain,2019-20,1226.0,29.52
42,17-23 November,2020-06-14,Abnormalities of breathing,2017-18,294.0,7.11
42,17-23 November,2020-06-14,Abnormalities of breathing,2018-19,370.0,8.83
42,17-23 November,2020-06-14,Abnormalities of breathing,2019-20,394.0,9.45
42,17-23 November,2020-06-14,COPD with acute exacerbation,2017-18,38.0,0.86
42,17-23 November,2020-06-14,COPD with acute exacerbation,2018-19,73.0,1.6
42,17-23 November,2020-06-14,COPD with acute exacerbation,2019-20,108.0,2.27
43,24-30 November,2020-06-21,Diseases of the respiratory system,2017-18,1815.0,45.48
43,24-30 November,2020-06-21,Diseases of the respiratory system,2018-19,1869.0,46.28
43,24-30 November,2020-06-21,Diseases of the respiratory system,2019-20,1984.0,48.62
43,24-30 November,2020-06-21,Asthma,2017-18,217.0,5.7
43,24-30 November,2020-06-21,Asthma,2018-19,206.0,5.31
43,24-30 November,2020-06-21,Asthma,2019-20,233.0,6.08
43,24-30 November,2020-06-21,Cardiovascular diseases,2017-18,845.0,19.65
43,24-30 November,2020-06-21,Cardiovascular diseases,2018-19,748.0,17.14
43,24-30 November,2020-06-21,Cardiovascular diseases,2019-20,682.0,15.26
43,24-30 November,2020-06-21,Acute myocardial infarction,2017-18,139.0,3.29
43,24-30 November,2020-06-21,Acute myocardial infarction,2018-19,150.0,3.36
43,24-30 November,2020-06-21,Acute myocardial infarction,2019-20,142.0,3.15
43,24-30 November,2020-06-21,Cerebrovascular diseases,2017-18(x),63.0,1.47
43,24-30 November,2020-06-21,Cerebrovascular diseases,2018-19,140.0,3.17
43,24-30 November,2020-06-21,Cerebrovascular diseases,2019-20,151.0,3.32
43,24-30 November,2020-06-21,Mental and behavioural disorders,2017-18,1070.0,28.15
43,24-30 November,2020-06-21,Mental and behavioural disorders,2018-19,1085.0,28.23
43,24-30 November,2020-06-21,Mental and behavioural disorders,2019-20,1128.0,28.91
43,24-30 November,2020-06-21,Dehydration,2017-18,83.0,2.0
43,24-30 November,2020-06-21,Dehydration,2018-19,35.0,0.86
43,24-30 November,2020-06-21,Dehydration,2019-20,59.0,1.38
43,24-30 November,2020-06-21,Chest pain,2017-18,1025.0,25.38
43,24-30 November,2020-06-21,Chest pain,2018-19,1172.0,28.74
43,24-30 November,2020-06-21,Chest pain,2019-20,1226.0,29.15
43,24-30 November,2020-06-21,Abnormalities of breathing,2017-18,311.0,7.53
43,24-30 November,2020-06-21,Abnormalities of breathing,2018-19,343.0,8.28
43,24-30 November,2020-06-21,Abnormalities of breathing,2019-20,376.0,8.86
43,24-30 November,2020-06-21,COPD with acute exacerbation,2017-18,45.0,1.0
43,24-30 November,2020-06-21,COPD with acute exacerbation,2018-19,78.0,1.68
43,24-30 November,2020-06-21,COPD with acute exacerbation,2019-20,94.0,1.97
44,1-7 December,2020-06-28,Diseases of the respiratory system,2017-18,1714.0,42.8
44,1-7 December,2020-06-28,Diseases of the respiratory system,2018-19,1902.0,47.04
44,1-7 December,2020-06-28,Diseases of the respiratory system,2019-20,2113.0,51.95
44,1-7 December,2020-06-28,Asthma,2017-18,216.0,5.64
44,1-7 December,2020-06-28,Asthma,2018-19,216.0,5.66
44,1-7 December,2020-06-28,Asthma,2019-20,265.0,6.85
44,1-7 December,2020-06-28,Cardiovascular diseases,2017-18,800.0,18.43
44,1-7 December,2020-06-28,Cardiovascular diseases,2018-19,779.0,17.81
44,1-7 December,2020-06-28,Cardiovascular diseases,2019-20,699.0,15.48
44,1-7 December,2020-06-28,Acute myocardial infarction,2017-18,109.0,2.5
44,1-7 December,2020-06-28,Acute myocardial infarction,2018-19,171.0,3.87
44,1-7 December,2020-06-28,Acute myocardial infarction,2019-20,146.0,3.22
44,1-7 December,2020-06-28,Cerebrovascular diseases,2017-18(x),84.0,1.98
44,1-7 December,2020-06-28,Cerebrovascular diseases,2018-19,186.0,4.17
44,1-7 December,2020-06-28,Cerebrovascular diseases,2019-20,163.0,3.56
44,1-7 December,2020-06-28,Mental and behavioural disorders,2017-18,1008.0,26.6
44,1-7 December,2020-06-28,Mental and behavioural disorders,2018-19,1160.0,30.22
44,1-7 December,2020-06-28,Mental and behavioural disorders,2019-20,1076.0,27.41
44,1-7 December,2020-06-28,Dehydration,2017-18,57.0,1.38
44,1-7 December,2020-06-28,Dehydration,2018-19,74.0,1.8
44,1-7 December,2020-06-28,Dehydration,2019-20,71.0,1.69
44,1-7 December,2020-06-28,Chest pain,2017-18,1036.0,25.65
44,1-7 December,2020-06-28,Chest pain,2018-19,1278.0,31.1
44,1-7 December,2020-06-28,Chest pain,2019-20,1234.0,29.59
44,1-7 December,2020-06-28,Abnormalities of breathing,2017-18,283.0,6.86
44,1-7 December,2020-06-28,Abnormalities of breathing,2018-19,343.0,8.22
44,1-7 December,2020-06-28,Abnormalities of breathing,2019-20,354.0,8.49
44,1-7 December,2020-06-28,COPD with acute exacerbation,2017-18,33.0,0.73
44,1-7 December,2020-06-28,COPD with acute exacerbation,2018-19,88.0,1.94
44,1-7 December,2020-06-28,COPD with acute exacerbation,2019-20,119.0,2.51
45,8-14 December,2020-07-05,Diseases of the respiratory system,2017-18,1750.0,43.76
45,8-14 December,2020-07-05,Diseases of the respiratory system,2018-19,1850.0,45.71
45,8-14 December,2020-07-05,Diseases of the respiratory system,2019-20,2072.0,50.99
45,8-14 December,2020-07-05,Asthma,2017-18,193.0,5.09
45,8-14 December,2020-07-05,Asthma,2018-19,225.0,5.86
45,8-14 December,2020-07-05,Asthma,2019-20,267.0,6.86
45,8-14 December,2020-07-05,Cardiovascular diseases,2017-18,783.0,18.28
45,8-14 December,2020-07-05,Cardiovascular diseases,2018-19,732.0,16.61
45,8-14 December,2020-07-05,Cardiovascular diseases,2019-20,706.0,15.78
45,8-14 December,2020-07-05,Acute myocardial infarction,2017-18,129.0,3.06
45,8-14 December,2020-07-05,Acute myocardial infarction,2018-19,164.0,3.69
45,8-14 December,2020-07-05,Acute myocardial infarction,2019-20,164.0,3.64
45,8-14 December,2020-07-05,Cerebrovascular diseases,2017-18(x),91.0,2.07
45,8-14 December,2020-07-05,Cerebrovascular diseases,2018-19,144.0,3.17
45,8-14 December,2020-07-05,Cerebrovascular diseases,2019-20,161.0,3.55
45,8-14 December,2020-07-05,Mental and behavioural disorders,2017-18,1090.0,28.52
45,8-14 December,2020-07-05,Mental and behavioural disorders,2018-19,1106.0,28.59
45,8-14 December,2020-07-05,Mental and behavioural disorders,2019-20,1070.0,27.39
45,8-14 December,2020-07-05,Dehydration,2017-18,84.0,2.03
45,8-14 December,2020-07-05,Dehydration,2018-19,52.0,1.23
45,8-14 December,2020-07-05,Dehydration,2019-20,95.0,2.22
45,8-14 December,2020-07-05,Chest pain,2017-18,1007.0,24.87
45,8-14 December,2020-07-05,Chest pain,2018-19,1241.0,30.12
45,8-14 December,2020-07-05,Chest pain,2019-20,1316.0,31.56
45,8-14 December,2020-07-05,Abnormalities of breathing,2017-18,375.0,9.18
45,8-14 December,2020-07-05,Abnormalities of breathing,2018-19,323.0,7.73
45,8-14 December,2020-07-05,Abnormalities of breathing,2019-20,410.0,9.78
45,8-14 December,2020-07-05,COPD with acute exacerbation,2017-18,38.0,0.86
45,8-14 December,2020-07-05,COPD with acute exacerbation,2018-19,81.0,1.74
45,8-14 December,2020-07-05,COPD with acute exacerbation,2019-20,87.0,1.84
46,15-21 December,2020-07-12,Diseases of the respiratory system,2017-18,1789.0,44.96
46,15-21 December,2020-07-12,Diseases of the respiratory system,2018-19,1741.0,42.96
46,15-21 December,2020-07-12,Diseases of the respiratory system,2019-20,2106.0,51.92
46,15-21 December,2020-07-12,Asthma,2017-18,218.0,5.7
46,15-21 December,2020-07-12,Asthma,2018-19,174.0,4.49
46,15-21 December,2020-07-12,Asthma,2019-20,262.0,6.77
46,15-21 December,2020-07-12,Cardiovascular diseases,2017-18,768.0,17.78
46,15-21 December,2020-07-12,Cardiovascular diseases,2018-19,718.0,16.15
46,15-21 December,2020-07-12,Cardiovascular diseases,2019-20,705.0,15.66
46,15-21 December,2020-07-12,Acute myocardial infarction,2017-18,119.0,2.8
46,15-21 December,2020-07-12,Acute myocardial infarction,2018-19,144.0,3.19
46,15-21 December,2020-07-12,Acute myocardial infarction,2019-20,133.0,2.92
46,15-21 December,2020-07-12,Cerebrovascular diseases,2017-18(x),78.0,1.83
46,15-21 December,2020-07-12,Cerebrovascular diseases,2018-19,145.0,3.17
46,15-21 December,2020-07-12,Cerebrovascular diseases,2019-20,149.0,3.24
46,15-21 December,2020-07-12,Mental and behavioural disorders,2017-18,996.0,26.05
46,15-21 December,2020-07-12,Mental and behavioural disorders,2018-19,1203.0,31.22
46,15-21 December,2020-07-12,Mental and behavioural disorders,2019-20,1095.0,27.87
46,15-21 December,2020-07-12,Dehydration,2017-18,114.0,2.77
46,15-21 December,2020-07-12,Dehydration,2018-19,72.0,1.73
46,15-21 December,2020-07-12,Dehydration,2019-20,118.0,2.81
46,15-21 December,2020-07-12,Chest pain,2017-18,1085.0,27.08
46,15-21 December,2020-07-12,Chest pain,2018-19,1248.0,30.25
46,15-21 December,2020-07-12,Chest pain,2019-20,1181.0,28.41
46,15-21 December,2020-07-12,Abnormalities of breathing,2017-18,309.0,7.46
46,15-21 December,2020-07-12,Abnormalities of breathing,2018-19,328.0,7.78
46,15-21 December,2020-07-12,Abnormalities of breathing,2019-20,366.0,8.62
46,15-21 December,2020-07-12,COPD with acute exacerbation,2017-18,48.0,1.05
46,15-21 December,2020-07-12,COPD with acute exacerbation,2018-19,76.0,1.63
46,15-21 December,2020-07-12,COPD with acute exacerbation,2019-20,81.0,1.71
47,22-28 December,2020-07-19,Diseases of the respiratory system,2017-18,2210.0,55.33
47,22-28 December,2020-07-19,Diseases of the respiratory system,2018-19,2316.0,57.34
47,22-28 December,2020-07-19,Diseases of the respiratory system,2019-20,2519.0,61.89
47,22-28 December,2020-07-19,Asthma,2017-18,213.0,5.5
47,22-28 December,2020-07-19,Asthma,2018-19,223.0,5.77
47,22-28 December,2020-07-19,Asthma,2019-20,223.0,5.64
47,22-28 December,2020-07-19,Cardiovascular diseases,2017-18,765.0,17.61
47,22-28 December,2020-07-19,Cardiovascular diseases,2018-19,679.0,15.43
47,22-28 December,2020-07-19,Cardiovascular diseases,2019-20,659.0,14.65
47,22-28 December,2020-07-19,Acute myocardial infarction,2017-18,112.0,2.56
47,22-28 December,2020-07-19,Acute myocardial infarction,2018-19,147.0,3.21
47,22-28 December,2020-07-19,Acute myocardial infarction,2019-20,142.0,3.13
47,22-28 December,2020-07-19,Cerebrovascular diseases,2017-18(x),68.0,1.57
47,22-28 December,2020-07-19,Cerebrovascular diseases,2018-19,150.0,3.3
47,22-28 December,2020-07-19,Cerebrovascular diseases,2019-20,161.0,3.46
47,22-28 December,2020-07-19,Mental and behavioural disorders,2017-18,1043.0,27.42
47,22-28 December,2020-07-19,Mental and behavioural disorders,2018-19,1075.0,27.77
47,22-28 December,2020-07-19,Mental and behavioural disorders,2019-20,1128.0,28.71
47,22-28 December,2020-07-19,Dehydration,2017-18,80.0,1.93
47,22-28 December,2020-07-19,Dehydration,2018-19,84.0,1.99
47,22-28 December,2020-07-19,Dehydration,2019-20,85.0,1.96
47,22-28 December,2020-07-19,Chest pain,2017-18,1034.0,25.45
47,22-28 December,2020-07-19,Chest pain,2018-19,1092.0,26.14
47,22-28 December,2020-07-19,Chest pain,2019-20,1128.0,26.98
47,22-28 December,2020-07-19,Abnormalities of breathing,2017-18,356.0,8.64
47,22-28 December,2020-07-19,Abnormalities of breathing,2018-19,394.0,9.43
47,22-28 December,2020-07-19,Abnormalities of breathing,2019-20,370.0,8.64
47,22-28 December,2020-07-19,COPD with acute exacerbation,2017-18,48.0,1.09
47,22-28 December,2020-07-19,COPD with acute exacerbation,2018-19,83.0,1.8
47,22-28 December,2020-07-19,COPD with acute exacerbation,2019-20,107.0,2.27
48,29 December-4 January,2020-07-26,Diseases of the respiratory system,2017-18,1954.0,48.65
48,29 December-4 January,2020-07-26,Diseases of the respiratory system,2018-19,2104.0,51.7
48,29 December-4 January,2020-07-26,Diseases of the respiratory system,2019-20,2300.0,55.85
48,29 December-4 January,2020-07-26,Asthma,2017-18,177.0,4.69
48,29 December-4 January,2020-07-26,Asthma,2018-19,136.0,3.52
48,29 December-4 January,2020-07-26,Asthma,2019-20,214.0,5.44
48,29 December-4 January,2020-07-26,Cardiovascular diseases,2017-18,841.0,19.42
48,29 December-4 January,2020-07-26,Cardiovascular diseases,2018-19,749.0,16.98
48,29 December-4 January,2020-07-26,Cardiovascular diseases,2019-20,743.0,16.71
48,29 December-4 January,2020-07-26,Acute myocardial infarction,2017-18,139.0,3.19
48,29 December-4 January,2020-07-26,Acute myocardial infarction,2018-19,153.0,3.48
48,29 December-4 January,2020-07-26,Acute myocardial infarction,2019-20,171.0,3.83
48,29 December-4 January,2020-07-26,Cerebrovascular diseases,2017-18(x),77.0,1.75
48,29 December-4 January,2020-07-26,Cerebrovascular diseases,2018-19,140.0,3.2
48,29 December-4 January,2020-07-26,Cerebrovascular diseases,2019-20,160.0,3.38
48,29 December-4 January,2020-07-26,Mental and behavioural disorders,2017-18,1146.0,30.07
48,29 December-4 January,2020-07-26,Mental and behavioural disorders,2018-19,1280.0,33.06
48,29 December-4 January,2020-07-26,Mental and behavioural disorders,2019-20,1209.0,30.77
48,29 December-4 January,2020-07-26,Dehydration,2017-18,79.0,1.87
48,29 December-4 January,2020-07-26,Dehydration,2018-19,132.0,3.09
48,29 December-4 January,2020-07-26,Dehydration,2019-20,109.0,2.62
48,29 December-4 January,2020-07-26,Chest pain,2017-18,1151.0,28.46
48,29 December-4 January,2020-07-26,Chest pain,2018-19,1265.0,30.71
48,29 December-4 January,2020-07-26,Chest pain,2019-20,1214.0,28.97
48,29 December-4 January,2020-07-26,Abnormalities of breathing,2017-18,320.0,7.68
48,29 December-4 January,2020-07-26,Abnormalities of breathing,2018-19,348.0,8.14
48,29 December-4 January,2020-07-26,Abnormalities of breathing,2019-20,354.0,8.19
48,29 December-4 January,2020-07-26,COPD with acute exacerbation,2017-18,44.0,0.96
48,29 December-4 January,2020-07-26,COPD with acute exacerbation,2018-19,86.0,1.86
48,29 December-4 January,2020-07-26,COPD with acute exacerbation,2019-20,118.0,2.48
49,5-11 January,2020-08-02,Diseases of the respiratory system,2017-18,1632.0,40.67
49,5-11 January,2020-08-02,Diseases of the respiratory system,2018-19,1680.0,41.42
49,5-11 January,2020-08-02,Diseases of the respiratory system,2019-20,1781.0,42.92
49,5-11 January,2020-08-02,Asthma,2017-18,155.0,4.03
49,5-11 January,2020-08-02,Asthma,2018-19,154.0,3.96
49,5-11 January,2020-08-02,Asthma,2019-20,171.0,4.35
49,5-11 January,2020-08-02,Cardiovascular diseases,2017-18,818.0,18.97
49,5-11 January,2020-08-02,Cardiovascular diseases,2018-19,721.0,16.38
49,5-11 January,2020-08-02,Cardiovascular diseases,2019-20,712.0,15.8
49,5-11 January,2020-08-02,Acute myocardial infarction,2017-18,124.0,2.83
49,5-11 January,2020-08-02,Acute myocardial infarction,2018-19,128.0,2.94
49,5-11 January,2020-08-02,Acute myocardial infarction,2019-20,140.0,3.1
49,5-11 January,2020-08-02,Cerebrovascular diseases,2017-18(x),74.0,1.7
49,5-11 January,2020-08-02,Cerebrovascular diseases,2018-19,178.0,4.04
49,5-11 January,2020-08-02,Cerebrovascular diseases,2019-20,176.0,3.87
49,5-11 January,2020-08-02,Mental and behavioural disorders,2017-18,1049.0,27.5
49,5-11 January,2020-08-02,Mental and behavioural disorders,2018-19,1087.0,28.15
49,5-11 January,2020-08-02,Mental and behavioural disorders,2019-20,1076.0,27.36
49,5-11 January,2020-08-02,Dehydration,2017-18,110.0,2.62
49,5-11 January,2020-08-02,Dehydration,2018-19,63.0,1.46
49,5-11 January,2020-08-02,Dehydration,2019-20,79.0,1.85
49,5-11 January,2020-08-02,Chest pain,2017-18,1089.0,26.97
49,5-11 January,2020-08-02,Chest pain,2018-19,1218.0,29.47
49,5-11 January,2020-08-02,Chest pain,2019-20,1272.0,30.6
49,5-11 January,2020-08-02,Abnormalities of breathing,2017-18,273.0,6.59
49,5-11 January,2020-08-02,Abnormalities of breathing,2018-19,315.0,7.37
49,5-11 January,2020-08-02,Abnormalities of breathing,2019-20,369.0,8.7
49,5-11 January,2020-08-02,COPD with acute exacerbation,2017-18,36.0,0.83
49,5-11 January,2020-08-02,COPD with acute exacerbation,2018-19,69.0,1.49
49,5-11 January,2020-08-02,COPD with acute exacerbation,2019-20,103.0,2.17
50,12-18 January,2020-08-09,Diseases of the respiratory system,2017-18,1481.0,36.71
50,12-18 January,2020-08-09,Diseases of the respiratory system,2018-19,1552.0,38.22
50,12-18 January,2020-08-09,Diseases of the respiratory system,2019-20,1542.0,37.43
50,12-18 January,2020-08-09,Asthma,2017-18,124.0,3.18
50,12-18 January,2020-08-09,Asthma,2018-19,165.0,4.28
50,12-18 January,2020-08-09,Asthma,2019-20,161.0,4.12
50,12-18 January,2020-08-09,Cardiovascular diseases,2017-18,815.0,18.94
50,12-18 January,2020-08-09,Cardiovascular diseases,2018-19,696.0,15.88
50,12-18 January,2020-08-09,Cardiovascular diseases,2019-20,773.0,17.36
50,12-18 January,2020-08-09,Acute myocardial infarction,2017-18,133.0,3.08
50,12-18 January,2020-08-09,Acute myocardial infarction,2018-19,124.0,2.73
50,12-18 January,2020-08-09,Acute myocardial infarction,2019-20,121.0,2.65
50,12-18 January,2020-08-09,Cerebrovascular diseases,2017-18(x),81.0,1.92
50,12-18 January,2020-08-09,Cerebrovascular diseases,2018-19,152.0,3.34
50,12-18 January,2020-08-09,Cerebrovascular diseases,2019-20,143.0,3.14
50,12-18 January,2020-08-09,Mental and behavioural disorders,2017-18,993.0,26.06
50,12-18 January,2020-08-09,Mental and behavioural disorders,2018-19,1127.0,29.15
50,12-18 January,2020-08-09,Mental and behavioural disorders,2019-20,1005.0,25.64
50,12-18 January,2020-08-09,Dehydration,2017-18,69.0,1.67
50,12-18 January,2020-08-09,Dehydration,2018-19,142.0,3.38
50,12-18 January,2020-08-09,Dehydration,2019-20,67.0,1.62
50,12-18 January,2020-08-09,Chest pain,2017-18,1142.0,28.09
50,12-18 January,2020-08-09,Chest pain,2018-19,1220.0,29.76
50,12-18 January,2020-08-09,Chest pain,2019-20,1207.0,28.83
50,12-18 January,2020-08-09,Abnormalities of breathing,2017-18,252.0,6.14
50,12-18 January,2020-08-09,Abnormalities of breathing,2018-19,343.0,8.1
50,12-18 January,2020-08-09,Abnormalities of breathing,2019-20,343.0,8.04
50,12-18 January,2020-08-09,COPD with acute exacerbation,2017-18,47.0,1.08
50,12-18 January,2020-08-09,COPD with acute exacerbation,2018-19,54.0,1.13
50,12-18 January,2020-08-09,COPD with acute exacerbation,2019-20,95.0,2.04
51,19-25 January,2020-08-16,Diseases of the respiratory system,2017-18,1551.0,38.57
51,19-25 January,2020-08-16,Diseases of the respiratory system,2018-19,1650.0,40.74
51,19-25 January,2020-08-16,Diseases of the respiratory system,2019-20,1701.0,41.36
51,19-25 January,2020-08-16,Asthma,2017-18,147.0,3.81
51,19-25 January,2020-08-16,Asthma,2018-19,167.0,4.28
51,19-25 January,2020-08-16,Asthma,2019-20,155.0,4.0
51,19-25 January,2020-08-16,Cardiovascular diseases,2017-18,759.0,17.61
51,19-25 January,2020-08-16,Cardiovascular diseases,2018-19,679.0,15.39
51,19-25 January,2020-08-16,Cardiovascular diseases,2019-20,768.0,17.02
51,19-25 January,2020-08-16,Acute myocardial infarction,2017-18,122.0,2.8
51,19-25 January,2020-08-16,Acute myocardial infarction,2018-19,145.0,3.22
51,19-25 January,2020-08-16,Acute myocardial infarction,2019-20,184.0,4.09
51,19-25 January,2020-08-16,Cerebrovascular diseases,2017-18(x),74.0,1.75
51,19-25 January,2020-08-16,Cerebrovascular diseases,2018-19,153.0,3.41
51,19-25 January,2020-08-16,Cerebrovascular diseases,2019-20,167.0,3.66
51,19-25 January,2020-08-16,Mental and behavioural disorders,2017-18,1050.0,27.54
51,19-25 January,2020-08-16,Mental and behavioural disorders,2018-19,1092.0,28.27
51,19-25 January,2020-08-16,Mental and behavioural disorders,2019-20,1076.0,27.57
51,19-25 January,2020-08-16,Dehydration,2017-18,111.0,2.64
51,19-25 January,2020-08-16,Dehydration,2018-19,116.0,2.77
51,19-25 January,2020-08-16,Dehydration,2019-20,85.0,1.96
51,19-25 January,2020-08-16,Chest pain,2017-18,1056.0,26.16
51,19-25 January,2020-08-16,Chest pain,2018-19,1195.0,29.28
51,19-25 January,2020-08-16,Chest pain,2019-20,1353.0,32.16
51,19-25 January,2020-08-16,Abnormalities of breathing,2017-18,295.0,7.16
51,19-25 January,2020-08-16,Abnormalities of breathing,2018-19,316.0,7.68
51,19-25 January,2020-08-16,Abnormalities of breathing,2019-20,360.0,8.47
51,19-25 January,2020-08-16,COPD with acute exacerbation,2017-18,41.0,0.92
51,19-25 January,2020-08-16,COPD with acute exacerbation,2018-19,75.0,1.63
51,19-25 January,2020-08-16,COPD with acute exacerbation,2019-20,104.0,2.26
52,26 January-1 February,2020-08-23,Diseases of the respiratory system,2017-18,1612.0,40.34
52,26 January-1 February,2020-08-23,Diseases of the respiratory system,2018-19,1802.0,44.92
52,26 January-1 February,2020-08-23,Diseases of the respiratory system,2019-20,2188.0,54.04
52,26 January-1 February,2020-08-23,Asthma,2017-18,155.0,4.09
52,26 January-1 February,2020-08-23,Asthma,2018-19,195.0,5.14
52,26 January-1 February,2020-08-23,Asthma,2019-20,172.0,4.43
52,26 January-1 February,2020-08-23,Cardiovascular diseases,2017-18,742.0,17.38
52,26 January-1 February,2020-08-23,Cardiovascular diseases,2018-19,668.0,15.03
52,26 January-1 February,2020-08-23,Cardiovascular diseases,2019-20,691.0,15.43
52,26 January-1 February,2020-08-23,Acute myocardial infarction,2017-18,124.0,2.9
52,26 January-1 February,2020-08-23,Acute myocardial infarction,2018-19,142.0,3.21
52,26 January-1 February,2020-08-23,Acute myocardial infarction,2019-20,139.0,3.21
52,26 January-1 February,2020-08-23,Cerebrovascular diseases,2017-18(x),73.0,1.68
52,26 January-1 February,2020-08-23,Cerebrovascular diseases,2018-19,122.0,2.74
52,26 January-1 February,2020-08-23,Cerebrovascular diseases,2019-20,156.0,3.4
52,26 January-1 February,2020-08-23,Mental and behavioural disorders,2017-18,1104.0,28.88
52,26 January-1 February,2020-08-23,Mental and behavioural disorders,2018-19,1205.0,31.03
52,26 January-1 February,2020-08-23,Mental and behavioural disorders,2019-20,1097.0,27.99
52,26 January-1 February,2020-08-23,Dehydration,2017-18,89.0,2.15
52,26 January-1 February,2020-08-23,Dehydration,2018-19,126.0,3.04
52,26 January-1 February,2020-08-23,Dehydration,2019-20,107.0,2.47
52,26 January-1 February,2020-08-23,Chest pain,2017-18,1157.0,28.75
52,26 January-1 February,2020-08-23,Chest pain,2018-19,1140.0,27.91
52,26 January-1 February,2020-08-23,Chest pain,2019-20,1288.0,30.87
52,26 January-1 February,2020-08-23,Abnormalities of breathing,2017-18,341.0,8.33
52,26 January-1 February,2020-08-23,Abnormalities of breathing,2018-19,372.0,8.96
52,26 January-1 February,2020-08-23,Abnormalities of breathing,2019-20,405.0,9.65
52,26 January-1 February,2020-08-23,COPD with acute exacerbation,2017-18,37.0,0.8
52,26 January-1 February,2020-08-23,COPD with acute exacerbation,2018-19,57.0,1.24
52,26 January-1 February,2020-08-23,COPD with acute exacerbation,2019-20,81.0,1.68
53,2-8 February,2020-08-30,Diseases of the respiratory system,2017-18,1638.0,41.33
53,2-8 February,2020-08-30,Diseases of the respiratory system,2018-19,1844.0,46.14
53,2-8 February,2020-08-30,Diseases of the respiratory system,2019-20,2014.0,50.03
53,2-8 February,2020-08-30,Asthma,2017-18,245.0,6.44
53,2-8 February,2020-08-30,Asthma,2018-19,222.0,5.8
53,2-8 February,2020-08-30,Asthma,2019-20,211.0,5.45
53,2-8 February,2020-08-30,Cardiovascular diseases,2017-18,747.0,17.36
53,2-8 February,2020-08-30,Cardiovascular diseases,2018-19,658.0,14.92
53,2-8 February,2020-08-30,Cardiovascular diseases,2019-20,714.0,15.86
53,2-8 February,2020-08-30,Acute myocardial infarction,2017-18,116.0,2.66
53,2-8 February,2020-08-30,Acute myocardial infarction,2018-19,111.0,2.47
53,2-8 February,2020-08-30,Acute myocardial infarction,2019-20,144.0,3.18
53,2-8 February,2020-08-30,Cerebrovascular diseases,2017-18(x),50.0,1.16
53,2-8 February,2020-08-30,Cerebrovascular diseases,2018-19,170.0,3.87
53,2-8 February,2020-08-30,Cerebrovascular diseases,2019-20,153.0,3.33
53,2-8 February,2020-08-30,Mental and behavioural disorders,2017-18,988.0,25.76
53,2-8 February,2020-08-30,Mental and behavioural disorders,2018-19,1075.0,27.81
53,2-8 February,2020-08-30,Mental and behavioural disorders,2019-20,937.0,23.95
53,2-8 February,2020-08-30,Dehydration,2017-18,57.0,1.37
53,2-8 February,2020-08-30,Dehydration,2018-19,84.0,2.02
53,2-8 February,2020-08-30,Dehydration,2019-20,71.0,1.68
53,2-8 February,2020-08-30,Chest pain,2017-18,1075.0,26.67
53,2-8 February,2020-08-30,Chest pain,2018-19,1248.0,30.43
53,2-8 February,2020-08-30,Chest pain,2019-20,1214.0,28.86
53,2-8 February,2020-08-30,Abnormalities of breathing,2017-18,366.0,9.04
53,2-8 February,2020-08-30,Abnormalities of breathing,2018-19,444.0,10.75
53,2-8 February,2020-08-30,Abnormalities of breathing,2019-20,324.0,7.69
53,2-8 February,2020-08-30,COPD with acute exacerbation,2017-18,33.0,0.76
53,2-8 February,2020-08-30,COPD with acute exacerbation,2018-19,63.0,1.36
53,2-8 February,2020-08-30,COPD with acute exacerbation,2019-20,91.0,1.93
54,9-15 February,2020-09-06,Diseases of the respiratory system,2017-18,2012.0,50.74
54,9-15 February,2020-09-06,Diseases of the respiratory system,2018-19,2111.0,53.03
54,9-15 February,2020-09-06,Diseases of the respiratory system,2019-20,2027.0,49.84
54,9-15 February,2020-09-06,Asthma,2017-18,370.0,9.69
54,9-15 February,2020-09-06,Asthma,2018-19,338.0,8.85
54,9-15 February,2020-09-06,Asthma,2019-20,210.0,5.4
54,9-15 February,2020-09-06,Cardiovascular diseases,2017-18,762.0,17.85
54,9-15 February,2020-09-06,Cardiovascular diseases,2018-19,706.0,15.95
54,9-15 February,2020-09-06,Cardiovascular diseases,2019-20,731.0,16.35
54,9-15 February,2020-09-06,Acute myocardial infarction,2017-18,117.0,2.67
54,9-15 February,2020-09-06,Acute myocardial infarction,2018-19,118.0,2.67
54,9-15 February,2020-09-06,Acute myocardial infarction,2019-20,145.0,3.28
54,9-15 February,2020-09-06,Cerebrovascular diseases,2017-18(x),82.0,1.86
54,9-15 February,2020-09-06,Cerebrovascular diseases,2018-19,159.0,3.58
54,9-15 February,2020-09-06,Cerebrovascular diseases,2019-20,140.0,3.11
54,9-15 February,2020-09-06,Mental and behavioural disorders,2017-18,1038.0,27.34
54,9-15 February,2020-09-06,Mental and behavioural disorders,2018-19,1086.0,28.13
54,9-15 February,2020-09-06,Mental and behavioural disorders,2019-20,1055.0,26.91
54,9-15 February,2020-09-06,Dehydration,2017-18,68.0,1.66
54,9-15 February,2020-09-06,Dehydration,2018-19,74.0,1.76
54,9-15 February,2020-09-06,Dehydration,2019-20,52.0,1.25
54,9-15 February,2020-09-06,Chest pain,2017-18,1114.0,27.83
54,9-15 February,2020-09-06,Chest pain,2018-19,1182.0,28.85
54,9-15 February,2020-09-06,Chest pain,2019-20,1306.0,31.24
54,9-15 February,2020-09-06,Abnormalities of breathing,2017-18,408.0,10.1
54,9-15 February,2020-09-06,Abnormalities of breathing,2018-19,468.0,11.57
54,9-15 February,2020-09-06,Abnormalities of breathing,2019-20,472.0,11.4
54,9-15 February,2020-09-06,COPD with acute exacerbation,2017-18,44.0,1.01
54,9-15 February,2020-09-06,COPD with acute exacerbation,2018-19,75.0,1.65
54,9-15 February,2020-09-06,COPD with acute exacerbation,2019-20,92.0,1.92
55,16-22 February,2020-09-13,Diseases of the respiratory system,2017-18,1875.0,47.32
55,16-22 February,2020-09-13,Diseases of the respiratory system,2018-19,2242.0,56.39
55,16-22 February,2020-09-13,Diseases of the respiratory system,2019-20,2374.0,59.04
55,16-22 February,2020-09-13,Asthma,2017-18,319.0,8.36
55,16-22 February,2020-09-13,Asthma,2018-19,370.0,9.74
55,16-22 February,2020-09-13,Asthma,2019-20,314.0,8.11
55,16-22 February,2020-09-13,Cardiovascular diseases,2017-18,730.0,16.72
55,16-22 February,2020-09-13,Cardiovascular diseases,2018-19,699.0,15.98
55,16-22 February,2020-09-13,Cardiovascular diseases,2019-20,712.0,15.74
55,16-22 February,2020-09-13,Acute myocardial infarction,2017-18,113.0,2.57
55,16-22 February,2020-09-13,Acute myocardial infarction,2018-19,152.0,3.46
55,16-22 February,2020-09-13,Acute myocardial infarction,2019-20,146.0,3.27
55,16-22 February,2020-09-13,Cerebrovascular diseases,2017-18(x),67.0,1.52
55,16-22 February,2020-09-13,Cerebrovascular diseases,2018-19,146.0,3.28
55,16-22 February,2020-09-13,Cerebrovascular diseases,2019-20,161.0,3.54
55,16-22 February,2020-09-13,Mental and behavioural disorders,2017-18,1069.0,27.95
55,16-22 February,2020-09-13,Mental and behavioural disorders,2018-19,1143.0,29.71
55,16-22 February,2020-09-13,Mental and behavioural disorders,2019-20,1041.0,26.49
55,16-22 February,2020-09-13,Dehydration,2017-18,42.0,1.03
55,16-22 February,2020-09-13,Dehydration,2018-19,50.0,1.2
55,16-22 February,2020-09-13,Dehydration,2019-20,55.0,1.32
55,16-22 February,2020-09-13,Chest pain,2017-18,1067.0,26.27
55,16-22 February,2020-09-13,Chest pain,2018-19,1283.0,30.85
55,16-22 February,2020-09-13,Chest pain,2019-20,1229.0,29.61
55,16-22 February,2020-09-13,Abnormalities of breathing,2017-18,391.0,9.64
55,16-22 February,2020-09-13,Abnormalities of breathing,2018-19,464.0,11.55
55,16-22 February,2020-09-13,Abnormalities of breathing,2019-20,448.0,10.79
55,16-22 February,2020-09-13,COPD with acute exacerbation,2017-18,36.0,0.83
55,16-22 February,2020-09-13,COPD with acute exacerbation,2018-19,74.0,1.64
55,16-22 February,2020-09-13,COPD with acute exacerbation,2019-20,82.0,1.75
56,23 Feb-1 Mar/29 Feb,2020-09-20,Diseases of the respiratory system,2017-18,1864.0,46.98
56,23 Feb-1 Mar/29 Feb,2020-09-20,Diseases of the respiratory system,2018-19,2249.0,56.35
56,23 Feb-1 Mar/29 Feb,2020-09-20,Diseases of the respiratory system,2019-20,2376.0,59.07
56,23 Feb-1 Mar/29 Feb,2020-09-20,Asthma,2017-18,292.0,7.68
56,23 Feb-1 Mar/29 Feb,2020-09-20,Asthma,2018-19,352.0,9.22
56,23 Feb-1 Mar/29 Feb,2020-09-20,Asthma,2019-20,252.0,6.59
56,23 Feb-1 Mar/29 Feb,2020-09-20,Cardiovascular diseases,2017-18,805.0,18.5
56,23 Feb-1 Mar/29 Feb,2020-09-20,Cardiovascular diseases,2018-19,675.0,15.5
56,23 Feb-1 Mar/29 Feb,2020-09-20,Cardiovascular diseases,2019-20,672.0,14.95
56,23 Feb-1 Mar/29 Feb,2020-09-20,Acute myocardial infarction,2017-18,122.0,2.81
56,23 Feb-1 Mar/29 Feb,2020-09-20,Acute myocardial infarction,2018-19,152.0,3.5
56,23 Feb-1 Mar/29 Feb,2020-09-20,Acute myocardial infarction,2019-20,134.0,2.97
56,23 Feb-1 Mar/29 Feb,2020-09-20,Cerebrovascular diseases,2017-18(x),79.0,1.82
56,23 Feb-1 Mar/29 Feb,2020-09-20,Cerebrovascular diseases,2018-19,161.0,3.61
56,23 Feb-1 Mar/29 Feb,2020-09-20,Cerebrovascular diseases,2019-20,152.0,3.34
56,23 Feb-1 Mar/29 Feb,2020-09-20,Mental and behavioural disorders,2017-18,1029.0,27.08
56,23 Feb-1 Mar/29 Feb,2020-09-20,Mental and behavioural disorders,2018-19,1133.0,29.54
56,23 Feb-1 Mar/29 Feb,2020-09-20,Mental and behavioural disorders,2019-20,1042.0,26.54
56,23 Feb-1 Mar/29 Feb,2020-09-20,Dehydration,2017-18,68.0,1.59
56,23 Feb-1 Mar/29 Feb,2020-09-20,Dehydration,2018-19,59.0,1.42
56,23 Feb-1 Mar/29 Feb,2020-09-20,Dehydration,2019-20,53.0,1.2
56,23 Feb-1 Mar/29 Feb,2020-09-20,Chest pain,2017-18,1118.0,27.71
56,23 Feb-1 Mar/29 Feb,2020-09-20,Chest pain,2018-19,1220.0,29.66
56,23 Feb-1 Mar/29 Feb,2020-09-20,Chest pain,2019-20,1202.0,28.94
56,23 Feb-1 Mar/29 Feb,2020-09-20,Abnormalities of breathing,2017-18,341.0,8.45
56,23 Feb-1 Mar/29 Feb,2020-09-20,Abnormalities of breathing,2018-19,454.0,11.12
56,23 Feb-1 Mar/29 Feb,2020-09-20,Abnormalities of breathing,2019-20,431.0,10.46
56,23 Feb-1 Mar/29 Feb,2020-09-20,COPD with acute exacerbation,2017-18,35.0,0.8
56,23 Feb-1 Mar/29 Feb,2020-09-20,COPD with acute exacerbation,2018-19,52.0,1.12
56,23 Feb-1 Mar/29 Feb,2020-09-20,COPD with acute exacerbation,2019-20,72.0,1.56
59,Week,2020-10-11,Diseases of the respiratory system,2017-18,,
59,Week,2020-10-11,Diseases of the respiratory system,2018-19,,
59,Week,2020-10-11,Diseases of the respiratory system,2019-20,,
59,Week,2020-10-11,Asthma,2017-18,,
59,Week,2020-10-11,Asthma,2018-19,,
59,Week,2020-10-11,Asthma,2019-20,,
59,Week,2020-10-11,Cardiovascular diseases,2017-18,,
59,Week,2020-10-11,Cardiovascular diseases,2018-19,,
59,Week,2020-10-11,Cardiovascular diseases,2019-20,,
59,Week,2020-10-11,Acute myocardial infarction,2017-18,,
59,Week,2020-10-11,Acute myocardial infarction,2018-19,,
59,Week,2020-10-11,Acute myocardial infarction,2019-20,,
59,Week,2020-10-11,Cerebrovascular diseases,2017-18(x),,
59,Week,2020-10-11,Cerebrovascular diseases,2018-19,,
59,Week,2020-10-11,Cerebrovascular diseases,2019-20,,
59,Week,2020-10-11,Mental and behavioural disorders,2017-18,,
59,Week,2020-10-11,Mental and behavioural disorders,2018-19,,
59,Week,2020-10-11,Mental and behavioural disorders,2019-20,,
59,Week,2020-10-11,Dehydration,2017-18,,
59,Week,2020-10-11,Dehydration,2018-19,,
59,Week,2020-10-11,Dehydration,2019-20,,
59,Week,2020-10-11,Chest pain,2017-18,,
59,Week,2020-10-11,Chest pain,2018-19,,
59,Week,2020-10-11,Chest pain,2019-20,,
59,Week,2020-10-11,Abnormalities of breathing,2017-18,,
59,Week,2020-10-11,Abnormalities of breathing,2018-19,,
59,Week,2020-10-11,Abnormalities of breathing,2019-20,,
59,Week,2020-10-11,COPD with acute exacerbation,2017-18,,
59,Week,2020-10-11,COPD with acute exacerbation,2018-19,,
59,Week,2020-10-11,COPD with acute exacerbation,2019-20,,
61,1-7 September,2020-10-25,Diseases of the respiratory system,2017-18,3378.0,81.66
61,1-7 September,2020-10-25,Diseases of the respiratory system,2018-19,2503.0,60.7
61,1-7 September,2020-10-25,Diseases of the respiratory system,2019-20,2813.0,67.74
61,1-7 September,2020-10-25,Asthma,2017-18,274.0,6.9
61,1-7 September,2020-10-25,Asthma,2018-19,289.0,7.33
61,1-7 September,2020-10-25,Asthma,2019-20,304.0,7.59
61,1-7 September,2020-10-25,Cardiovascular diseases,2017-18,810.0,16.02
61,1-7 September,2020-10-25,Cardiovascular diseases,2018-19,660.0,12.99
61,1-7 September,2020-10-25,Cardiovascular diseases,2019-20,665.0,12.81
61,1-7 September,2020-10-25,Acute myocardial infarction,2017-18,77.0,1.47
61,1-7 September,2020-10-25,Acute myocardial infarction,2018-19,80.0,1.5
61,1-7 September,2020-10-25,Acute myocardial infarction,2019-20,96.0,1.78
61,1-7 September,2020-10-25,Cerebrovascular diseases,2017-18(x),67.0,1.32
61,1-7 September,2020-10-25,Cerebrovascular diseases,2018-19,127.0,2.51
61,1-7 September,2020-10-25,Cerebrovascular diseases,2019-20,123.0,2.26
61,1-7 September,2020-10-25,Mental and behavioural disorders,2017-18,804.0,20.62
61,1-7 September,2020-10-25,Mental and behavioural disorders,2018-19,848.0,21.39
61,1-7 September,2020-10-25,Mental and behavioural disorders,2019-20,866.0,21.71
61,1-7 September,2020-10-25,Dehydration,2017-18,80.0,1.81
61,1-7 September,2020-10-25,Dehydration,2018-19,61.0,1.42
61,1-7 September,2020-10-25,Dehydration,2019-20,74.0,1.65
61,1-7 September,2020-10-25,Chest pain,2017-18,1096.0,25.69
61,1-7 September,2020-10-25,Chest pain,2018-19,1167.0,26.67
61,1-7 September,2020-10-25,Chest pain,2019-20,1150.0,26.09
61,1-7 September,2020-10-25,Abnormalities of breathing,2017-18,347.0,7.58
61,1-7 September,2020-10-25,Abnormalities of breathing,2018-19,338.0,7.59
61,1-7 September,2020-10-25,Abnormalities of breathing,2019-20,386.0,8.43
61,1-7 September,2020-10-25,COPD with acute exacerbation,2017-18,86.0,1.7
61,1-7 September,2020-10-25,COPD with acute exacerbation,2018-19,78.0,1.49
61,1-7 September,2020-10-25,COPD with acute exacerbation,2019-20,105.0,2.04
62,8-14 September,2020-11-01,Diseases of the respiratory system,2017-18,3292.0,79.58
62,8-14 September,2020-11-01,Diseases of the respiratory system,2018-19,2501.0,60.76
62,8-14 September,2020-11-01,Diseases of the respiratory system,2019-20,2613.0,62.93
62,8-14 September,2020-11-01,Asthma,2017-18,330.0,8.38
62,8-14 September,2020-11-01,Asthma,2018-19,273.0,6.94
62,8-14 September,2020-11-01,Asthma,2019-20,268.0,6.86
62,8-14 September,2020-11-01,Cardiovascular diseases,2017-18,828.0,16.38
62,8-14 September,2020-11-01,Cardiovascular diseases,2018-19,670.0,13.2
62,8-14 September,2020-11-01,Cardiovascular diseases,2019-20,708.0,13.48
62,8-14 September,2020-11-01,Acute myocardial infarction,2017-18,78.0,1.5
62,8-14 September,2020-11-01,Acute myocardial infarction,2018-19,88.0,1.69
62,8-14 September,2020-11-01,Acute myocardial infarction,2019-20,80.0,1.43
62,8-14 September,2020-11-01,Cerebrovascular diseases,2017-18(x),51.0,0.97
62,8-14 September,2020-11-01,Cerebrovascular diseases,2018-19,129.0,2.41
62,8-14 September,2020-11-01,Cerebrovascular diseases,2019-20,125.0,2.28
62,8-14 September,2020-11-01,Mental and behavioural disorders,2017-18,731.0,18.72
62,8-14 September,2020-11-01,Mental and behavioural disorders,2018-19,920.0,23.39
62,8-14 September,2020-11-01,Mental and behavioural disorders,2019-20,843.0,21.16
62,8-14 September,2020-11-01,Dehydration,2017-18,95.0,2.19
62,8-14 September,2020-11-01,Dehydration,2018-19,56.0,1.2
62,8-14 September,2020-11-01,Dehydration,2019-20,67.0,1.47
62,8-14 September,2020-11-01,Chest pain,2017-18,1076.0,24.92
62,8-14 September,2020-11-01,Chest pain,2018-19,1192.0,27.41
62,8-14 September,2020-11-01,Chest pain,2019-20,1160.0,26.13
62,8-14 September,2020-11-01,Abnormalities of breathing,2017-18,339.0,7.45
62,8-14 September,2020-11-01,Abnormalities of breathing,2018-19,351.0,7.82
62,8-14 September,2020-11-01,Abnormalities of breathing,2019-20,373.0,8.1
62,8-14 September,2020-11-01,COPD with acute exacerbation,2017-18,77.0,1.6
62,8-14 September,2020-11-01,COPD with acute exacerbation,2018-19,90.0,1.73
62,8-14 September,2020-11-01,COPD with acute exacerbation,2019-20,101.0,1.93
63,15-21 September,2020-11-08,Diseases of the respiratory system,2017-18,3089.0,74.94
63,15-21 September,2020-11-08,Diseases of the respiratory system,2018-19,2315.0,56.41
63,15-21 September,2020-11-08,Diseases of the respiratory system,2019-20,2532.0,61.11
63,15-21 September,2020-11-08,Asthma,2017-18,275.0,6.86
63,15-21 September,2020-11-08,Asthma,2018-19,231.0,5.79
63,15-21 September,2020-11-08,Asthma,2019-20,273.0,6.85
63,15-21 September,2020-11-08,Cardiovascular diseases,2017-18,794.0,15.63
63,15-21 September,2020-11-08,Cardiovascular diseases,2018-19,685.0,13.42
63,15-21 September,2020-11-08,Cardiovascular diseases,2019-20,690.0,13.18
63,15-21 September,2020-11-08,Acute myocardial infarction,2017-18,75.0,1.46
63,15-21 September,2020-11-08,Acute myocardial infarction,2018-19,82.0,1.53
63,15-21 September,2020-11-08,Acute myocardial infarction,2019-20,98.0,1.86
63,15-21 September,2020-11-08,Cerebrovascular diseases,2017-18(x),65.0,1.23
63,15-21 September,2020-11-08,Cerebrovascular diseases,2018-19,142.0,2.7
63,15-21 September,2020-11-08,Cerebrovascular diseases,2019-20,145.0,2.72
63,15-21 September,2020-11-08,Mental and behavioural disorders,2017-18,748.0,19.22
63,15-21 September,2020-11-08,Mental and behavioural disorders,2018-19,903.0,22.95
63,15-21 September,2020-11-08,Mental and behavioural disorders,2019-20,877.0,21.9
63,15-21 September,2020-11-08,Dehydration,2017-18,96.0,2.04
63,15-21 September,2020-11-08,Dehydration,2018-19,63.0,1.41
63,15-21 September,2020-11-08,Dehydration,2019-20,67.0,1.57
63,15-21 September,2020-11-08,Chest pain,2017-18,1030.0,24.29
63,15-21 September,2020-11-08,Chest pain,2018-19,1105.0,25.71
63,15-21 September,2020-11-08,Chest pain,2019-20,1259.0,28.78
63,15-21 September,2020-11-08,Abnormalities of breathing,2017-18,318.0,7.08
63,15-21 September,2020-11-08,Abnormalities of breathing,2018-19,347.0,7.59
63,15-21 September,2020-11-08,Abnormalities of breathing,2019-20,345.0,7.69
63,15-21 September,2020-11-08,COPD with acute exacerbation,2017-18,74.0,1.51
63,15-21 September,2020-11-08,COPD with acute exacerbation,2018-19,96.0,1.9
63,15-21 September,2020-11-08,COPD with acute exacerbation,2019-20,96.0,1.79
64,22-28 September,2020-11-15,Diseases of the respiratory system,2017-18,2928.0,70.87
64,22-28 September,2020-11-15,Diseases of the respiratory system,2018-19,2279.0,55.61
64,22-28 September,2020-11-15,Diseases of the respiratory system,2019-20,2443.0,58.77
64,22-28 September,2020-11-15,Asthma,2017-18,253.0,6.42
64,22-28 September,2020-11-15,Asthma,2018-19,217.0,5.52
64,22-28 September,2020-11-15,Asthma,2019-20,286.0,7.13
64,22-28 September,2020-11-15,Cardiovascular diseases,2017-18,733.0,14.75
64,22-28 September,2020-11-15,Cardiovascular diseases,2018-19,676.0,13.31
64,22-28 September,2020-11-15,Cardiovascular diseases,2019-20,681.0,13.18
64,22-28 September,2020-11-15,Acute myocardial infarction,2017-18,64.0,1.22
64,22-28 September,2020-11-15,Acute myocardial infarction,2018-19,75.0,1.41
64,22-28 September,2020-11-15,Acute myocardial infarction,2019-20,75.0,1.37
64,22-28 September,2020-11-15,Cerebrovascular diseases,2017-18(x),52.0,0.99
64,22-28 September,2020-11-15,Cerebrovascular diseases,2018-19,143.0,2.69
64,22-28 September,2020-11-15,Cerebrovascular diseases,2019-20,153.0,2.9
64,22-28 September,2020-11-15,Mental and behavioural disorders,2017-18,825.0,20.71
64,22-28 September,2020-11-15,Mental and behavioural disorders,2018-19,852.0,21.57
64,22-28 September,2020-11-15,Mental and behavioural disorders,2019-20,897.0,22.57
64,22-28 September,2020-11-15,Dehydration,2017-18,105.0,2.33
64,22-28 September,2020-11-15,Dehydration,2018-19,61.0,1.39
64,22-28 September,2020-11-15,Dehydration,2019-20,69.0,1.6
64,22-28 September,2020-11-15,Chest pain,2017-18,984.0,23.08
64,22-28 September,2020-11-15,Chest pain,2018-19,1081.0,25.15
64,22-28 September,2020-11-15,Chest pain,2019-20,1236.0,28.0
64,22-28 September,2020-11-15,Abnormalities of breathing,2017-18,347.0,7.9
64,22-28 September,2020-11-15,Abnormalities of breathing,2018-19,350.0,7.91
64,22-28 September,2020-11-15,Abnormalities of breathing,2019-20,346.0,7.79
64,22-28 September,2020-11-15,COPD with acute exacerbation,2017-18,68.0,1.4
64,22-28 September,2020-11-15,COPD with acute exacerbation,2018-19,102.0,1.97
64,22-28 September,2020-11-15,COPD with acute exacerbation,2019-20,86.0,1.67
65,29 September-5 October,2020-11-22,Diseases of the respiratory system,2017-18,2602.0,63.39
65,29 September-5 October,2020-11-22,Diseases of the respiratory system,2018-19,2443.0,59.83
65,29 September-5 October,2020-11-22,Diseases of the respiratory system,2019-20,2419.0,58.26
65,29 September-5 October,2020-11-22,Asthma,2017-18,245.0,6.17
65,29 September-5 October,2020-11-22,Asthma,2018-19,291.0,7.56
65,29 September-5 October,2020-11-22,Asthma,2019-20,258.0,6.55
65,29 September-5 October,2020-11-22,Cardiovascular diseases,2017-18,651.0,12.95
65,29 September-5 October,2020-11-22,Cardiovascular diseases,2018-19,656.0,12.75
65,29 September-5 October,2020-11-22,Cardiovascular diseases,2019-20,695.0,13.33
65,29 September-5 October,2020-11-22,Acute myocardial infarction,2017-18,62.0,1.23
65,29 September-5 October,2020-11-22,Acute myocardial infarction,2018-19,97.0,1.82
65,29 September-5 October,2020-11-22,Acute myocardial infarction,2019-20,87.0,1.61
65,29 September-5 October,2020-11-22,Cerebrovascular diseases,2017-18(x),76.0,1.51
65,29 September-5 October,2020-11-22,Cerebrovascular diseases,2018-19,116.0,2.21
65,29 September-5 October,2020-11-22,Cerebrovascular diseases,2019-20,145.0,2.73
65,29 September-5 October,2020-11-22,Mental and behavioural disorders,2017-18,770.0,19.4
65,29 September-5 October,2020-11-22,Mental and behavioural disorders,2018-19,804.0,20.04
65,29 September-5 October,2020-11-22,Mental and behavioural disorders,2019-20,776.0,19.14
65,29 September-5 October,2020-11-22,Dehydration,2017-18,86.0,1.89
65,29 September-5 October,2020-11-22,Dehydration,2018-19,66.0,1.47
65,29 September-5 October,2020-11-22,Dehydration,2019-20,61.0,1.37
65,29 September-5 October,2020-11-22,Chest pain,2017-18,1081.0,25.2
65,29 September-5 October,2020-11-22,Chest pain,2018-19,1101.0,25.18
65,29 September-5 October,2020-11-22,Chest pain,2019-20,1101.0,24.7
65,29 September-5 October,2020-11-22,Abnormalities of breathing,2017-18,298.0,6.61
65,29 September-5 October,2020-11-22,Abnormalities of breathing,2018-19,317.0,7.03
65,29 September-5 October,2020-11-22,Abnormalities of breathing,2019-20,348.0,7.86
65,29 September-5 October,2020-11-22,COPD with acute exacerbation,2017-18,66.0,1.33
65,29 September-5 October,2020-11-22,COPD with acute exacerbation,2018-19,78.0,1.53
65,29 September-5 October,2020-11-22,COPD with acute exacerbation,2019-20,92.0,1.71
66,6-12 October,2020-11-29,Diseases of the respiratory system,2017-18,2061.0,49.66
66,6-12 October,2020-11-29,Diseases of the respiratory system,2018-19,1976.0,47.14
66,6-12 October,2020-11-29,Diseases of the respiratory system,2019-20,2372.0,56.44
66,6-12 October,2020-11-29,Asthma,2017-18,184.0,4.61
66,6-12 October,2020-11-29,Asthma,2018-19,207.0,5.08
66,6-12 October,2020-11-29,Asthma,2019-20,217.0,5.32
66,6-12 October,2020-11-29,Cardiovascular diseases,2017-18,736.0,14.6
66,6-12 October,2020-11-29,Cardiovascular diseases,2018-19,691.0,13.38
66,6-12 October,2020-11-29,Cardiovascular diseases,2019-20,592.0,10.99
66,6-12 October,2020-11-29,Acute myocardial infarction,2017-18,63.0,1.19
66,6-12 October,2020-11-29,Acute myocardial infarction,2018-19,88.0,1.65
66,6-12 October,2020-11-29,Acute myocardial infarction,2019-20,73.0,1.33
66,6-12 October,2020-11-29,Cerebrovascular diseases,2017-18(x),46.0,0.92
66,6-12 October,2020-11-29,Cerebrovascular diseases,2018-19,147.0,2.79
66,6-12 October,2020-11-29,Cerebrovascular diseases,2019-20,115.0,2.15
66,6-12 October,2020-11-29,Mental and behavioural disorders,2017-18,830.0,21.31
66,6-12 October,2020-11-29,Mental and behavioural disorders,2018-19,847.0,21.08
66,6-12 October,2020-11-29,Mental and behavioural disorders,2019-20,879.0,21.65
66,6-12 October,2020-11-29,Dehydration,2017-18,67.0,1.49
66,6-12 October,2020-11-29,Dehydration,2018-19,49.0,1.11
66,6-12 October,2020-11-29,Dehydration,2019-20,92.0,2.0
66,6-12 October,2020-11-29,Chest pain,2017-18,1149.0,27.19
66,6-12 October,2020-11-29,Chest pain,2018-19,1214.0,27.98
66,6-12 October,2020-11-29,Chest pain,2019-20,1175.0,26.32
66,6-12 October,2020-11-29,Abnormalities of breathing,2017-18,321.0,7.24
66,6-12 October,2020-11-29,Abnormalities of breathing,2018-19,318.0,7.02
66,6-12 October,2020-11-29,Abnormalities of breathing,2019-20,402.0,8.81
66,6-12 October,2020-11-29,COPD with acute exacerbation,2017-18,63.0,1.26
66,6-12 October,2020-11-29,COPD with acute exacerbation,2018-19,104.0,2.12
66,6-12 October,2020-11-29,COPD with acute exacerbation,2019-20,102.0,1.93
67,13-19 October,2020-12-06,Diseases of the respiratory system,2017-18,1725.0,42.18
67,13-19 October,2020-12-06,Diseases of the respiratory system,2018-19,1991.0,47.79
67,13-19 October,2020-12-06,Diseases of the respiratory system,2019-20,2093.0,49.49
67,13-19 October,2020-12-06,Asthma,2017-18,180.0,4.73
67,13-19 October,2020-12-06,Asthma,2018-19,215.0,5.41
67,13-19 October,2020-12-06,Asthma,2019-20,198.0,4.92
67,13-19 October,2020-12-06,Cardiovascular diseases,2017-18,696.0,14.02
67,13-19 October,2020-12-06,Cardiovascular diseases,2018-19,653.0,12.96
67,13-19 October,2020-12-06,Cardiovascular diseases,2019-20,704.0,13.78
67,13-19 October,2020-12-06,Acute myocardial infarction,2017-18,51.0,1.03
67,13-19 October,2020-12-06,Acute myocardial infarction,2018-19,84.0,1.67
67,13-19 October,2020-12-06,Acute myocardial infarction,2019-20,91.0,1.75
67,13-19 October,2020-12-06,Cerebrovascular diseases,2017-18(x),50.0,0.96
67,13-19 October,2020-12-06,Cerebrovascular diseases,2018-19,141.0,2.69
67,13-19 October,2020-12-06,Cerebrovascular diseases,2019-20,157.0,2.95
67,13-19 October,2020-12-06,Mental and behavioural disorders,2017-18,911.0,23.53
67,13-19 October,2020-12-06,Mental and behavioural disorders,2018-19,904.0,22.74
67,13-19 October,2020-12-06,Mental and behavioural disorders,2019-20,901.0,22.55
67,13-19 October,2020-12-06,Dehydration,2017-18,54.0,1.23
67,13-19 October,2020-12-06,Dehydration,2018-19,45.0,1.08
67,13-19 October,2020-12-06,Dehydration,2019-20,58.0,1.33
67,13-19 October,2020-12-06,Chest pain,2017-18,1089.0,25.68
67,13-19 October,2020-12-06,Chest pain,2018-19,1193.0,27.58
67,13-19 October,2020-12-06,Chest pain,2019-20,1274.0,28.74
67,13-19 October,2020-12-06,Abnormalities of breathing,2017-18,301.0,7.02
67,13-19 October,2020-12-06,Abnormalities of breathing,2018-19,395.0,8.84
67,13-19 October,2020-12-06,Abnormalities of breathing,2019-20,384.0,8.31
67,13-19 October,2020-12-06,COPD with acute exacerbation,2017-18,36.0,0.72
67,13-19 October,2020-12-06,COPD with acute exacerbation,2018-19,72.0,1.43
67,13-19 October,2020-12-06,COPD with acute exacerbation,2019-20,105.0,1.98
68,20-26 October,2020-12-13,Diseases of the respiratory system,2017-18,1912.0,47.47
68,20-26 October,2020-12-13,Diseases of the respiratory system,2018-19,1943.0,47.12
68,20-26 October,2020-12-13,Diseases of the respiratory system,2019-20,2002.0,47.32
68,20-26 October,2020-12-13,Asthma,2017-18,278.0,7.37
68,20-26 October,2020-12-13,Asthma,2018-19,272.0,6.94
68,20-26 October,2020-12-13,Asthma,2019-20,221.0,5.46
68,20-26 October,2020-12-13,Cardiovascular diseases,2017-18,699.0,14.22
68,20-26 October,2020-12-13,Cardiovascular diseases,2018-19,657.0,12.81
68,20-26 October,2020-12-13,Cardiovascular diseases,2019-20,623.0,11.99
68,20-26 October,2020-12-13,Acute myocardial infarction,2017-18,73.0,1.44
68,20-26 October,2020-12-13,Acute myocardial infarction,2018-19,71.0,1.33
68,20-26 October,2020-12-13,Acute myocardial infarction,2019-20,75.0,1.37
68,20-26 October,2020-12-13,Cerebrovascular diseases,2017-18(x),62.0,1.21
68,20-26 October,2020-12-13,Cerebrovascular diseases,2018-19,156.0,2.9
68,20-26 October,2020-12-13,Cerebrovascular diseases,2019-20,114.0,2.13
68,20-26 October,2020-12-13,Mental and behavioural disorders,2017-18,873.0,22.62
68,20-26 October,2020-12-13,Mental and behavioural disorders,2018-19,965.0,24.49
68,20-26 October,2020-12-13,Mental and behavioural disorders,2019-20,876.0,22.09
68,20-26 October,2020-12-13,Dehydration,2017-18,58.0,1.32
68,20-26 October,2020-12-13,Dehydration,2018-19,48.0,1.1
68,20-26 October,2020-12-13,Dehydration,2019-20,59.0,1.31
68,20-26 October,2020-12-13,Chest pain,2017-18,1077.0,25.69
68,20-26 October,2020-12-13,Chest pain,2018-19,1112.0,25.54
68,20-26 October,2020-12-13,Chest pain,2019-20,1124.0,25.36
68,20-26 October,2020-12-13,Abnormalities of breathing,2017-18,344.0,8.15
68,20-26 October,2020-12-13,Abnormalities of breathing,2018-19,321.0,7.25
68,20-26 October,2020-12-13,Abnormalities of breathing,2019-20,360.0,7.93
68,20-26 October,2020-12-13,COPD with acute exacerbation,2017-18,41.0,0.82
68,20-26 October,2020-12-13,COPD with acute exacerbation,2018-19,90.0,1.75
68,20-26 October,2020-12-13,COPD with acute exacerbation,2019-20,90.0,1.69
69,27 October-2 November,2020-12-20,Diseases of the respiratory system,2017-18,1891.0,46.8
69,27 October-2 November,2020-12-20,Diseases of the respiratory system,2018-19,1910.0,46.59
69,27 October-2 November,2020-12-20,Diseases of the respiratory system,2019-20,2000.0,48.27
69,27 October-2 November,2020-12-20,Asthma,2017-18,259.0,6.87
69,27 October-2 November,2020-12-20,Asthma,2018-19,243.0,6.3
69,27 October-2 November,2020-12-20,Asthma,2019-20,274.0,7.05
69,27 October-2 November,2020-12-20,Cardiovascular diseases,2017-18,713.0,14.36
69,27 October-2 November,2020-12-20,Cardiovascular diseases,2018-19,615.0,12.1
69,27 October-2 November,2020-12-20,Cardiovascular diseases,2019-20,625.0,12.06
69,27 October-2 November,2020-12-20,Acute myocardial infarction,2017-18,53.0,1.1
69,27 October-2 November,2020-12-20,Acute myocardial infarction,2018-19,67.0,1.35
69,27 October-2 November,2020-12-20,Acute myocardial infarction,2019-20,79.0,1.53
69,27 October-2 November,2020-12-20,Cerebrovascular diseases,2017-18(x),58.0,1.12
69,27 October-2 November,2020-12-20,Cerebrovascular diseases,2018-19,128.0,2.51
69,27 October-2 November,2020-12-20,Cerebrovascular diseases,2019-20,118.0,2.07
69,27 October-2 November,2020-12-20,Mental and behavioural disorders,2017-18,866.0,22.26
69,27 October-2 November,2020-12-20,Mental and behavioural disorders,2018-19,945.0,24.35
69,27 October-2 November,2020-12-20,Mental and behavioural disorders,2019-20,913.0,23.14
69,27 October-2 November,2020-12-20,Dehydration,2017-18,61.0,1.37
69,27 October-2 November,2020-12-20,Dehydration,2018-19,78.0,1.77
69,27 October-2 November,2020-12-20,Dehydration,2019-20,62.0,1.33
69,27 October-2 November,2020-12-20,Chest pain,2017-18,1029.0,24.21
69,27 October-2 November,2020-12-20,Chest pain,2018-19,1056.0,24.55
69,27 October-2 November,2020-12-20,Chest pain,2019-20,1139.0,25.43
69,27 October-2 November,2020-12-20,Abnormalities of breathing,2017-18,320.0,7.5
69,27 October-2 November,2020-12-20,Abnormalities of breathing,2018-19,351.0,7.87
69,27 October-2 November,2020-12-20,Abnormalities of breathing,2019-20,313.0,6.86
69,27 October-2 November,2020-12-20,COPD with acute exacerbation,2017-18,51.0,0.97
69,27 October-2 November,2020-12-20,COPD with acute exacerbation,2018-19,86.0,1.67
69,27 October-2 November,2020-12-20,COPD with acute exacerbation,2019-20,92.0,1.72
70,3-9 November,2020-12-27,Diseases of the respiratory system,2017-18,1776.0,44.16
70,3-9 November,2020-12-27,Diseases of the respiratory system,2018-19,1971.0,47.81
70,3-9 November,2020-12-27,Diseases of the respiratory system,2019-20,2044.0,48.84
70,3-9 November,2020-12-27,Asthma,2017-18,244.0,6.37
70,3-9 November,2020-12-27,Asthma,2018-19,285.0,7.39
70,3-9 November,2020-12-27,Asthma,2019-20,301.0,7.7
70,3-9 November,2020-12-27,Cardiovascular diseases,2017-18,714.0,14.15
70,3-9 November,2020-12-27,Cardiovascular diseases,2018-19,656.0,12.91
70,3-9 November,2020-12-27,Cardiovascular diseases,2019-20,640.0,12.31
70,3-9 November,2020-12-27,Acute myocardial infarction,2017-18,58.0,1.13
70,3-9 November,2020-12-27,Acute myocardial infarction,2018-19,85.0,1.65
70,3-9 November,2020-12-27,Acute myocardial infarction,2019-20,70.0,1.29
70,3-9 November,2020-12-27,Cerebrovascular diseases,2017-18(x),62.0,1.23
70,3-9 November,2020-12-27,Cerebrovascular diseases,2018-19,107.0,2.06
70,3-9 November,2020-12-27,Cerebrovascular diseases,2019-20,134.0,2.49
70,3-9 November,2020-12-27,Mental and behavioural disorders,2017-18,890.0,22.92
70,3-9 November,2020-12-27,Mental and behavioural disorders,2018-19,959.0,24.45
70,3-9 November,2020-12-27,Mental and behavioural disorders,2019-20,918.0,22.94
70,3-9 November,2020-12-27,Dehydration,2017-18,75.0,1.69
70,3-9 November,2020-12-27,Dehydration,2018-19,98.0,2.2
70,3-9 November,2020-12-27,Dehydration,2019-20,63.0,1.39
70,3-9 November,2020-12-27,Chest pain,2017-18,1074.0,25.5
70,3-9 November,2020-12-27,Chest pain,2018-19,1189.0,27.94
70,3-9 November,2020-12-27,Chest pain,2019-20,1106.0,25.22
70,3-9 November,2020-12-27,Abnormalities of breathing,2017-18,280.0,6.56
70,3-9 November,2020-12-27,Abnormalities of breathing,2018-19,326.0,7.32
70,3-9 November,2020-12-27,Abnormalities of breathing,2019-20,353.0,7.73
70,3-9 November,2020-12-27,COPD with acute exacerbation,2017-18,41.0,0.83
70,3-9 November,2020-12-27,COPD with acute exacerbation,2018-19,95.0,1.83
70,3-9 November,2020-12-27,COPD with acute exacerbation,2019-20,104.0,2.01
71,10-16 November,2021-01-03,Diseases of the respiratory system,2017-18,1882.0,46.5
71,10-16 November,2021-01-03,Diseases of the respiratory system,2018-19,1853.0,44.65
71,10-16 November,2021-01-03,Diseases of the respiratory system,2019-20,2103.0,50.73
71,10-16 November,2021-01-03,Asthma,2017-18,262.0,6.89
71,10-16 November,2021-01-03,Asthma,2018-19,245.0,6.32
71,10-16 November,2021-01-03,Asthma,2019-20,349.0,8.89
71,10-16 November,2021-01-03,Cardiovascular diseases,2017-18,707.0,13.98
71,10-16 November,2021-01-03,Cardiovascular diseases,2018-19,632.0,12.52
71,10-16 November,2021-01-03,Cardiovascular diseases,2019-20,580.0,11.02
71,10-16 November,2021-01-03,Acute myocardial infarction,2017-18,55.0,1.12
71,10-16 November,2021-01-03,Acute myocardial infarction,2018-19,78.0,1.54
71,10-16 November,2021-01-03,Acute myocardial infarction,2019-20,85.0,1.59
71,10-16 November,2021-01-03,Cerebrovascular diseases,2017-18(x),74.0,1.54
71,10-16 November,2021-01-03,Cerebrovascular diseases,2018-19,138.0,2.64
71,10-16 November,2021-01-03,Cerebrovascular diseases,2019-20,131.0,2.45
71,10-16 November,2021-01-03,Mental and behavioural disorders,2017-18,885.0,22.73
71,10-16 November,2021-01-03,Mental and behavioural disorders,2018-19,920.0,23.31
71,10-16 November,2021-01-03,Mental and behavioural disorders,2019-20,861.0,21.66
71,10-16 November,2021-01-03,Dehydration,2017-18,65.0,1.53
71,10-16 November,2021-01-03,Dehydration,2018-19,72.0,1.59
71,10-16 November,2021-01-03,Dehydration,2019-20,65.0,1.55
71,10-16 November,2021-01-03,Chest pain,2017-18,1023.0,24.03
71,10-16 November,2021-01-03,Chest pain,2018-19,1147.0,26.43
71,10-16 November,2021-01-03,Chest pain,2019-20,1067.0,24.28
71,10-16 November,2021-01-03,Abnormalities of breathing,2017-18,330.0,7.58
71,10-16 November,2021-01-03,Abnormalities of breathing,2018-19,337.0,7.72
71,10-16 November,2021-01-03,Abnormalities of breathing,2019-20,401.0,8.91
71,10-16 November,2021-01-03,COPD with acute exacerbation,2017-18,48.0,0.98
71,10-16 November,2021-01-03,COPD with acute exacerbation,2018-19,88.0,1.72
71,10-16 November,2021-01-03,COPD with acute exacerbation,2019-20,105.0,2.02
72,17-23 November,2021-01-10,Diseases of the respiratory system,2017-18,1787.0,43.72
72,17-23 November,2021-01-10,Diseases of the respiratory system,2018-19,1854.0,44.89
72,17-23 November,2021-01-10,Diseases of the respiratory system,2019-20,2050.0,49.22
72,17-23 November,2021-01-10,Asthma,2017-18,201.0,5.23
72,17-23 November,2021-01-10,Asthma,2018-19,285.0,7.34
72,17-23 November,2021-01-10,Asthma,2019-20,403.0,10.22
72,17-23 November,2021-01-10,Cardiovascular diseases,2017-18,672.0,13.59
72,17-23 November,2021-01-10,Cardiovascular diseases,2018-19,629.0,12.47
72,17-23 November,2021-01-10,Cardiovascular diseases,2019-20,609.0,11.67
72,17-23 November,2021-01-10,Acute myocardial infarction,2017-18,66.0,1.29
72,17-23 November,2021-01-10,Acute myocardial infarction,2018-19,78.0,1.47
72,17-23 November,2021-01-10,Acute myocardial infarction,2019-20,73.0,1.38
72,17-23 November,2021-01-10,Cerebrovascular diseases,2017-18(x),66.0,1.27
72,17-23 November,2021-01-10,Cerebrovascular diseases,2018-19,128.0,2.46
72,17-23 November,2021-01-10,Cerebrovascular diseases,2019-20,119.0,2.26
72,17-23 November,2021-01-10,Mental and behavioural disorders,2017-18,916.0,23.69
72,17-23 November,2021-01-10,Mental and behavioural disorders,2018-19,933.0,23.65
72,17-23 November,2021-01-10,Mental and behavioural disorders,2019-20,922.0,23.28
72,17-23 November,2021-01-10,Dehydration,2017-18,57.0,1.29
72,17-23 November,2021-01-10,Dehydration,2018-19,62.0,1.36
72,17-23 November,2021-01-10,Dehydration,2019-20,79.0,1.84
72,17-23 November,2021-01-10,Chest pain,2017-18,1076.0,25.59
72,17-23 November,2021-01-10,Chest pain,2018-19,1158.0,26.66
72,17-23 November,2021-01-10,Chest pain,2019-20,1069.0,24.4
72,17-23 November,2021-01-10,Abnormalities of breathing,2017-18,285.0,6.69
72,17-23 November,2021-01-10,Abnormalities of breathing,2018-19,314.0,7.04
72,17-23 November,2021-01-10,Abnormalities of breathing,2019-20,361.0,7.98
72,17-23 November,2021-01-10,COPD with acute exacerbation,2017-18,46.0,0.93
72,17-23 November,2021-01-10,COPD with acute exacerbation,2018-19,82.0,1.59
72,17-23 November,2021-01-10,COPD with acute exacerbation,2019-20,115.0,2.2
73,24-30 November,2021-01-17,Diseases of the respiratory system,2017-18,1764.0,43.14
73,24-30 November,2021-01-17,Diseases of the respiratory system,2018-19,1877.0,45.56
73,24-30 November,2021-01-17,Diseases of the respiratory system,2019-20,1898.0,45.6
73,24-30 November,2021-01-17,Asthma,2017-18,217.0,5.67
73,24-30 November,2021-01-17,Asthma,2018-19,278.0,7.18
73,24-30 November,2021-01-17,Asthma,2019-20,262.0,6.54
73,24-30 November,2021-01-17,Cardiovascular diseases,2017-18,713.0,14.36
73,24-30 November,2021-01-17,Cardiovascular diseases,2018-19,677.0,13.33
73,24-30 November,2021-01-17,Cardiovascular diseases,2019-20,638.0,12.21
73,24-30 November,2021-01-17,Acute myocardial infarction,2017-18,67.0,1.37
73,24-30 November,2021-01-17,Acute myocardial infarction,2018-19,84.0,1.59
73,24-30 November,2021-01-17,Acute myocardial infarction,2019-20,86.0,1.6
73,24-30 November,2021-01-17,Cerebrovascular diseases,2017-18(x),72.0,1.39
73,24-30 November,2021-01-17,Cerebrovascular diseases,2018-19,140.0,2.66
73,24-30 November,2021-01-17,Cerebrovascular diseases,2019-20,122.0,2.29
73,24-30 November,2021-01-17,Mental and behavioural disorders,2017-18,949.0,24.36
73,24-30 November,2021-01-17,Mental and behavioural disorders,2018-19,849.0,21.57
73,24-30 November,2021-01-17,Mental and behavioural disorders,2019-20,982.0,24.61
73,24-30 November,2021-01-17,Dehydration,2017-18,75.0,1.66
73,24-30 November,2021-01-17,Dehydration,2018-19,52.0,1.14
73,24-30 November,2021-01-17,Dehydration,2019-20,75.0,1.69
73,24-30 November,2021-01-17,Chest pain,2017-18,1050.0,24.98
73,24-30 November,2021-01-17,Chest pain,2018-19,1105.0,25.6
73,24-30 November,2021-01-17,Chest pain,2019-20,1110.0,25.27
73,24-30 November,2021-01-17,Abnormalities of breathing,2017-18,291.0,6.63
73,24-30 November,2021-01-17,Abnormalities of breathing,2018-19,320.0,7.06
73,24-30 November,2021-01-17,Abnormalities of breathing,2019-20,400.0,8.98
73,24-30 November,2021-01-17,COPD with acute exacerbation,2017-18,60.0,1.21
73,24-30 November,2021-01-17,COPD with acute exacerbation,2018-19,72.0,1.39
73,24-30 November,2021-01-17,COPD with acute exacerbation,2019-20,80.0,1.55
74,1-7 December,2021-01-24,Diseases of the respiratory system,2017-18,1547.0,37.76
74,1-7 December,2021-01-24,Diseases of the respiratory system,2018-19,1769.0,42.57
74,1-7 December,2021-01-24,Diseases of the respiratory system,2019-20,2029.0,48.76
74,1-7 December,2021-01-24,Asthma,2017-18,193.0,4.89
74,1-7 December,2021-01-24,Asthma,2018-19,247.0,6.31
74,1-7 December,2021-01-24,Asthma,2019-20,374.0,9.49
74,1-7 December,2021-01-24,Cardiovascular diseases,2017-18,703.0,14.19
74,1-7 December,2021-01-24,Cardiovascular diseases,2018-19,619.0,12.31
74,1-7 December,2021-01-24,Cardiovascular diseases,2019-20,597.0,11.68
74,1-7 December,2021-01-24,Acute myocardial infarction,2017-18,81.0,1.59
74,1-7 December,2021-01-24,Acute myocardial infarction,2018-19,73.0,1.36
74,1-7 December,2021-01-24,Acute myocardial infarction,2019-20,89.0,1.65
74,1-7 December,2021-01-24,Cerebrovascular diseases,2017-18(x),62.0,1.27
74,1-7 December,2021-01-24,Cerebrovascular diseases,2018-19,111.0,2.06
74,1-7 December,2021-01-24,Cerebrovascular diseases,2019-20,122.0,2.32
74,1-7 December,2021-01-24,Mental and behavioural disorders,2017-18,861.0,22.14
74,1-7 December,2021-01-24,Mental and behavioural disorders,2018-19,943.0,23.84
74,1-7 December,2021-01-24,Mental and behavioural disorders,2019-20,923.0,23.05
74,1-7 December,2021-01-24,Dehydration,2017-18,70.0,1.55
74,1-7 December,2021-01-24,Dehydration,2018-19,82.0,1.73
74,1-7 December,2021-01-24,Dehydration,2019-20,78.0,1.68
74,1-7 December,2021-01-24,Chest pain,2017-18,1016.0,23.61
74,1-7 December,2021-01-24,Chest pain,2018-19,1114.0,25.9
74,1-7 December,2021-01-24,Chest pain,2019-20,1147.0,26.3
74,1-7 December,2021-01-24,Abnormalities of breathing,2017-18,271.0,6.21
74,1-7 December,2021-01-24,Abnormalities of breathing,2018-19,345.0,7.67
74,1-7 December,2021-01-24,Abnormalities of breathing,2019-20,398.0,9.08
74,1-7 December,2021-01-24,COPD with acute exacerbation,2017-18,44.0,0.88
74,1-7 December,2021-01-24,COPD with acute exacerbation,2018-19,70.0,1.42
74,1-7 December,2021-01-24,COPD with acute exacerbation,2019-20,99.0,1.9
75,8-14 December,2021-01-31,Diseases of the respiratory system,2017-18,1607.0,39.87
75,8-14 December,2021-01-31,Diseases of the respiratory system,2018-19,1728.0,41.74
75,8-14 December,2021-01-31,Diseases of the respiratory system,2019-20,2151.0,51.58
75,8-14 December,2021-01-31,Asthma,2017-18,197.0,5.21
75,8-14 December,2021-01-31,Asthma,2018-19,206.0,5.28
75,8-14 December,2021-01-31,Asthma,2019-20,400.0,10.05
75,8-14 December,2021-01-31,Cardiovascular diseases,2017-18,657.0,13.29
75,8-14 December,2021-01-31,Cardiovascular diseases,2018-19,593.0,11.68
75,8-14 December,2021-01-31,Cardiovascular diseases,2019-20,612.0,11.88
75,8-14 December,2021-01-31,Acute myocardial infarction,2017-18,69.0,1.31
75,8-14 December,2021-01-31,Acute myocardial infarction,2018-19,86.0,1.61
75,8-14 December,2021-01-31,Acute myocardial infarction,2019-20,83.0,1.56
75,8-14 December,2021-01-31,Cerebrovascular diseases,2017-18(x),79.0,1.58
75,8-14 December,2021-01-31,Cerebrovascular diseases,2018-19,142.0,2.75
75,8-14 December,2021-01-31,Cerebrovascular diseases,2019-20,120.0,2.29
75,8-14 December,2021-01-31,Mental and behavioural disorders,2017-18,854.0,21.57
75,8-14 December,2021-01-31,Mental and behavioural disorders,2018-19,958.0,24.19
75,8-14 December,2021-01-31,Mental and behavioural disorders,2019-20,912.0,22.66
75,8-14 December,2021-01-31,Dehydration,2017-18,65.0,1.48
75,8-14 December,2021-01-31,Dehydration,2018-19,71.0,1.51
75,8-14 December,2021-01-31,Dehydration,2019-20,77.0,1.71
75,8-14 December,2021-01-31,Chest pain,2017-18,941.0,22.01
75,8-14 December,2021-01-31,Chest pain,2018-19,1110.0,25.56
75,8-14 December,2021-01-31,Chest pain,2019-20,1161.0,26.17
75,8-14 December,2021-01-31,Abnormalities of breathing,2017-18,296.0,6.94
75,8-14 December,2021-01-31,Abnormalities of breathing,2018-19,346.0,7.72
75,8-14 December,2021-01-31,Abnormalities of breathing,2019-20,420.0,9.19
75,8-14 December,2021-01-31,COPD with acute exacerbation,2017-18,40.0,0.83
75,8-14 December,2021-01-31,COPD with acute exacerbation,2018-19,86.0,1.72
75,8-14 December,2021-01-31,COPD with acute exacerbation,2019-20,125.0,2.39
76,15-21 December,2021-02-07,Diseases of the respiratory system,2017-18,1740.0,43.32
76,15-21 December,2021-02-07,Diseases of the respiratory system,2018-19,1733.0,41.58
76,15-21 December,2021-02-07,Diseases of the respiratory system,2019-20,2121.0,50.92
76,15-21 December,2021-02-07,Asthma,2017-18,231.0,5.98
76,15-21 December,2021-02-07,Asthma,2018-19,205.0,5.17
76,15-21 December,2021-02-07,Asthma,2019-20,308.0,7.71
76,15-21 December,2021-02-07,Cardiovascular diseases,2017-18,637.0,12.89
76,15-21 December,2021-02-07,Cardiovascular diseases,2018-19,623.0,12.42
76,15-21 December,2021-02-07,Cardiovascular diseases,2019-20,620.0,12.07
76,15-21 December,2021-02-07,Acute myocardial infarction,2017-18,58.0,1.15
76,15-21 December,2021-02-07,Acute myocardial infarction,2018-19,95.0,1.86
76,15-21 December,2021-02-07,Acute myocardial infarction,2019-20,104.0,2.02
76,15-21 December,2021-02-07,Cerebrovascular diseases,2017-18(x),64.0,1.32
76,15-21 December,2021-02-07,Cerebrovascular diseases,2018-19,122.0,2.42
76,15-21 December,2021-02-07,Cerebrovascular diseases,2019-20,120.0,2.22
76,15-21 December,2021-02-07,Mental and behavioural disorders,2017-18,860.0,22.0
76,15-21 December,2021-02-07,Mental and behavioural disorders,2018-19,916.0,23.11
76,15-21 December,2021-02-07,Mental and behavioural disorders,2019-20,906.0,22.39
76,15-21 December,2021-02-07,Dehydration,2017-18,108.0,2.43
76,15-21 December,2021-02-07,Dehydration,2018-19,68.0,1.54
76,15-21 December,2021-02-07,Dehydration,2019-20,109.0,2.49
76,15-21 December,2021-02-07,Chest pain,2017-18,973.0,22.68
76,15-21 December,2021-02-07,Chest pain,2018-19,1146.0,26.09
76,15-21 December,2021-02-07,Chest pain,2019-20,1043.0,23.38
76,15-21 December,2021-02-07,Abnormalities of breathing,2017-18,310.0,7.12
76,15-21 December,2021-02-07,Abnormalities of breathing,2018-19,318.0,6.96
76,15-21 December,2021-02-07,Abnormalities of breathing,2019-20,404.0,8.97
76,15-21 December,2021-02-07,COPD with acute exacerbation,2017-18,43.0,0.88
76,15-21 December,2021-02-07,COPD with acute exacerbation,2018-19,81.0,1.6
76,15-21 December,2021-02-07,COPD with acute exacerbation,2019-20,107.0,2.04
77,22-28 December,2021-02-14,Diseases of the respiratory system,2017-18,2208.0,54.69
77,22-28 December,2021-02-14,Diseases of the respiratory system,2018-19,2182.0,53.7
77,22-28 December,2021-02-14,Diseases of the respiratory system,2019-20,2427.0,58.1
77,22-28 December,2021-02-14,Asthma,2017-18,263.0,6.63
77,22-28 December,2021-02-14,Asthma,2018-19,250.0,6.42
77,22-28 December,2021-02-14,Asthma,2019-20,277.0,6.81
77,22-28 December,2021-02-14,Cardiovascular diseases,2017-18,639.0,12.89
77,22-28 December,2021-02-14,Cardiovascular diseases,2018-19,524.0,10.3
77,22-28 December,2021-02-14,Cardiovascular diseases,2019-20,536.0,10.17
77,22-28 December,2021-02-14,Acute myocardial infarction,2017-18,56.0,1.1
77,22-28 December,2021-02-14,Acute myocardial infarction,2018-19,72.0,1.34
77,22-28 December,2021-02-14,Acute myocardial infarction,2019-20,85.0,1.6
77,22-28 December,2021-02-14,Cerebrovascular diseases,2017-18(x),64.0,1.13
77,22-28 December,2021-02-14,Cerebrovascular diseases,2018-19,115.0,2.23
77,22-28 December,2021-02-14,Cerebrovascular diseases,2019-20,135.0,2.55
77,22-28 December,2021-02-14,Mental and behavioural disorders,2017-18,869.0,22.16
77,22-28 December,2021-02-14,Mental and behavioural disorders,2018-19,835.0,20.98
77,22-28 December,2021-02-14,Mental and behavioural disorders,2019-20,832.0,20.56
77,22-28 December,2021-02-14,Dehydration,2017-18,96.0,2.08
77,22-28 December,2021-02-14,Dehydration,2018-19,83.0,1.86
77,22-28 December,2021-02-14,Dehydration,2019-20,88.0,2.06
77,22-28 December,2021-02-14,Chest pain,2017-18,866.0,20.21
77,22-28 December,2021-02-14,Chest pain,2018-19,865.0,19.8
77,22-28 December,2021-02-14,Chest pain,2019-20,973.0,21.66
77,22-28 December,2021-02-14,Abnormalities of breathing,2017-18,305.0,7.03
77,22-28 December,2021-02-14,Abnormalities of breathing,2018-19,324.0,7.23
77,22-28 December,2021-02-14,Abnormalities of breathing,2019-20,320.0,7.05
77,22-28 December,2021-02-14,COPD with acute exacerbation,2017-18,58.0,1.2
77,22-28 December,2021-02-14,COPD with acute exacerbation,2018-19,89.0,1.73
77,22-28 December,2021-02-14,COPD with acute exacerbation,2019-20,104.0,1.97
78,29 December-4 January,2021-02-21,Diseases of the respiratory system,2017-18,2068.0,50.3
78,29 December-4 January,2021-02-21,Diseases of the respiratory system,2018-19,2104.0,50.34
78,29 December-4 January,2021-02-21,Diseases of the respiratory system,2019-20,2514.0,59.56
78,29 December-4 January,2021-02-21,Asthma,2017-18,203.0,5.22
78,29 December-4 January,2021-02-21,Asthma,2018-19,208.0,5.19
78,29 December-4 January,2021-02-21,Asthma,2019-20,340.0,8.25
78,29 December-4 January,2021-02-21,Cardiovascular diseases,2017-18,625.0,12.43
78,29 December-4 January,2021-02-21,Cardiovascular diseases,2018-19,594.0,11.6
78,29 December-4 January,2021-02-21,Cardiovascular diseases,2019-20,595.0,11.54
78,29 December-4 January,2021-02-21,Acute myocardial infarction,2017-18,66.0,1.28
78,29 December-4 January,2021-02-21,Acute myocardial infarction,2018-19,84.0,1.56
78,29 December-4 January,2021-02-21,Acute myocardial infarction,2019-20,86.0,1.64
78,29 December-4 January,2021-02-21,Cerebrovascular diseases,2017-18(x),59.0,1.13
78,29 December-4 January,2021-02-21,Cerebrovascular diseases,2018-19,138.0,2.58
78,29 December-4 January,2021-02-21,Cerebrovascular diseases,2019-20,124.0,2.25
78,29 December-4 January,2021-02-21,Mental and behavioural disorders,2017-18,897.0,23.18
78,29 December-4 January,2021-02-21,Mental and behavioural disorders,2018-19,1087.0,27.41
78,29 December-4 January,2021-02-21,Mental and behavioural disorders,2019-20,990.0,24.78
78,29 December-4 January,2021-02-21,Dehydration,2017-18,75.0,1.74
78,29 December-4 January,2021-02-21,Dehydration,2018-19,120.0,2.64
78,29 December-4 January,2021-02-21,Dehydration,2019-20,116.0,2.67
78,29 December-4 January,2021-02-21,Chest pain,2017-18,995.0,23.15
78,29 December-4 January,2021-02-21,Chest pain,2018-19,1084.0,24.88
78,29 December-4 January,2021-02-21,Chest pain,2019-20,1080.0,24.54
78,29 December-4 January,2021-02-21,Abnormalities of breathing,2017-18,261.0,5.88
78,29 December-4 January,2021-02-21,Abnormalities of breathing,2018-19,304.0,6.77
78,29 December-4 January,2021-02-21,Abnormalities of breathing,2019-20,419.0,9.17
78,29 December-4 January,2021-02-21,COPD with acute exacerbation,2017-18,51.0,1.05
78,29 December-4 January,2021-02-21,COPD with acute exacerbation,2018-19,95.0,1.86
78,29 December-4 January,2021-02-21,COPD with acute exacerbation,2019-20,131.0,2.52
79,5-11 January,2021-02-28,Diseases of the respiratory system,2017-18,1568.0,38.1
79,5-11 January,2021-02-28,Diseases of the respiratory system,2018-19,1584.0,38.18
79,5-11 January,2021-02-28,Diseases of the respiratory system,2019-20,1910.0,44.8
79,5-11 January,2021-02-28,Asthma,2017-18,194.0,4.96
79,5-11 January,2021-02-28,Asthma,2018-19,195.0,4.89
79,5-11 January,2021-02-28,Asthma,2019-20,297.0,7.23
79,5-11 January,2021-02-28,Cardiovascular diseases,2017-18,613.0,12.21
79,5-11 January,2021-02-28,Cardiovascular diseases,2018-19,607.0,11.83
79,5-11 January,2021-02-28,Cardiovascular diseases,2019-20,575.0,11.19
79,5-11 January,2021-02-28,Acute myocardial infarction,2017-18,76.0,1.5
79,5-11 January,2021-02-28,Acute myocardial infarction,2018-19,72.0,1.37
79,5-11 January,2021-02-28,Acute myocardial infarction,2019-20,77.0,1.47
79,5-11 January,2021-02-28,Cerebrovascular diseases,2017-18(x),64.0,1.24
79,5-11 January,2021-02-28,Cerebrovascular diseases,2018-19,118.0,2.25
79,5-11 January,2021-02-28,Cerebrovascular diseases,2019-20,132.0,2.44
79,5-11 January,2021-02-28,Mental and behavioural disorders,2017-18,843.0,21.51
79,5-11 January,2021-02-28,Mental and behavioural disorders,2018-19,904.0,22.75
79,5-11 January,2021-02-28,Mental and behavioural disorders,2019-20,865.0,21.43
79,5-11 January,2021-02-28,Dehydration,2017-18,85.0,1.87
79,5-11 January,2021-02-28,Dehydration,2018-19,80.0,1.75
79,5-11 January,2021-02-28,Dehydration,2019-20,96.0,2.19
79,5-11 January,2021-02-28,Chest pain,2017-18,1009.0,23.75
79,5-11 January,2021-02-28,Chest pain,2018-19,1112.0,25.54
79,5-11 January,2021-02-28,Chest pain,2019-20,1203.0,27.37
79,5-11 January,2021-02-28,Abnormalities of breathing,2017-18,270.0,6.07
79,5-11 January,2021-02-28,Abnormalities of breathing,2018-19,337.0,7.41
79,5-11 January,2021-02-28,Abnormalities of breathing,2019-20,364.0,7.9
79,5-11 January,2021-02-28,COPD with acute exacerbation,2017-18,46.0,0.94
79,5-11 January,2021-02-28,COPD with acute exacerbation,2018-19,83.0,1.63
79,5-11 January,2021-02-28,COPD with acute exacerbation,2019-20,109.0,2.1
80,12-18 January,2021-03-07,Diseases of the respiratory system,2017-18,1357.0,32.86
80,12-18 January,2021-03-07,Diseases of the respiratory system,2018-19,1382.0,33.26
80,12-18 January,2021-03-07,Diseases of the respiratory system,2019-20,1571.0,36.57
80,12-18 January,2021-03-07,Asthma,2017-18,159.0,4.02
80,12-18 January,2021-03-07,Asthma,2018-19,156.0,3.88
80,12-18 January,2021-03-07,Asthma,2019-20,185.0,4.51
80,12-18 January,2021-03-07,Cardiovascular diseases,2017-18,681.0,13.66
80,12-18 January,2021-03-07,Cardiovascular diseases,2018-19,553.0,11.11
80,12-18 January,2021-03-07,Cardiovascular diseases,2019-20,594.0,11.49
80,12-18 January,2021-03-07,Acute myocardial infarction,2017-18,76.0,1.45
80,12-18 January,2021-03-07,Acute myocardial infarction,2018-19,66.0,1.29
80,12-18 January,2021-03-07,Acute myocardial infarction,2019-20,90.0,1.75
80,12-18 January,2021-03-07,Cerebrovascular diseases,2017-18(x),55.0,1.01
80,12-18 January,2021-03-07,Cerebrovascular diseases,2018-19,142.0,2.71
80,12-18 January,2021-03-07,Cerebrovascular diseases,2019-20,144.0,2.6
80,12-18 January,2021-03-07,Mental and behavioural disorders,2017-18,822.0,21.03
80,12-18 January,2021-03-07,Mental and behavioural disorders,2018-19,901.0,22.47
80,12-18 January,2021-03-07,Mental and behavioural disorders,2019-20,855.0,21.26
80,12-18 January,2021-03-07,Dehydration,2017-18,75.0,1.63
80,12-18 January,2021-03-07,Dehydration,2018-19,103.0,2.24
80,12-18 January,2021-03-07,Dehydration,2019-20,62.0,1.34
80,12-18 January,2021-03-07,Chest pain,2017-18,1077.0,25.45
80,12-18 January,2021-03-07,Chest pain,2018-19,1092.0,25.25
80,12-18 January,2021-03-07,Chest pain,2019-20,1166.0,26.48
80,12-18 January,2021-03-07,Abnormalities of breathing,2017-18,262.0,6.04
80,12-18 January,2021-03-07,Abnormalities of breathing,2018-19,307.0,6.7
80,12-18 January,2021-03-07,Abnormalities of breathing,2019-20,307.0,6.73
80,12-18 January,2021-03-07,COPD with acute exacerbation,2017-18,39.0,0.77
80,12-18 January,2021-03-07,COPD with acute exacerbation,2018-19,58.0,1.19
80,12-18 January,2021-03-07,COPD with acute exacerbation,2019-20,91.0,1.77
81,19-25 January,2021-03-14,Diseases of the respiratory system,2017-18,1364.0,33.16
81,19-25 January,2021-03-14,Diseases of the respiratory system,2018-19,1413.0,33.92
81,19-25 January,2021-03-14,Diseases of the respiratory system,2019-20,1707.0,40.25
81,19-25 January,2021-03-14,Asthma,2017-18,171.0,4.4
81,19-25 January,2021-03-14,Asthma,2018-19,169.0,4.2
81,19-25 January,2021-03-14,Asthma,2019-20,189.0,4.62
81,19-25 January,2021-03-14,Cardiovascular diseases,2017-18,662.0,13.3
81,19-25 January,2021-03-14,Cardiovascular diseases,2018-19,624.0,12.27
81,19-25 January,2021-03-14,Cardiovascular diseases,2019-20,647.0,12.67
81,19-25 January,2021-03-14,Acute myocardial infarction,2017-18,60.0,1.12
81,19-25 January,2021-03-14,Acute myocardial infarction,2018-19,89.0,1.73
81,19-25 January,2021-03-14,Acute myocardial infarction,2019-20,86.0,1.67
81,19-25 January,2021-03-14,Cerebrovascular diseases,2017-18(x),40.0,0.81
81,19-25 January,2021-03-14,Cerebrovascular diseases,2018-19,146.0,2.79
81,19-25 January,2021-03-14,Cerebrovascular diseases,2019-20,158.0,2.92
81,19-25 January,2021-03-14,Mental and behavioural disorders,2017-18,895.0,22.91
81,19-25 January,2021-03-14,Mental and behavioural disorders,2018-19,868.0,21.86
81,19-25 January,2021-03-14,Mental and behavioural disorders,2019-20,882.0,21.91
81,19-25 January,2021-03-14,Dehydration,2017-18,112.0,2.56
81,19-25 January,2021-03-14,Dehydration,2018-19,120.0,2.54
81,19-25 January,2021-03-14,Dehydration,2019-20,54.0,1.17
81,19-25 January,2021-03-14,Chest pain,2017-18,1030.0,24.2
81,19-25 January,2021-03-14,Chest pain,2018-19,1158.0,26.95
81,19-25 January,2021-03-14,Chest pain,2019-20,1225.0,27.74
81,19-25 January,2021-03-14,Abnormalities of breathing,2017-18,269.0,6.12
81,19-25 January,2021-03-14,Abnormalities of breathing,2018-19,317.0,7.18
81,19-25 January,2021-03-14,Abnormalities of breathing,2019-20,350.0,7.78
81,19-25 January,2021-03-14,COPD with acute exacerbation,2017-18,40.0,0.8
81,19-25 January,2021-03-14,COPD with acute exacerbation,2018-19,72.0,1.44
81,19-25 January,2021-03-14,COPD with acute exacerbation,2019-20,94.0,1.81
82,26 January-1 February,2021-03-21,Diseases of the respiratory system,2017-18,1407.0,34.77
82,26 January-1 February,2021-03-21,Diseases of the respiratory system,2018-19,1684.0,40.86
82,26 January-1 February,2021-03-21,Diseases of the respiratory system,2019-20,2088.0,50.68
82,26 January-1 February,2021-03-21,Asthma,2017-18,153.0,3.92
82,26 January-1 February,2021-03-21,Asthma,2018-19,185.0,4.57
82,26 January-1 February,2021-03-21,Asthma,2019-20,192.0,4.81
82,26 January-1 February,2021-03-21,Cardiovascular diseases,2017-18,618.0,12.38
82,26 January-1 February,2021-03-21,Cardiovascular diseases,2018-19,572.0,11.11
82,26 January-1 February,2021-03-21,Cardiovascular diseases,2019-20,567.0,11.12
82,26 January-1 February,2021-03-21,Acute myocardial infarction,2017-18,61.0,1.23
82,26 January-1 February,2021-03-21,Acute myocardial infarction,2018-19,77.0,1.43
82,26 January-1 February,2021-03-21,Acute myocardial infarction,2019-20,83.0,1.59
82,26 January-1 February,2021-03-21,Cerebrovascular diseases,2017-18(x),65.0,1.29
82,26 January-1 February,2021-03-21,Cerebrovascular diseases,2018-19,129.0,2.4
82,26 January-1 February,2021-03-21,Cerebrovascular diseases,2019-20,145.0,2.81
82,26 January-1 February,2021-03-21,Mental and behavioural disorders,2017-18,862.0,22.16
82,26 January-1 February,2021-03-21,Mental and behavioural disorders,2018-19,948.0,23.85
82,26 January-1 February,2021-03-21,Mental and behavioural disorders,2019-20,941.0,23.42
82,26 January-1 February,2021-03-21,Dehydration,2017-18,83.0,1.79
82,26 January-1 February,2021-03-21,Dehydration,2018-19,86.0,1.88
82,26 January-1 February,2021-03-21,Dehydration,2019-20,85.0,1.82
82,26 January-1 February,2021-03-21,Chest pain,2017-18,1001.0,23.32
82,26 January-1 February,2021-03-21,Chest pain,2018-19,1089.0,25.24
82,26 January-1 February,2021-03-21,Chest pain,2019-20,1207.0,28.03
82,26 January-1 February,2021-03-21,Abnormalities of breathing,2017-18,301.0,6.99
82,26 January-1 February,2021-03-21,Abnormalities of breathing,2018-19,346.0,7.77
82,26 January-1 February,2021-03-21,Abnormalities of breathing,2019-20,360.0,8.31
82,26 January-1 February,2021-03-21,COPD with acute exacerbation,2017-18,23.0,0.48
82,26 January-1 February,2021-03-21,COPD with acute exacerbation,2018-19,67.0,1.3
82,26 January-1 February,2021-03-21,COPD with acute exacerbation,2019-20,90.0,1.74
83,2-8 February,2021-03-28,Diseases of the respiratory system,2017-18,1464.0,36.09
83,2-8 February,2021-03-28,Diseases of the respiratory system,2018-19,1641.0,40.35
83,2-8 February,2021-03-28,Diseases of the respiratory system,2019-20,1788.0,43.65
83,2-8 February,2021-03-28,Asthma,2017-18,217.0,5.7
83,2-8 February,2021-03-28,Asthma,2018-19,212.0,5.49
83,2-8 February,2021-03-28,Asthma,2019-20,191.0,4.84
83,2-8 February,2021-03-28,Cardiovascular diseases,2017-18,632.0,12.52
83,2-8 February,2021-03-28,Cardiovascular diseases,2018-19,628.0,12.32
83,2-8 February,2021-03-28,Cardiovascular diseases,2019-20,567.0,11.28
83,2-8 February,2021-03-28,Acute myocardial infarction,2017-18,80.0,1.57
83,2-8 February,2021-03-28,Acute myocardial infarction,2018-19,71.0,1.43
83,2-8 February,2021-03-28,Acute myocardial infarction,2019-20,82.0,1.55
83,2-8 February,2021-03-28,Cerebrovascular diseases,2017-18(x),70.0,1.36
83,2-8 February,2021-03-28,Cerebrovascular diseases,2018-19,126.0,2.46
83,2-8 February,2021-03-28,Cerebrovascular diseases,2019-20,127.0,2.35
83,2-8 February,2021-03-28,Mental and behavioural disorders,2017-18,889.0,22.9
83,2-8 February,2021-03-28,Mental and behavioural disorders,2018-19,948.0,23.67
83,2-8 February,2021-03-28,Mental and behavioural disorders,2019-20,851.0,21.46
83,2-8 February,2021-03-28,Dehydration,2017-18,49.0,1.11
83,2-8 February,2021-03-28,Dehydration,2018-19,74.0,1.64
83,2-8 February,2021-03-28,Dehydration,2019-20,80.0,1.77
83,2-8 February,2021-03-28,Chest pain,2017-18,1036.0,24.48
83,2-8 February,2021-03-28,Chest pain,2018-19,1137.0,26.3
83,2-8 February,2021-03-28,Chest pain,2019-20,1160.0,26.48
83,2-8 February,2021-03-28,Abnormalities of breathing,2017-18,286.0,6.64
83,2-8 February,2021-03-28,Abnormalities of breathing,2018-19,378.0,8.7
83,2-8 February,2021-03-28,Abnormalities of breathing,2019-20,343.0,7.85
83,2-8 February,2021-03-28,COPD with acute exacerbation,2017-18,35.0,0.71
83,2-8 February,2021-03-28,COPD with acute exacerbation,2018-19,68.0,1.36
83,2-8 February,2021-03-28,COPD with acute exacerbation,2019-20,81.0,1.58
84,9-15 February,2021-04-04,Diseases of the respiratory system,2017-18,1592.0,40.05
84,9-15 February,2021-04-04,Diseases of the respiratory system,2018-19,1851.0,45.72
84,9-15 February,2021-04-04,Diseases of the respiratory system,2019-20,1754.0,42.53
84,9-15 February,2021-04-04,Asthma,2017-18,287.0,7.68
84,9-15 February,2021-04-04,Asthma,2018-19,310.0,8.14
84,9-15 February,2021-04-04,Asthma,2019-20,224.0,5.81
84,9-15 February,2021-04-04,Cardiovascular diseases,2017-18,698.0,14.16
84,9-15 February,2021-04-04,Cardiovascular diseases,2018-19,577.0,11.71
84,9-15 February,2021-04-04,Cardiovascular diseases,2019-20,623.0,11.92
84,9-15 February,2021-04-04,Acute myocardial infarction,2017-18,84.0,1.64
84,9-15 February,2021-04-04,Acute myocardial infarction,2018-19,83.0,1.61
84,9-15 February,2021-04-04,Acute myocardial infarction,2019-20,96.0,1.84
84,9-15 February,2021-04-04,Cerebrovascular diseases,2017-18(x),53.0,1.06
84,9-15 February,2021-04-04,Cerebrovascular diseases,2018-19,126.0,2.42
84,9-15 February,2021-04-04,Cerebrovascular diseases,2019-20,143.0,2.58
84,9-15 February,2021-04-04,Mental and behavioural disorders,2017-18,931.0,23.84
84,9-15 February,2021-04-04,Mental and behavioural disorders,2018-19,959.0,24.02
84,9-15 February,2021-04-04,Mental and behavioural disorders,2019-20,868.0,21.45
84,9-15 February,2021-04-04,Dehydration,2017-18,63.0,1.43
84,9-15 February,2021-04-04,Dehydration,2018-19,72.0,1.48
84,9-15 February,2021-04-04,Dehydration,2019-20,54.0,1.23
84,9-15 February,2021-04-04,Chest pain,2017-18,1057.0,25.16
84,9-15 February,2021-04-04,Chest pain,2018-19,1088.0,25.08
84,9-15 February,2021-04-04,Chest pain,2019-20,1240.0,28.23
84,9-15 February,2021-04-04,Abnormalities of breathing,2017-18,355.0,8.44
84,9-15 February,2021-04-04,Abnormalities of breathing,2018-19,397.0,9.43
84,9-15 February,2021-04-04,Abnormalities of breathing,2019-20,377.0,8.5
84,9-15 February,2021-04-04,COPD with acute exacerbation,2017-18,42.0,0.85
84,9-15 February,2021-04-04,COPD with acute exacerbation,2018-19,69.0,1.31
84,9-15 February,2021-04-04,COPD with acute exacerbation,2019-20,63.0,1.17
85,16-22 February,2021-04-11,Diseases of the respiratory system,2017-18,1621.0,40.09
85,16-22 February,2021-04-11,Diseases of the respiratory system,2018-19,1971.0,48.76
85,16-22 February,2021-04-11,Diseases of the respiratory system,2019-20,2010.0,49.72
85,16-22 February,2021-04-11,Asthma,2017-18,254.0,6.62
85,16-22 February,2021-04-11,Asthma,2018-19,312.0,8.11
85,16-22 February,2021-04-11,Asthma,2019-20,242.0,6.32
85,16-22 February,2021-04-11,Cardiovascular diseases,2017-18,649.0,13.19
85,16-22 February,2021-04-11,Cardiovascular diseases,2018-19,619.0,12.33
85,16-22 February,2021-04-11,Cardiovascular diseases,2019-20,612.0,11.91
85,16-22 February,2021-04-11,Acute myocardial infarction,2017-18,59.0,1.16
85,16-22 February,2021-04-11,Acute myocardial infarction,2018-19,79.0,1.55
85,16-22 February,2021-04-11,Acute myocardial infarction,2019-20,79.0,1.5
85,16-22 February,2021-04-11,Cerebrovascular diseases,2017-18(x),63.0,1.23
85,16-22 February,2021-04-11,Cerebrovascular diseases,2018-19,135.0,2.6
85,16-22 February,2021-04-11,Cerebrovascular diseases,2019-20,132.0,2.44
85,16-22 February,2021-04-11,Mental and behavioural disorders,2017-18,900.0,23.0
85,16-22 February,2021-04-11,Mental and behavioural disorders,2018-19,893.0,22.64
85,16-22 February,2021-04-11,Mental and behavioural disorders,2019-20,895.0,22.08
85,16-22 February,2021-04-11,Dehydration,2017-18,76.0,1.74
85,16-22 February,2021-04-11,Dehydration,2018-19,77.0,1.63
85,16-22 February,2021-04-11,Dehydration,2019-20,81.0,1.73
85,16-22 February,2021-04-11,Chest pain,2017-18,1150.0,27.16
85,16-22 February,2021-04-11,Chest pain,2018-19,1252.0,28.97
85,16-22 February,2021-04-11,Chest pain,2019-20,1213.0,27.69
85,16-22 February,2021-04-11,Abnormalities of breathing,2017-18,355.0,8.43
85,16-22 February,2021-04-11,Abnormalities of breathing,2018-19,381.0,8.89
85,16-22 February,2021-04-11,Abnormalities of breathing,2019-20,396.0,9.29
85,16-22 February,2021-04-11,COPD with acute exacerbation,2017-18,37.0,0.75
85,16-22 February,2021-04-11,COPD with acute exacerbation,2018-19,74.0,1.45
85,16-22 February,2021-04-11,COPD with acute exacerbation,2019-20,80.0,1.58
86,23 Feb-1 Mar/29 Feb,2021-04-18,Diseases of the respiratory system,2017-18,1582.0,39.35
86,23 Feb-1 Mar/29 Feb,2021-04-18,Diseases of the respiratory system,2018-19,1863.0,45.97
86,23 Feb-1 Mar/29 Feb,2021-04-18,Diseases of the respiratory system,2019-20,2084.0,51.0
86,23 Feb-1 Mar/29 Feb,2021-04-18,Asthma,2017-18,237.0,6.2
86,23 Feb-1 Mar/29 Feb,2021-04-18,Asthma,2018-19,293.0,7.68
86,23 Feb-1 Mar/29 Feb,2021-04-18,Asthma,2019-20,234.0,6.02
86,23 Feb-1 Mar/29 Feb,2021-04-18,Cardiovascular diseases,2017-18,732.0,14.8
86,23 Feb-1 Mar/29 Feb,2021-04-18,Cardiovascular diseases,2018-19,646.0,12.92
86,23 Feb-1 Mar/29 Feb,2021-04-18,Cardiovascular diseases,2019-20,605.0,11.91
86,23 Feb-1 Mar/29 Feb,2021-04-18,Acute myocardial infarction,2017-18,84.0,1.68
86,23 Feb-1 Mar/29 Feb,2021-04-18,Acute myocardial infarction,2018-19,66.0,1.31
86,23 Feb-1 Mar/29 Feb,2021-04-18,Acute myocardial infarction,2019-20,75.0,1.4
86,23 Feb-1 Mar/29 Feb,2021-04-18,Cerebrovascular diseases,2017-18(x),60.0,1.22
86,23 Feb-1 Mar/29 Feb,2021-04-18,Cerebrovascular diseases,2018-19,125.0,2.33
86,23 Feb-1 Mar/29 Feb,2021-04-18,Cerebrovascular diseases,2019-20,113.0,2.07
86,23 Feb-1 Mar/29 Feb,2021-04-18,Mental and behavioural disorders,2017-18,902.0,23.49
86,23 Feb-1 Mar/29 Feb,2021-04-18,Mental and behavioural disorders,2018-19,984.0,24.95
86,23 Feb-1 Mar/29 Feb,2021-04-18,Mental and behavioural disorders,2019-20,907.0,22.79
86,23 Feb-1 Mar/29 Feb,2021-04-18,Dehydration,2017-18,54.0,1.27
86,23 Feb-1 Mar/29 Feb,2021-04-18,Dehydration,2018-19,62.0,1.34
86,23 Feb-1 Mar/29 Feb,2021-04-18,Dehydration,2019-20,49.0,1.08
86,23 Feb-1 Mar/29 Feb,2021-04-18,Chest pain,2017-18,1114.0,26.28
86,23 Feb-1 Mar/29 Feb,2021-04-18,Chest pain,2018-19,1346.0,31.37
86,23 Feb-1 Mar/29 Feb,2021-04-18,Chest pain,2019-20,1112.0,25.34
86,23 Feb-1 Mar/29 Feb,2021-04-18,Abnormalities of breathing,2017-18,343.0,8.04
86,23 Feb-1 Mar/29 Feb,2021-04-18,Abnormalities of breathing,2018-19,382.0,9.17
86,23 Feb-1 Mar/29 Feb,2021-04-18,Abnormalities of breathing,2019-20,371.0,8.74
86,23 Feb-1 Mar/29 Feb,2021-04-18,COPD with acute exacerbation,2017-18,38.0,0.76
86,23 Feb-1 Mar/29 Feb,2021-04-18,COPD with acute exacerbation,2018-19,64.0,1.29
86,23 Feb-1 Mar/29 Feb,2021-04-18,COPD with acute exacerbation,2019-20,80.0,1.43
